{
  "baseline": {
    "mean_ic": -0.00311846050361187,
    "ic_ir": -0.031976498711560095,
    "n_months": 83
  },
  "+mom_vol_scaled": {
    "mean_ic": 0.001535113648750569,
    "ic_ir": 0.015542078073767571,
    "n_months": 83
  },
  "+resid_mom": {
    "mean_ic": 0.0013508619254750086,
    "ic_ir": 0.014732383531373693,
    "n_months": 72
  },
  "+cluster_rel": {
    "mean_ic": -0.004439950292788065,
    "ic_ir": -0.05010064306069438,
    "n_months": 83
  },
  "+all": {
    "mean_ic": -0.004222355840293821,
    "ic_ir": -0.04734219697960145,
    "n_months": 72
  }
}