tree
version=v4
num_class=1
num_tree_per_iteration=1
label_index=0
max_feature_idx=14
objective=regression
feature_names=return_1m return_3m return_6m return_12m gk_vol rsi atr_norm bb_width macd_hist beta_mkt beta_smb beta_hml beta_rmw beta_cma mom_vol_scaled
feature_infos=[-0.35114501358446704:0.8775622219761785] [-0.47586115476962521:2.0089763451529201] [-0.60000001971419736:2.5595929307783547] [-0.74078175299330717:9.3040887892940951] [0.023058751526549924:1.1316799918662825] [12.404636123818122:91.241238766033888] [0.002521720045196389:0.1362759684892407] [0.0034574005924867287:0.95867447668704697] [-50.970636369462483:30.659754722103969] [-0.77244547968062571:4.8281906668808716] [-2.9902848418840691:3.7139866867697169] [-4.1207495210601515:4.4920083542476386] [-6.8988084681415289:4.1680528979531406] [-4.6814903915389703:5.5632408783735618] [-2.75049990006571:28.928009505258995]
tree_sizes=2732 2895 2897 2894 2895 2885 2901 2921 2921 2912 2882 2893 2885 2911 2881 2885 2917 2896 2919 2909 2919 2888 2879 2891 2907 2898 2896 2879 2897 2890 2893 2883 2901 2912 2900 2926 2910 2900 2934 2883 2917 2915 2889 2893 2871 2902 2889 2916 2864 2908 2898 2876 2879 2910 2889 2892 2887 2889 2931 2885 2891 2923 2889 2885 2896 2916 2858 2879 2894 2896 2912 2882 2881 2918 2919 2887 2900 2898 2889 2891 2894 2902 2895 2889 2887 2896 2889 2887 2909 2871 2887 2903 2911 2889 2885 2901 2904 2920 2881 2930 2902 2895 2890 2923 2884 2885 2933 2863 2886 2883 2918 2906 2888 2891 2878 2893 2898 2880 2885 2898 2869 2916 2913 2892 2880 2878 2892 2899 2910 2901 2891 2880 2916 2887 2899 2877 2907 2881 2921 2879 2884 2905 2868 2910 2892 2932 2900 2885 2882 2890 2918 2890 2906 2912 2893 2888 2888 2888 2898 2888 2888 2914 2906 2902 2899 2884 2909 2899 2901 2886 2900 2923 2929 2871 2866 2898 2908 2931 2881 2901 2899 2880 2878 2876 2899 2908 2898 2887 2893 2886 2902 2907 2897 2887 2912 2894 2890 2877 2869 2890

Tree=0
num_leaves=31
num_cat=0
split_feature=10 3 8 9 9 8 12 4 12 8 4 3 1 7 5 1 10 7 12 12 8 8 6 2 1 3 5 10 5 1
split_gain=1.18697 1.17521 1.06531 1.10197 0.970802 0.9381 0.895358 0.899407 0.984007 0.83025 1.19754 0.819576 1.16973 0.775444 0.716225 1.32105 0.694924 1.21893 0.97663 1.08219 0.827848 0.791026 0.755156 0.967909 0.961302 1.03857 0.786142 0.746293 0.631166 0.920975
threshold=1.214989245906599 0.59375621918934007 0.13997869938821905 2.2130170572706911 0.3034295586116183 -0.71870249988817092 -0.739687262488955 0.27382908102072767 0.0068339276873308936 0.43166966248378641 0.54493978681134081 -0.065810904575214366 -0.082480331770544577 0.21429326968094653 76.955245729652404 0.4108951729240306 -0.64415151935925263 0.21215222918559895 -1.9891225161687138 -0.52592383182920699 -1.1204357987190883 -2.2578072968949141 0.037365017916138825 0.17280942764528753 -0.12691696891197138 0.36255135004622835 45.929653934491 -0.42443430560409562 40.033924529143192 -0.099575317996495091
decision_type=2 2 2 2 2 2 2 2 2 2 2 2 2 2 2 2 2 2 2 2 2 2 2 2 2 2 2 2 2 2
left_child=1 4 5 14 11 -3 -2 -8 -9 16 -11 13 -13 -1 15 -4 17 18 -6 -20 -19 -21 24 26 -18 -26 -24 -27 -10 -30
right_child=6 2 3 -5 9 -7 7 8 28 10 -12 12 -14 -15 -16 -17 22 20 19 21 -22 -23 23 -25 25 27 -28 -29 29 -31
leaf_value=0.49446082159873939 0.49280799267502823 0.50440541384155324 0.50277951450882508 0.51370965469844132 0.5092476724352456 0.50955234027705543 0.4964222738436993 0.50919963954780723 0.49306739336010574 0.50428199772319016 0.51367436895361729 0.51064707605571258 0.5005146697378754 0.50472311984673934 0.51013978633121604 0.49168974939621224 0.5067102745438713 0.50044053958550583 0.49677012918002461 0.49334917880971152 0.51240092188637199 0.50266892974845589 0.50390193907215297 0.49080477551172969 0.50276152424364884 0.51008007523444343 0.49558861193585352 0.50451318990588168 0.51190177398737691 0.49943118836301631
leaf_weight=79 37 157 167 22 30 203 67 49 22 1118 35 35 153 24 24 32 221 23 169 25 39 255 105 24 1801 77 39 276 20 57
leaf_count=79 37 157 167 22 30 203 67 49 22 1118 35 35 153 24 24 32 221 23 169 25 39 255 105 24 1801 77 39 276 20 57
internal_value=0.503343 0.503507 0.505577 0.503034 0.503231 0.507308 0.499992 0.501229 0.503405 0.503422 0.504567 0.500437 0.502401 0.496852 0.50198 0.500996 0.502994 0.501367 0.500513 0.49993 0.507964 0.501837 0.503341 0.500101 0.50357 0.503248 0.50165 0.505727 0.500536 0.50267
internal_weight=5385 5133 605 245 4528 360 252 215 148 4237 1153 291 188 103 223 199 3084 541 479 449 62 280 2543 168 2375 2154 144 353 99 77
internal_count=5385 5133 605 245 4528 360 252 215 148 4237 1153 291 188 103 223 199 3084 541 479 449 62 280 2543 168 2375 2154 144 353 99 77
is_linear=0
shrinkage=1


Tree=1
num_leaves=31
num_cat=0
split_feature=14 0 5 4 10 3 3 12 4 14 10 2 11 4 14 5 3 5 0 3 3 12 13 4 6 12 12 13 5 12
split_gain=1.38908 1.04867 0.911064 0.821281 1.02451 0.820542 0.817672 0.804408 0.960391 0.781123 1.13535 0.974866 0.976993 0.837878 0.708021 0.704627 0.69369 1.22285 0.863522 1.17367 1.16578 0.687985 0.657839 0.627811 1.3744 1.01398 0.604512 0.561808 0.558628 0.551844
threshold=2.5221765347173073 0.010150675402483602 58.677763239228398 0.51488693966316568 1.214989245906599 0.75170169531297326 0.010066234399431663 -0.42019114897686111 0.46726782205286016 -0.74703245455578704 0.40932571662090206 -0.038423951475360422 -0.28844104004216309 0.19408735700848942 -0.38929468681618279 76.955245729652404 0.64564084584562398 61.000660054347868 0.22080941204569707 -0.35513144729238316 0.40391786633811716 0.15757830309805601 -0.27310552700658924 0.64212017830514778 0.045920313763686042 -1.6096913661577645 -0.59194236254650157 0.14653213068754681 34.210696587703154 -0.76748696555700935
decision_type=2 2 2 2 2 2 2 2 2 2 2 2 2 2 2 2 2 2 2 2 2 2 2 2 2 2 2 2 2 2
left_child=1 2 3 4 5 7 14 8 9 10 -1 28 -13 -14 -6 23 18 -18 19 -3 27 -4 -5 24 25 -2 -15 -20 -11 -30
right_child=15 16 21 22 6 -7 -8 -9 -10 11 -12 12 13 26 -16 -17 17 -19 20 -21 -22 -23 -24 -25 -26 -27 -28 -29 29 -31
leaf_value=-0.011095081783574203 -0.008580473515515526 -0.0081024324413962092 -0.0023399630617914782 0.0093246656975575857 -0.0055098120209381533 0.0088431600819934494 -0.010925124434288593 -0.0002975680331986918 0.0069510998705831859 0.0084664439377577418 0.0024731853976845742 -0.0084972199183912626 -0.0078156420925202287 -0.0022745445629451118 0.0049657567282733713 0.0085946220150799491 0.0020736952287782181 -0.010696395320465436 0.0074865127574991102 0.00065453083101655706 0.016395492181181911 -0.013215281033458618 -0.00017624611102387701 -0.0063591585859008454 0.011975126132143266 0.0019265287156083504 0.0038914626675113197 -0.003813207060342062 0.002472823349018701 -0.0045820535312211799
leaf_weight=58 24 39 33 35 54 22 44 1665 26 23 21 78 52 159 23 40 38 37 22 2025 20 26 38 23 33 531 53 22 78 43
leaf_count=58 24 39 33 35 54 22 44 1665 26 23 21 78 52 159 23 40 38 37 22 2025 20 26 38 23 33 531 53 22 78 43
internal_value=3.04055e-11 -0.000297794 -0.000992076 -0.000845521 -0.0010045 -0.000766362 -0.00548779 -0.000860072 -0.00244479 -0.00287717 -0.00748833 -0.00212762 -0.00358071 -0.0021281 -0.00238075 0.00216553 0.000499858 -0.00422622 0.000666425 0.000489065 0.00638629 -0.00713248 0.00437899 0.00174464 0.00206162 0.00147217 -0.000733043 0.00183665 0.00132347 -3.42817e-05
internal_weight=5385 4734 2531 2472 2399 2278 121 2256 591 565 79 486 342 264 77 651 2203 75 2128 2064 64 59 73 611 588 555 212 44 144 121
internal_count=5385 4734 2531 2472 2399 2278 121 2256 591 565 79 486 342 264 77 651 2203 75 2128 2064 64 59 73 611 588 555 212 44 144 121
is_linear=0
shrinkage=0.05


Tree=2
num_leaves=31
num_cat=0
split_feature=0 1 8 4 9 6 0 0 8 11 12 9 12 10 9 4 1 8 7 2 12 2 7 1 11 12 8 6 10 1
split_gain=1.2218 1.01782 1.28259 1.02356 0.974338 1.04241 0.902488 0.884437 0.870848 0.807664 0.78661 0.74292 0.715836 0.683294 1.05651 0.623976 1.09461 0.612921 0.59532 0.564209 0.552648 0.559146 0.537972 0.664512 0.683305 0.679545 0.583233 0.678656 0.53138 0.518389
threshold=0.010150675402483602 -0.11111670929548688 -2.8198245194539546 0.50271451250436849 1.52352375404656 0.045065195691262189 0.22080941204569707 0.16947747684569284 0.50333874428896308 -0.8191459595281817 -0.51463717773523332 0.23851092358722778 -0.70595836094882336 1.214989245906599 1.1654952478352982 0.43843255020933508 -0.25656368302158633 0.48716776444838922 0.1429201412277121 -0.20135286892962714 -0.20005964354841066 0.062972374064982031 0.091375758556354006 0.34506675588896935 -0.37141292850611057 -0.12107973975476044 0.011232163120378997 0.023234580306473396 0.33403459052652207 0.10731469896107272
decision_type=2 2 2 2 2 2 2 2 2 2 2 2 2 2 2 2 2 2 2 2 2 2 2 2 2 2 2 2 2 2
left_child=1 3 -3 9 5 22 -6 -7 -5 15 12 -4 -11 19 -15 16 -1 20 -14 -13 -12 -22 26 -24 -25 -26 27 29 -18 -2
right_child=4 2 11 8 6 7 -8 -9 -10 10 17 13 18 14 -16 -17 28 -19 -20 -21 21 -23 23 24 25 -27 -28 -29 -30 -31
leaf_value=-0.013343804422765971 -0.0023472432285099347 -0.0060384106567110381 -0.0054893696517415947 -0.00019745255510012307 0.0020040728235134584 -0.00092203096260852892 0.0086676549953247969 -0.013389846585690977 0.012989743976222892 0.00041763363792971875 0.0098886165137012164 0.0040067638601892844 -0.013505905334438599 0.0034712116990704093 -0.009760769252776906 0.0047109243180602795 0.0028422955343985986 -0.00084338780887062773 -0.0014524188195355237 -0.00074138867452010117 0.0020574459257789255 0.010410878502509812 0.0014095042493851967 0.0017059929073891707 -0.0013215167691842432 -0.014041443654735173 -0.0016860491507651324 0.0058430419800182187 -0.0058165810555471367 0.0017636940135256577
leaf_weight=28 132 134 87 21 410 33 58 25 31 85 31 65 21 22 48 20 34 108 20 1670 224 22 1237 36 21 21 461 60 37 183
leaf_count=28 132 134 87 21 410 33 58 25 31 85 31 65 21 22 48 20 34 108 20 1670 224 22 1237 36 21 21 461 60 37 183
internal_value=-2.84338e-11 -0.00074882 -0.00131123 0.000921916 0.000757492 0.00031843 0.0028299 -0.00629609 0.00766415 0.000365415 0.00122934 -0.00097643 -0.00219979 -0.000758908 -0.00560215 -0.0033444 -0.00497174 0.00235161 -0.00762616 -0.000563504 0.00359731 0.0028045 0.000496785 0.00112726 -0.0033488 -0.00768148 -0.000494936 0.00096934 -0.00167008 4.10156e-05
internal_weight=5385 2708 2026 682 2677 2209 468 58 52 630 511 1892 126 1805 70 119 99 385 41 1735 277 246 2151 1315 78 42 836 375 71 315
internal_count=5385 2708 2026 682 2677 2209 468 58 52 630 511 1892 126 1805 70 119 99 385 41 1735 277 246 2151 1315 78 42 836 375 71 315
is_linear=0
shrinkage=0.05


Tree=3
num_leaves=31
num_cat=0
split_feature=14 8 1 6 14 14 12 7 4 10 1 4 8 6 7 12 2 5 8 4 6 11 8 3 11 14 12 2 8 2
split_gain=1.21976 1.23291 1.0401 1.30025 0.942569 0.906642 1.33196 0.998609 0.866866 0.818213 0.98874 1.28021 0.747269 0.724592 1.0664 0.643495 0.689091 0.621454 0.966562 0.620426 0.568236 0.685498 0.800577 0.565939 0.558949 0.553444 0.666279 0.732746 0.81955 0.541632
threshold=2.5221765347173073 -1.0005560052434646 0.3856622777669661 0.056003656228331554 0.91394763065762297 -0.7136389802516262 -0.56691642837595047 0.091375758556354006 0.30898700136664242 0.46126885647269378 -0.19008794069265836 0.3999995680523955 0.47214118548460454 0.024971476056830071 0.10258077645061738 -0.83444251793594781 -0.29683233937269288 76.955245729652404 3.1142461447036172 0.20280143067519157 0.017145768555438177 1.4321755622327801 0.15906974338321136 0.51878715321827895 1.1383049989324212 2.0933630483520407 0.5468363758914323 -0.0046789621907031833 -2.159721491704246 -0.0085898065679301788
decision_type=2 2 2 2 2 2 2 2 2 2 2 2 2 2 2 2 2 2 2 2 2 2 2 2 2 2 2 2 2 2
left_child=1 9 3 5 -4 6 15 8 -7 10 -1 25 -5 -8 -15 16 -3 18 20 -11 -2 22 -22 -6 -16 26 27 28 -12 -28
right_child=17 2 4 12 23 7 13 -9 -10 19 11 -13 -14 14 24 -17 -18 -19 -20 -21 21 -23 -24 -25 -26 -27 29 -29 -30 -31
leaf_value=0.0066925964413611736 -0.00073425334583069864 0.0022181112474451464 -0.014505020412616433 0.0030440406422271877 0.004172363141108127 -0.00045985390556119003 -0.0031020993440473701 0.0010699139662853022 -0.0082132795825600631 0.001086864381595033 -0.0047354233861452407 -0.010470112666953356 0.014940604419362817 0.0076088413048316459 -0.0023293505062460746 -0.01361111472277636 -0.0082729846735795348 0.0080670045991428196 -0.0079941622316837321 -0.0070558420859646699 0.0050938793515659334 -0.0036002011869002031 0.0004235882375710946 -0.0065297516234568325 0.0048451532676283809 0.0043225000035904708 -0.0022733669562806048 -0.0040878244051541458 0.0038601361478989324 0.006484847606682196
leaf_weight=36 140 24 22 33 21 1404 166 1987 37 29 44 40 22 51 121 28 45 40 25 121 270 37 139 30 35 42 31 249 75 41
leaf_count=36 140 24 22 33 21 1404 166 1987 37 29 44 40 22 51 121 28 45 40 25 121 270 37 139 30 35 42 31 249 75 41
internal_value=-3.10409e-11 -0.000279056 5.93211e-05 0.000168533 -0.00585457 6.08167e-05 -0.00199857 0.000343172 -0.000658936 -0.00220321 -0.00132193 -0.00187466 0.00780267 -0.000641203 0.00133227 -0.00721815 -0.00462391 0.00202926 0.00163399 -0.00548159 0.00204475 0.00291708 0.00350667 -0.002123 -0.000719686 -0.00116134 -0.0016848 -0.00254543 0.000681946 0.00271395
internal_weight=5385 4734 4026 3953 73 3898 470 3428 1441 708 558 522 55 373 207 97 69 651 611 150 586 446 409 51 156 482 440 368 119 72
internal_count=5385 4734 4026 3953 73 3898 470 3428 1441 708 558 522 55 373 207 97 69 651 611 150 586 446 409 51 156 482 440 368 119 72
is_linear=0
shrinkage=0.05


Tree=4
num_leaves=31
num_cat=0
split_feature=14 8 6 10 14 12 9 8 12 6 9 6 12 0 0 5 5 8 4 12 6 9 9 8 12 13 12 12 13 13
split_gain=1.10083 1.1127 0.839152 0.738437 0.730552 1.3502 0.979941 0.714383 0.782973 0.652755 0.657484 0.649503 0.598909 1.47827 0.590731 0.649339 0.560862 0.872322 0.559934 0.559763 0.515445 0.657133 0.606048 0.509327 0.71548 0.621129 0.5036 0.665977 1.14084 0.944665
threshold=2.5221765347173073 -1.0005560052434646 0.048602087358685681 0.46126885647269378 -0.76288607341872916 -0.54868210437128861 0.28225873030481985 0.59679121276919667 -0.8617923095889527 0.018582545875433374 0.57762139514080935 0.053485465542501831 -0.30347435453852528 0.010823182278759893 0.23798266055230924 74.449033120210785 76.955245729652404 3.1142461447036172 0.20280143067519157 -0.57575087934988589 0.01841433444687705 0.60502875657969213 0.91124921973678419 -3.1845524978997397 0.30150422858192466 0.92707115159465137 0.41958313390131746 -0.59194236254650157 0.78669956989513812 -1.2127136935707381
decision_type=2 2 2 2 2 2 2 2 2 2 2 2 2 2 2 2 2 2 2 2 2 2 2 2 2 2 2 2 2 2
left_child=1 3 4 12 5 -3 -7 8 -4 -8 -11 -10 13 19 -6 -16 17 20 -5 -1 21 -2 -23 24 -14 -25 27 28 29 -22
right_child=16 2 7 18 14 6 9 -9 11 10 -12 -13 23 -15 15 -17 -18 -19 -20 -21 26 22 -24 25 -26 -27 -28 -29 -30 -31
leaf_value=-0.0036020951173676777 -0.0057650372125430125 -0.0081995482097153329 0.0067334427756981716 0.0010325212023574216 7.8319710614107048e-05 -0.0079383719231217835 -0.0073816024065017699 0.008847828051269364 0.0037637670151889329 0.0065715533029288052 -8.0048448450977054e-05 -0.0081243351964211032 -0.0076045938689882561 0.0055053571692189659 0.010578578655674522 -0.001217355625703931 0.0076636544591747223 -0.0075944541189819584 -0.0067030499336186589 -0.010036218841085021 -0.0064385153042773417 0.0063853459743161995 -0.00082734428156216284 -5.6417631429297567e-05 0.0033978312937754463 0.0067154418899474716 -0.0012229252749332978 0.0053378313595905356 -0.0092928763964901795 0.0054468065488901809
leaf_weight=109 42 74 36 29 3449 41 25 48 20 45 213 27 45 37 28 20 40 25 121 49 21 42 95 257 22 39 62 219 23 82
leaf_count=109 42 74 36 29 3449 41 25 48 20 45 213 27 45 37 28 20 40 25 121 49 21 42 95 257 22 39 62 219 23 82
internal_value=1.12366e-11 -0.000265103 5.63551e-05 -0.00209305 -7.60289e-05 -0.0021058 -0.000714024 0.0039925 0.00118461 0.000332613 0.00108011 -0.00306557 -0.00125584 -0.00349079 0.000154984 0.00566361 0.0019278 0.00155229 -0.00520751 -0.00559749 0.00194251 -0.000293546 0.00138385 -5.52384e-05 -0.00399186 0.000835821 0.00292594 0.00367153 0.000775343 0.00302359
internal_weight=5385 4734 4026 708 3895 398 324 131 83 283 258 47 558 195 3497 48 651 611 150 158 586 179 137 363 67 296 407 345 126 103
internal_count=5385 4734 4026 708 3895 398 324 131 83 283 258 47 558 195 3497 48 651 611 150 158 586 179 137 363 67 296 407 345 126 103
is_linear=0
shrinkage=0.05


Tree=5
num_leaves=31
num_cat=0
split_feature=14 0 1 14 4 13 0 1 2 0 6 13 9 11 12 12 9 1 7 3 0 1 2 9 9 0 11 1 14 6
split_gain=1.01202 0.85565 1.23395 1.71989 0.967817 0.745476 0.724631 0.917563 0.679702 0.60293 0.595325 0.573732 0.557846 0.908509 0.959918 0.811644 0.812876 0.648527 0.775897 0.628655 0.616264 0.596393 0.528352 0.862809 0.670567 0.627096 0.574074 0.523509 0.510188 0.622541
threshold=2.0933630483520407 0.010150675402483602 -0.11111670929548688 -0.67896380389071387 0.43843255020933508 -0.1318296409166351 -0.03043027167140205 0.082705349045091983 0.17652814064467373 -0.12563099249774176 0.01699427006468671 -1.1361806647328512 1.52352375404656 -1.2596548089556203 0.52683076389208716 -0.021422217312244907 1.7344209880651988 0.25543794042560103 0.21670028712214087 -0.35513144729238316 0.082184552152483895 0.3856622777669661 -0.20135286892962714 1.9840219321160844 0.84847882575803679 -0.1498329673636519 0.49697553750225854 -0.030383651263168884 -1.018953607174653 0.036226745159972436
decision_type=2 2 2 2 2 2 2 2 2 2 2 2 2 2 2 2 2 2 2 2 2 2 2 2 2 2 2 2 2 2
left_child=1 2 3 5 -5 28 7 -2 22 -6 -10 -12 19 -14 15 17 -17 18 27 -3 -16 -21 24 25 -4 -24 -26 -15 -1 -30
right_child=6 12 8 4 9 -7 -8 -9 10 -11 11 -13 13 14 20 16 -18 -19 -20 21 -22 -23 23 -25 26 -27 -28 -29 29 -31
leaf_value=0.0050073198665496572 0.0015995077258329606 -0.0060947857805876996 0.0089505526436758891 0.0016665839105972078 0.0026840424886153593 -0.004665514987592408 0.00092842377840712798 0.010254851221106948 0.0044062427511172633 0.011877086819593041 0.0016192904000894891 -0.0051094221561277554 -0.0054852230183314536 -0.0024101350628943359 0.0033695224592269497 0.0010240157026537629 -0.010977286690225204 -0.0022480915955384261 0.012657492686994374 0.00039650745859161281 0.013225743177213839 -0.0057833746098913258 -0.0094348945938374697 -0.0102813723600573 0.0031187434522144033 -0.0011053834052810883 -0.0070901644371804745 0.0064729719043731 0.0033997071161866194 -0.0090756834112107748
leaf_weight=43 79 40 28 365 31 152 837 50 21 42 36 264 32 27 29 43 21 32 30 1627 35 40 23 27 40 1287 21 43 20 20
leaf_count=43 79 40 28 365 31 152 837 50 21 42 36 264 32 27 29 43 21 32 30 1627 35 40 23 27 40 1287 21 43 20 20
internal_value=1.85563e-11 -0.000320478 -0.000952824 0.000866245 0.00271769 -0.00258452 0.00146604 0.00495429 -0.00165359 0.00797319 -0.00373228 -0.00430198 0.000445043 0.00246455 0.00344299 0.00170694 -0.00291391 0.00394735 0.00592989 9.95848e-05 0.00875964 0.00024822 -0.00118566 -0.00143398 0.00254463 -0.00125163 -0.000395799 0.00304663 0.00122645 -0.00283799
internal_weight=5385 4419 2420 673 438 235 966 129 1747 73 321 300 1999 292 260 196 64 132 100 1707 64 1667 1426 1337 89 1310 61 70 83 40
internal_count=5385 4419 2420 673 438 235 966 129 1747 73 321 300 1999 292 260 196 64 132 100 1707 64 1667 1426 1337 89 1310 61 70 83 40
is_linear=0
shrinkage=0.05


Tree=6
num_leaves=31
num_cat=0
split_feature=14 8 4 1 12 9 4 6 5 13 7 2 12 3 6 13 14 1 1 1 6 12 2 13 5 8 9 1 6 6
split_gain=0.91658 0.998443 0.71303 1.49521 0.669582 1.35627 0.863664 0.83821 0.778382 0.798159 0.679038 1.05834 0.90717 1.03517 0.841054 0.713056 0.656248 0.623149 0.615531 0.936771 0.597119 0.586404 0.545287 0.522542 0.511003 0.78252 0.509915 0.539297 0.502973 0.49833
threshold=2.5221765347173073 -3.8611361048732533 0.53149149010047225 0.074574455237395157 -0.44986938593859127 0.55359833067334197 0.37622141420428329 0.029979543245579259 43.804911406677391 -1.0294637376357454 0.13714311054535575 -0.15665702966049602 -0.74945127865564565 0.013292953009796828 0.028703259091636079 1.7220545650601227 -1.1580290687747563 -0.14006761405902038 -0.15658195991045701 -0.25656368302158633 0.047464703268222337 1.0000000180025095e-35 -0.05953188142613413 -0.37546331343285005 76.955245729652404 3.1142461447036172 0.38772259905779566 0.011718104634438455 0.041031929167025923 0.034027697576529722
decision_type=2 2 2 2 2 2 2 2 2 2 2 2 2 2 2 2 2 2 2 2 2 2 2 2 2 2 2 2 2 2
left_child=1 20 4 21 5 17 7 16 9 -7 15 -12 13 -13 -15 -10 -6 -3 19 -8 22 -4 -1 -20 25 -2 27 -19 -25 -16
right_child=24 2 3 -5 6 8 18 -9 10 -11 11 12 -14 14 29 -17 -18 26 23 -21 -22 -23 -24 28 -26 -27 -28 -29 -30 -31
leaf_value=0.0029137888009874869 0.0017702427133033769 0.00053056352611245781 0.010969382918816299 -0.0069831399975911444 -0.0038134282670407036 0.0035149429538627952 -0.0049592814831571144 0.0024552297402008526 -0.00054553531388224581 -0.0040601334890185995 0.010437557150555008 -0.009504917618488113 0.0049601476225019482 0.0060535556226766311 -0.0088641077153046016 -0.010003168109272209 0.00017941476378127239 -0.006158010411309079 -0.0071505109110148631 0.0094724253143953253 -0.012547523983188771 0.0016111399167969536 -0.0057128483759081592 -0.0056565406335953704 0.0072340505215106529 -0.0072624947298318143 -0.0036810623326649274 -0.015489353742450477 0.0012764491630181418 0.00011289693916646333
leaf_weight=26 586 29 47 23 107 41 22 407 391 229 34 31 91 46 22 21 2690 32 80 23 21 26 62 47 40 25 45 30 59 52
leaf_count=26 586 29 47 23 107 41 22 407 391 229 34 31 91 46 22 21 2690 32 80 23 21 26 62 47 40 25 45 30 59 52
internal_value=2.16671e-12 -0.000241902 -0.000130427 0.00413373 -0.000220813 -0.00129809 0.000122283 0.000335165 -0.000634767 -0.00290984 0.000258068 0.00217725 0.00101671 -0.00135979 0.000744365 -0.0010276 2.66675e-05 -0.00597058 -0.00283042 0.00241692 -0.00497189 0.00763631 -0.00316407 -0.00409993 0.00175908 0.00140065 -0.00773257 -0.0106732 -0.00179761 -0.00255594
internal_weight=5385 4734 4625 96 4529 1094 3435 3204 958 270 688 276 242 151 120 412 2797 136 231 45 109 73 88 186 651 611 107 62 106 74
internal_count=5385 4734 4625 96 4529 1094 3435 3204 958 270 688 276 242 151 120 412 2797 136 231 45 109 73 88 186 651 611 107 62 106 74
is_linear=0
shrinkage=0.05


Tree=7
num_leaves=31
num_cat=0
split_feature=0 1 14 8 14 4 13 0 8 14 10 14 14 6 8 12 6 10 1 7 0 2 1 12 2 10 11 7 1 4
split_gain=0.868094 0.785146 1.53089 0.983664 1.34767 0.699164 0.652129 0.618593 0.58044 0.553689 1.40686 0.666239 0.548618 0.699269 0.586274 0.571249 1.31049 0.569106 1.28343 0.591896 0.617179 0.692475 0.869248 0.584177 0.54913 0.542838 0.50943 0.507784 0.700031 0.501604
threshold=0.010150675402483602 -0.11111670929548688 -0.67896380389071387 -2.8198245194539546 2.2966518350663283 0.43843255020933508 -0.1318296409166351 -0.12563099249774176 -0.20136936434656388 0.16030020717009211 1.0771387157621246 -0.45393541983302682 -0.26655705064185947 0.024724068416818751 0.091679362825837454 -0.739687262488955 0.036779831585268173 1.0064276370909988 0.099368676405649739 0.091375758556354006 0.030882542968906693 0.30477238753734742 0.12195606476218269 0.14567212974677976 -0.03265222208165313 -0.044089233139285526 1.5269215890232772 0.083684347003672374 0.20235201058566324 0.19168943884979431
decision_type=2 2 2 2 2 2 2 2 2 2 2 2 2 2 2 2 2 2 2 2 2 2 2 2 2 2 2 2 2 2
left_child=1 2 6 4 -3 -4 -1 -7 -8 11 -11 -5 13 14 -2 16 -15 19 -19 23 21 22 -21 27 -25 -16 -13 28 -14 -30
right_child=12 3 5 9 -6 7 8 -9 -10 10 -12 26 17 15 25 -17 -18 18 -20 20 -22 -23 -24 24 -26 -27 -28 -29 29 -31
leaf_value=0.0011334502349287857 -0.0074491943041320452 -0.0078420974959988368 0.0016730600292217013 -0.00021719110638065877 0.0044912677183414681 0.0017561599641339855 -0.0084227553057384542 0.010983756428495759 -0.0020174365321508959 9.959196054795971e-05 -0.0095508600179201528 -0.0028415479826175479 -0.0016239271069138821 0.0044455399630929935 -0.006016761796282871 0.0022243722757089731 -0.012812486657110806 0.0028053349862664431 -0.0075801638474998385 0.0044082017281887997 0.0013685619990933019 -0.0013633069110801444 0.015130315332983932 0.0075239741606778947 0.00078017967172474461 0.00097335467069614235 -0.0094437913619913171 -0.0056744459243017742 -0.00017289190485219783 0.010049677640199662
leaf_weight=83 59 106 373 292 28 32 56 42 96 1193 39 336 265 22 42 166 22 59 60 89 1258 35 24 33 354 82 32 59 24 24
leaf_count=83 59 106 373 292 28 32 56 42 96 1193 39 336 265 22 42 166 22 59 60 89 1258 35 24 33 354 82 32 59 24 24
internal_value=-1.03803e-11 -0.000631191 0.000836209 -0.00112515 -0.00526498 0.00255384 -0.00243094 0.00699344 -0.00437729 -0.000831951 -0.000205901 -0.00200058 0.0006385 -0.00108707 -0.0033464 0.000881776 -0.00418347 0.000935413 -0.00243105 0.00112045 0.00172788 0.00478204 0.00668546 -4.76335e-06 0.00135523 -0.00139427 -0.00341566 -0.0014196 -0.000617565 0.00493839
internal_weight=5385 2708 682 2026 134 447 235 74 152 1892 1232 660 2677 393 183 210 44 2284 119 2165 1406 148 113 759 387 124 368 372 313 48
internal_count=5385 2708 682 2026 134 447 235 74 152 1892 1232 660 2677 393 183 210 44 2284 119 2165 1406 148 113 759 387 124 368 372 313 48
is_linear=0
shrinkage=0.05


Tree=8
num_leaves=31
num_cat=0
split_feature=14 8 2 2 0 6 12 7 14 3 1 9 0 7 9 2 0 13 14 0 12 0 14 14 1 1 3 1 10 13
split_gain=0.798581 1.06235 0.830915 0.706133 0.946022 0.655163 0.675924 0.966375 0.846857 1.00847 0.766723 0.625737 0.983377 0.70905 0.916379 0.770148 0.730554 0.689151 0.76698 0.601445 0.585391 0.677145 0.629791 0.669529 0.583724 0.579672 0.575398 0.631455 0.634131 0.571455
threshold=2.0933630483520407 -1.3714002302823698 0.18302994640026363 0.0058144520370959638 -0.03043027167140205 0.056003656228331554 -0.48828418678789276 0.35020845412798823 -0.67896380389071387 -0.1264966506061139 -0.019272963319953037 0.66923778273698364 -0.043427875252919405 0.10437346696553984 1.6427525856451826 0.4374985322293749 -0.054093624219098461 -1.3705258334289339 -0.22466848309030193 -0.022259528689391014 -0.17173819362255052 0.17915313189024942 1.9851164709833273 0.42011296395648295 0.099368676405649739 -0.036954854602272151 -0.40700131322992417 -0.10571008979051826 0.2493572171963552 2.0785660864299578
decision_type=2 2 2 2 2 2 2 2 2 2 2 2 2 2 2 2 2 2 2 2 2 2 2 2 2 2 2 2 2 2
left_child=1 2 -1 -2 24 6 8 20 26 10 -10 12 -11 14 -13 16 -15 -18 -19 -6 21 -8 23 29 25 -5 -3 -28 -29 -22
right_child=3 5 -4 4 19 -7 7 -9 9 11 -12 13 -14 15 -16 -17 17 18 -20 -21 22 -23 -24 -25 -26 -27 27 28 -30 -31
leaf_value=-0.0014111393048808344 -0.0073536905824490217 0.0023322946613743194 -0.0064772155752647305 0.010026360154998575 -0.0070684495220041796 0.0050817816359584314 0.0013685241068452721 0.0091803416819311676 0.011212208199625213 0.0045026122326297423 -0.0012445185821326008 -0.0017737399056469176 -0.0077942865221605944 -0.0026027939060356384 -0.012530338899655777 -0.0073901591287856856 -0.005337822621610637 -0.0053159621290185238 0.0044988854424237012 0.0011326881168349787 -0.00061907137276019848 0.010553171760624364 -0.0062865425696278501 0.00085052846861735892 0.010394916943984018 0.00049442730659362058 -0.010601734526706144 0.0020323838958324031 -0.0095405517565086487 -0.0068390332946651868
leaf_weight=365 23 21 104 22 23 62 452 30 30 21 21 198 72 86 22 27 24 22 209 798 1308 21 41 1144 42 58 52 29 20 38
leaf_count=365 23 21 104 22 23 62 452 30 30 21 21 198 72 86 22 27 24 22 209 798 1308 21 41 1144 42 58 52 29 20 38
internal_value=1.04547e-11 -0.000284684 -0.00253453 0.0013023 0.00151342 -1.75501e-05 -9.88666e-05 0.000250899 -0.00134148 -0.000698684 0.00608297 -0.00120656 -0.00501757 -0.0006038 -0.0028494 0.000738678 0.00138231 0.00272631 0.00356414 0.000902936 0.000161723 0.0017763 -0.000140013 -3.88048e-05 0.00562167 0.00311571 -0.00519823 -0.00676398 -0.00269126 -0.000794672
internal_weight=5385 4419 469 966 943 3950 3888 3034 854 732 51 681 93 588 220 368 341 255 231 821 3004 473 2531 2490 122 80 122 101 49 1346
internal_count=5385 4419 469 966 943 3950 3888 3034 854 732 51 681 93 588 220 368 341 255 231 821 3004 473 2531 2490 122 80 122 101 49 1346
is_linear=0
shrinkage=0.05


Tree=9
num_leaves=31
num_cat=0
split_feature=10 14 14 8 1 14 4 6 11 7 12 9 8 3 3 14 0 1 1 0 14 9 10 10 9 8 0 6 4 6
split_gain=0.790019 0.816641 0.742164 0.723354 0.955016 1.20464 0.721109 0.675035 0.826808 0.739017 0.641038 0.822007 0.630295 0.634793 0.774398 0.787572 0.62984 0.757149 0.593863 0.601179 0.533876 0.925351 0.968557 0.596989 0.629677 0.816968 0.597478 0.689259 0.937743 0.964226
threshold=1.214989245906599 1.601657288540203 2.0933630483520407 -1.0005560052434646 -0.12691696891197138 -0.28192241013828129 0.4135389015800745 0.048602087358685681 -0.38191688182260819 0.35020845412798823 0.5468363758914323 0.93452873511678114 -1.160940781083972 0.19458050891469972 -0.020219506226558989 -0.69382088182901469 -0.03043027167140205 0.099368676405649739 0.3856622777669661 0.22080941204569707 0.012830557481332853 0.3034295586116183 -0.75003804489490833 1.1050561503024201 0.40858406860995594 0.20225595648453112 -0.15799615924200835 0.024724068416818751 0.3467863289998197 0.032087851631797733
decision_type=2 2 2 2 2 2 2 2 2 2 2 2 2 2 2 2 2 2 2 2 2 2 2 2 2 2 2 2 2 2
left_child=2 12 3 4 5 -1 10 9 -9 18 -6 -12 -2 14 15 -14 17 -4 19 20 21 -5 -23 24 25 -24 -26 -28 29 -29
right_child=1 -3 16 7 6 -7 -8 8 -10 -11 11 -13 13 -15 -16 -17 -18 -19 -20 -21 -22 22 23 -25 26 -27 27 28 -30 -31
leaf_value=-0.0027996457375896473 -0.0088467284968053849 -0.010476119816303253 0.0020218801146949686 -0.0055220413857816975 -0.0029691202696156046 0.0083449879243057603 -0.0098438074288424108 0.0099931322381292525 0.00047164074708952713 0.0071346618086358324 -0.0035394495397451375 0.0059063680643471434 -0.0053297638205218722 0.0051030744896515424 -0.0081047919020056734 0.0031390066947532846 0.00089670128341171366 0.010379871662298683 -0.006048176962337116 0.0071738289179408866 0.00042184089016822829 -0.0044209121021163405 0.0082405790218469162 0.0080257830898398941 -0.0090287166740745297 -0.0030976996553363279 -0.0015576238475625958 0.0010722989433044308 -0.0036126910493697361 0.0079052687525892496
leaf_weight=48 27 30 84 99 399 49 32 38 57 36 42 51 44 38 40 73 827 40 41 29 2133 137 47 23 20 24 482 251 79 65
leaf_count=48 27 30 84 99 399 49 32 38 57 36 42 51 44 38 40 73 827 40 41 29 2133 137 47 23 20 24 482 251 79 65
internal_value=7.9008e-12 -0.00273326 0.000134187 -0.000152516 -0.0017272 0.00283012 -0.00257083 0.000122092 0.00428024 8.12074e-06 -0.00209779 0.00164051 -0.00168693 -0.000695574 -0.00209907 -4.58301e-05 0.00139496 0.00471801 -6.66768e-05 5.6872e-06 -5.61807e-05 -0.000887167 -0.000480383 6.43727e-05 -0.000124793 0.00440792 -0.00048357 -0.000288698 0.00125971 0.00247781
internal_weight=5385 252 5133 4182 621 97 524 3561 95 3466 492 93 222 195 157 117 951 124 3430 3389 3360 1227 1128 991 968 71 897 877 395 316
internal_count=5385 252 5133 4182 621 97 524 3561 95 3466 492 93 222 195 157 117 951 124 3430 3389 3360 1227 1128 991 968 71 897 877 395 316
is_linear=0
shrinkage=0.05


Tree=10
num_leaves=31
num_cat=0
split_feature=10 14 14 1 14 9 5 2 9 1 9 5 4 6 11 12 12 8 6 1 10 1 11 14 13 4 12 2 8 12
split_gain=0.712992 0.737019 0.671534 0.664566 0.770656 0.680932 0.653476 0.648052 0.597666 0.820468 0.572603 0.513965 1.12382 0.842834 0.512346 0.736702 0.5843 0.510105 1.53744 0.568214 0.955624 0.816391 0.609603 0.514473 0.50197 0.617869 0.501013 0.497408 0.4676 0.46476
threshold=1.214989245906599 1.601657288540203 2.5221765347173073 0.3856622777669661 0.91394763065762297 0.3034295586116183 39.598504495832678 -0.22455811080230006 1.1706588636842605 0.080862985854916261 1.7490616714914886 37.039744441588127 0.24623087202684826 0.01909588538047817 -0.42132988865396181 -0.47971039344854083 -0.29378089348070785 0.7168533012247259 0.047890002891233505 -0.20570659152717455 0.015383882762167513 -0.15283365359768522 -1.2596548089556203 -0.76288607341872916 0.83231176756735059 0.3999995680523955 0.62678568836929838 -0.097943743091226318 0.29359354408380195 0.85608795922216474
decision_type=2 2 2 2 2 2 2 2 2 2 2 2 2 2 2 2 2 2 2 2 2 2 2 2 2 2 2 2 2 2
left_child=2 6 3 5 -5 11 -2 -8 9 -9 -10 12 -1 28 15 -4 24 -7 19 20 -19 -21 -23 -24 25 -16 -15 -25 -13 -29
right_child=1 -3 14 4 -6 17 7 8 10 -11 -12 13 -14 26 16 -17 -18 18 -20 21 -22 22 23 27 -26 -27 -28 29 -30 -31
leaf_value=-0.0056294065751135358 -0.0066998055024186575 -0.0099523136951029309 -0.0016485573453246618 -0.012135783128906043 -0.0013040046327380251 -0.00012428238052149387 0.0061443046356240913 0.0068886923502254329 -0.0071592227523133425 -0.0053674039997118105 0.0019168147817254068 -0.0022084995960107165 0.0089556079041878036 -0.0040990124607750622 0.0024242308190189983 0.0062563832269136449 -0.00059262928688339248 -0.012377854659488159 0.011837970188847094 0.008596684278122017 0.0027062263916290945 -0.0065938116672138378 -0.0055750963036968774 0.005330464307085744 -0.0042144851124083461 0.010086344077717514 -0.011452962458133698 0.001342601846663116 0.0060464209844839981 -0.0032981714362783051
leaf_weight=25 49 30 40 24 52 3299 33 36 57 22 25 42 28 134 148 112 288 21 33 35 21 27 28 70 22 32 28 535 29 60
leaf_count=25 49 30 40 24 52 3299 33 36 57 22 25 42 28 134 148 112 288 21 33 35 21 27 28 70 22 32 28 535 29 60
internal_value=-1.36615e-12 -0.0025966 0.000127478 -8.87515e-05 -0.00472457 -8.95034e-06 -0.00160258 -0.000158863 -0.00164461 0.00223983 -0.00439214 -0.00236832 0.00207588 -0.00337923 0.00164007 0.00417614 0.000853374 0.000154474 0.00126245 0.000824565 -0.00483581 0.00113945 0.000776942 0.00106411 0.002915 0.00378638 -0.00537007 0.00134366 0.00116323 0.000874625
internal_weight=5385 252 5133 4491 76 4415 222 173 140 58 82 286 53 233 642 152 490 4129 830 797 42 755 720 693 202 180 162 665 71 595
internal_count=5385 252 5133 4491 76 4415 222 173 140 58 82 286 53 233 642 152 490 4129 830 797 42 755 720 693 202 180 162 665 71 595
is_linear=0
shrinkage=0.05


Tree=11
num_leaves=31
num_cat=0
split_feature=0 5 9 5 6 14 8 0 6 8 2 14 11 0 6 11 2 11 5 2 5 0 5 9 11 8 6 9 9 14
split_gain=0.713902 1.00532 0.701952 0.903379 0.845275 0.672267 0.837797 0.74747 0.719767 0.706446 0.667442 0.717402 0.639255 0.632752 0.576348 0.617043 0.582745 0.570544 0.562217 0.532062 0.736912 0.490747 0.487117 0.485021 0.498266 0.477441 0.47743 0.714122 0.463816 0.775263
threshold=0.010150675402483602 58.677763239228398 1.52352375404656 75.277556670106989 0.045065195691262189 2.0933630483520407 -1.3714002302823698 0.0014768280636890954 0.044489310843539742 0.59679121276919667 0.18083794241959009 1.601657288540203 -1.35937036348623 0.19282588271832982 0.027114147741001512 1.2118282099959352 0.30027052278620009 0.42977094062404825 44.40584064298352 0.14957352219265532 59.251247317121589 0.00062529983024650637 46.184190469512451 1.4654567114709602 0.52677605906025526 0.43166966248378641 0.041454883759733448 1.2155861136871666 0.41657290512079209 -0.40173517189471936
decision_type=2 2 2 2 2 2 2 2 2 2 2 2 2 2 2 2 2 2 2 2 2 2 2 2 2 2 2 2 2 2
left_child=1 5 4 12 18 6 10 26 -8 22 -1 -12 -4 -6 16 17 19 -16 -2 20 -14 -3 -10 28 -25 -19 27 -7 29 -20
right_child=2 21 3 -5 13 7 8 -9 9 -11 11 -13 14 -15 15 -17 -18 25 23 -21 -22 -23 -24 24 -26 -27 -28 -29 -30 -31
leaf_value=-0.0017756465859996647 0.0085080390352578385 -0.010103026595897973 -0.0049694803095121642 0.012000752928788248 -0.0018155310957415683 0.0042021882744985774 -0.00053404828918969223 -0.0062862122431397438 0.0027606080405643916 0.0084131482946263117 -0.0098290786437134747 0.0011772935511544349 -0.0064815605479863385 -0.012682043206656264 0.0033607646457052658 -0.0023282663348843072 -0.0046085864464019211 0.013108493276222639 -0.0073190064473844067 0.0065012956703347823 0.0033686118592432114 -0.0017216189058437464 -0.005397631938103587 -6.9561973214149481e-05 -0.0095568854818120601 0.0037241697149432221 0.0084843287244439122 -0.001761521888432599 0.0006881249278674886 -0.00025318262563402458
leaf_weight=314 21 40 32 23 37 132 1831 25 77 44 57 20 31 21 154 34 47 33 48 42 49 31 24 31 25 23 32 81 1823 203
leaf_count=314 21 40 32 23 37 132 1831 25 77 44 57 20 31 21 154 34 47 33 48 42 49 31 24 31 25 23 32 81 1823 203
internal_value=2.94828e-12 -0.000572396 0.000579024 0.00233806 0.000206354 -0.000414318 -0.000683948 0.00194944 -0.000265506 0.00312553 -0.00279863 -0.00697028 0.00183864 -0.00574996 0.00236614 0.00392063 0.000121802 0.00493235 0.000366961 0.00194416 -0.00044833 -0.00644354 0.000822016 0.000286697 -0.00430497 0.00925422 0.00278981 0.0019343 0.000410677 -0.00160442
internal_weight=5385 2708 2677 468 2209 2637 2367 270 1976 145 391 77 445 58 413 244 169 210 2151 122 80 71 101 2130 56 56 245 213 2074 251
internal_count=5385 2708 2677 468 2209 2637 2367 270 1976 145 391 77 445 58 413 244 169 210 2151 122 80 71 101 2130 56 56 245 213 2074 251
is_linear=0
shrinkage=0.05


Tree=12
num_leaves=31
num_cat=0
split_feature=10 14 14 13 6 1 10 8 8 13 1 9 6 4 11 12 12 2 12 9 14 1 11 12 1 9 9 14 2 6
split_gain=0.62971 0.651576 0.572704 0.625755 0.659492 0.733255 0.7754 0.583309 0.567286 0.589369 0.538976 0.775504 0.907982 0.758827 1.07684 0.666575 0.648465 0.559285 0.827006 0.523292 0.516805 0.605405 0.513974 0.717255 0.508873 0.499218 0.47971 0.469361 1.02665 0.663349
threshold=1.214989245906599 1.601657288540203 3.5029565573517494 -1.1151408975233343 0.01841433444687705 0.74090086638812858 -0.54118411776455488 -4.2541835381050896 0.19091285238248648 -0.53511088139959762 -0.15283365359768522 0.31777896390899951 0.01909588538047817 0.43843255020933508 -0.28844104004216309 -0.47971039344854083 -0.59194236254650157 -0.22455811080230006 -0.20005964354841066 1.52352375404656 -0.08063620007739454 0.0062975193046111997 0.47852000374125353 0.22926374920432221 -0.019272963319953037 1.1802626343840246 2.075985840892753 0.16030020717009211 -0.18595769226020883 0.037685754379484022
decision_type=2 2 2 2 2 2 2 2 2 2 2 2 2 2 2 2 2 2 2 2 2 2 2 2 2 2 2 2 2 2
left_child=2 8 7 -4 -5 6 26 -1 -2 -10 13 12 24 16 -15 -14 -9 -18 -19 22 21 -17 23 -20 -12 -11 -6 -13 -29 -30
right_child=1 -3 3 4 5 -7 -8 10 9 25 11 27 15 14 -16 20 17 18 19 -21 -22 -23 -24 -25 -26 -27 -28 28 29 -31
leaf_value=-0.003858677870812244 -0.0035732036753193495 -0.0093564499542117124 -0.0037460165018481867 -0.00074351741359210931 0.00759562338672338 -0.0033782447910025008 0.003562054342817133 -0.003230676352493949 0.0080942588187754155 0.0042105775033296263 0.0075432394854724402 -0.00071879474110381897 -0.01110512289133939 0.012595299781403608 0.0006032581775425337 -0.012291642609384977 -0.0010145521257072688 0.011791086482116953 -0.0062242815048312366 -0.0048515892248939384 -0.0011407864238594122 -0.0014695768302772196 0.0081223572487942874 0.0045144089361807953 -0.00088769218506520647 -0.0047311651042184315 0.017527896529063582 0.011200950692661783 0.00056957942035954575 -0.0024105892033346316
leaf_weight=96 133 30 35 65 31 21 78 77 25 27 25 1255 33 36 39 28 96 27 23 22 99 24 40 48 63 37 20 22 2629 201
leaf_count=96 133 30 35 65 31 21 78 77 25 27 25 1255 33 36 39 28 96 27 23 22 99 24 40 48 63 37 20 22 2629 201
internal_value=7.82236e-12 -0.00244024 0.000119801 0.00245392 0.00346321 0.00528613 0.00669661 2.99105e-07 -0.00150562 0.00158415 7.76882e-05 -8.4256e-05 -0.0026698 0.00181581 0.00635944 -0.00466762 0.000792471 0.00200256 0.00381282 0.00219318 -0.00326075 -0.00729684 0.00358944 0.00103568 0.00150746 -0.000958867 0.0114906 8.69806e-05 0.000441556 0.000357914
internal_weight=5385 252 5133 250 215 150 129 4883 222 89 4787 4379 272 408 75 184 333 256 160 133 151 52 111 71 88 64 51 4107 2852 2830
internal_count=5385 252 5133 250 215 150 129 4883 222 89 4787 4379 272 408 75 184 333 256 160 133 151 52 111 71 88 64 51 4107 2852 2830
is_linear=0
shrinkage=0.05


Tree=13
num_leaves=31
num_cat=0
split_feature=0 5 9 5 6 14 8 13 0 0 10 9 2 4 10 4 13 5 2 13 9 8 9 14 7 6 8 2 10 0
split_gain=0.631669 0.908232 0.623248 0.803329 0.741139 0.595509 0.722678 0.791467 0.680327 0.559626 0.535367 0.758792 0.604517 0.625425 0.636906 0.523551 0.52158 0.508822 0.494951 0.881343 0.937691 0.728569 0.528147 0.483745 0.543915 0.753703 0.485541 0.526601 0.482353 0.473078
threshold=0.010150675402483602 58.677763239228398 1.52352375404656 75.277556670106989 0.045065195691262189 2.0933630483520407 -1.5129708288116304 -0.9506322310667269 0.0014768280636890954 0.16947747684569284 1.214989245906599 0.83921862384082002 0.32755406662760927 0.48270912115827874 -0.39425309729711472 0.27821475255330747 0.7916876240473969 44.40584064298352 -0.052800565162124051 -0.088804815217112074 0.45550963168014391 -2.8198245194539546 1.1893063494996661 1.5262335611277396 0.13113210450926716 0.043814574738057679 0.23328854109730537 0.013995396559184249 -0.061377492573118968 -0.048948462079004211
decision_type=2 2 2 2 2 2 2 2 2 2 2 2 2 2 2 2 2 2 2 2 2 2 2 2 2 2 2 2 2 2
left_child=1 5 4 -4 17 6 18 23 16 -6 12 -12 13 14 -9 -13 -7 -2 -1 22 -21 28 -20 24 26 -26 27 -8 -22 -23
right_child=2 -3 3 -5 9 8 7 10 -10 -11 11 15 -14 -15 -16 -17 -18 -19 19 20 21 29 -24 -25 25 -27 -28 -29 -30 -31
leaf_value=-9.1283436552494566e-05 0.00808873385013569 -0.0061188795170943507 0.0017311927237043685 0.011314068240639956 -0.0011090365661816164 0.0037176793006501296 0.011585406276808922 -0.0021298691149889163 -0.0060205028019845487 -0.011026618234813214 0.0042248492883074848 -0.012275927295335212 -0.0060188906874131176 0.0047867839129925793 0.00014650655279120688 -0.0035861526592970436 -0.0022925238474272194 0.00026753000671156482 -0.010091399753411466 -0.01096208523737178 -0.010118628339841963 0.0081421667427727679 -0.0026018036348331307 -0.0039828696789649815 -0.0020942303804961379 0.0071087446587625898 0.00056937992227293799 0.0029540862826009594 0.0004985222166515482 -0.00045961544007783943
leaf_weight=117 21 71 445 23 33 201 43 418 25 25 21 26 47 59 1160 52 44 2130 68 21 20 33 36 26 73 32 31 30 23 31
leaf_count=117 21 71 445 23 33 201 43 418 25 25 21 26 47 59 1160 52 44 2130 68 21 20 33 36 26 73 32 31 30 23 31
internal_value=-1.31645e-12 -0.000538421 0.000544656 0.00220215 0.000193499 -0.000388169 -0.00064194 -0.000278615 0.00183656 -0.00538386 -0.000638103 -0.00421144 -0.000428032 -0.000267512 -0.000456488 -0.00648274 0.0026383 0.000343888 -0.00274277 -0.00407994 -0.00130209 0.000593803 -0.00749885 0.0024489 0.00324903 0.000710486 0.00581198 0.00803829 -0.00443969 0.00397568
internal_weight=5385 2708 2677 468 2209 2637 2367 2018 270 58 1783 99 1684 1637 1578 78 245 2151 349 232 128 107 104 235 209 105 104 73 43 64
internal_count=5385 2708 2677 468 2209 2637 2367 2018 270 58 1783 99 1684 1637 1578 78 245 2151 349 232 128 107 104 235 209 105 104 73 43 64
is_linear=0
shrinkage=0.05


Tree=14
num_leaves=31
num_cat=0
split_feature=10 10 12 2 9 7 3 1 3 4 5 9 3 2 2 10 7 9 11 9 12 12 4 13 3 3 7 8 8 11
split_gain=0.53711 0.595397 0.541034 0.581623 0.536194 0.69557 0.676813 0.644954 0.461862 1.53603 0.451413 0.392364 0.863889 0.39157 0.728778 0.390622 0.658613 0.572265 0.745398 0.874635 0.855257 0.635193 0.539128 0.52586 0.476267 0.482675 0.468562 0.464898 0.581555 0.638098
threshold=1.4207461531037213 1.4736470732903166 -0.57575087934988589 -0.2187005191298427 0.3034295586116183 0.25580150636788312 -0.081759596324911241 0.0081084769330995749 1.9196260482772387 0.64212017830514778 37.039744441588127 1.0772289203243521 -0.0053343039600091671 -0.045445417165324013 0.057764665358194363 -0.65600776405159522 0.21892544269147673 1.8759038194036137 0.18740908078210858 1.3292594501379447 -1.8366014335827863 -0.52592383182920699 0.54493978681134081 -0.50452452285906357 0.13959916962646415 0.31032383390222479 0.1351836582538356 -1.1204357987190883 0.66870045689920998 0.47852000374125353
decision_type=2 2 2 2 2 2 2 2 2 2 2 2 2 2 2 2 2 2 2 2 2 2 2 2 2 2 2 2 2 2
left_child=4 -2 -3 -4 5 6 10 13 15 -10 -1 -5 -13 -8 -15 16 17 18 19 24 -20 23 -17 -22 -6 -26 -21 -18 29 -29
right_child=1 2 3 11 8 -7 7 -9 9 -11 -12 12 -14 14 -16 22 27 -19 20 26 21 -23 -24 -25 25 -27 -28 28 -30 -31
leaf_value=9.9841573974117646e-05 -0.010657997225366887 -0.0068878544393826185 0.0073731192175976248 0.0020260338311811959 -0.0066513111652887385 0.0059628793539909216 0.0071367794854773417 -0.0034497535929756034 0.010716301565499683 -0.0056548695363428285 -0.0085389486664245208 0.0015493868130691296 -0.011753519405813321 -0.0055713954291516741 0.0050285613849101705 0.00030716631222650609 -0.0028467940647275217 -0.0060217503626204911 0.0053690952324383966 0.0030355410739069896 -0.0012008700931731326 -0.0012564501432046737 0.005431928769953979 -0.0074554790500061295 0.0073613256476819516 -0.00057487337365207016 0.013729065904626622 0.0033514016996110405 -0.00017784924725568747 0.014436661664928711
leaf_weight=20 21 37 22 39 23 26 27 124 38 23 62 26 23 31 34 3923 31 61 37 21 52 312 52 95 25 82 20 34 43 21
leaf_count=20 21 37 22 39 23 26 27 124 38 23 62 26 23 31 34 3923 31 61 37 21 52 312 52 95 25 82 20 34 43 21
internal_value=4.18087e-12 -0.00278269 -0.00165764 0.00010161 8.96093e-05 -0.00188025 -0.00256455 -0.00109638 0.000220048 0.00454356 -0.00643193 -0.00171627 -0.00469483 0.00207555 -2.68026e-05 0.000165467 -0.000802728 -0.00138621 -0.000962265 0.00188445 -0.00194369 -0.00253318 0.000374207 -0.00524296 -0.000123743 0.00127938 0.00825189 0.00249007 0.00417827 0.00758396
internal_weight=5385 168 147 110 5217 324 298 216 4893 61 82 88 49 92 65 4832 857 728 667 171 496 459 3975 147 130 107 41 129 98 55
internal_count=5385 168 147 110 5217 324 298 216 4893 61 82 88 49 92 65 4832 857 728 667 171 496 459 3975 147 130 107 41 129 98 55
is_linear=0
shrinkage=0.05


Tree=15
num_leaves=31
num_cat=0
split_feature=0 5 13 14 8 1 0 9 5 6 1 7 8 5 7 6 13 13 0 10 9 5 3 5 6 2 8 3 13 6
split_gain=0.563206 0.813656 0.566536 0.561963 0.704888 0.989949 0.610875 0.545796 0.709202 0.672217 0.521515 1.2721 0.536076 0.773679 0.636698 0.600537 0.510635 0.580531 0.502972 0.476839 0.564458 0.744595 0.839862 0.999522 0.468706 0.605215 0.526353 0.575818 0.467042 0.466073
threshold=0.010150675402483602 58.677763239228398 -2.6499059136653353 2.0933630483520407 -2.5022409996917996 -0.12028133793629468 0.0014768280636890954 1.52352375404656 75.277556670106989 0.045065195691262189 0.74090086638812858 0.27883400139063469 1.4715150227885421 63.709835040209143 0.21892544269147673 0.03827986622725605 -0.86246153943666681 0.17594255492234204 0.19282588271832982 1.214989245906599 0.83921862384082002 47.764549409125777 0.010066234399431663 39.598504495832678 0.044489310843539742 0.11410609400944884 0.59679121276919667 -0.23863061993885329 0.7916876240473969 0.028589987245565423
decision_type=2 2 2 2 2 2 2 2 2 2 2 2 2 2 2 2 2 2 2 2 2 2 2 2 2 2 2 2 2 2
left_child=1 2 -1 4 5 -4 28 9 10 -2 11 12 13 14 15 29 -15 -18 -11 24 -21 22 23 -22 -6 26 27 -26 -5 -9
right_child=7 -3 3 6 19 -7 -8 8 -10 18 -12 -13 -14 16 -16 -17 17 -19 -20 20 21 -23 -24 -25 25 -27 -28 -29 -30 -31
leaf_value=0.0080171155137941236 0.00032890509954442175 -0.0057903291460808734 0.0027776112476753639 0.0035110613440084665 -0.00044958081866377153 -0.0059997660275887864 -0.0057152626998722561 0.0012840676466003061 0.010626845485935718 -0.0016181998986851524 -0.0057090104193143225 0.0097767565954238814 -0.0040051512175325668 -0.0082153688259422788 0.010218098390333613 -0.0037673749604865032 0.0046273900754749782 -0.0046163147590546445 -0.011306451819837094 0.0027987957778220465 -0.0050050488910292866 -0.012131802757669773 -0.010756869365771611 0.009742445936426522 -0.0028672890631215916 -0.0053144249756587672 0.009304141581935042 0.0059668051031155469 -0.0021762431884946474 0.0065388994639075998
leaf_weight=20 2151 71 43 201 1925 127 25 100 23 37 23 47 46 25 29 34 35 33 21 28 27 28 21 20 35 20 34 39 44 73
leaf_count=20 2151 71 43 201 1925 127 25 100 23 37 23 47 46 25 29 34 35 33 21 28 27 28 21 20 35 20 34 39 44 73
internal_value=7.13314e-12 -0.000508406 -0.000366193 -0.000430261 -0.000678773 -0.00377961 0.00172995 0.000514293 0.00206538 0.000185679 0.00162288 0.00202248 0.00105061 0.0017575 0.00327958 0.00230752 -0.00210499 0.000141474 -0.00512602 -0.000436631 -0.00344763 -0.0052695 -0.00244385 0.00127048 -0.000254769 0.00267502 0.00415455 0.00178852 0.00248967 0.00350142
internal_weight=5385 2708 2637 2617 2347 170 270 2677 468 2209 445 422 375 329 236 207 93 68 58 2177 124 96 68 47 2053 128 108 74 245 173
internal_count=5385 2708 2637 2617 2347 170 270 2677 468 2209 445 422 375 329 236 207 93 68 58 2177 124 96 68 47 2053 128 108 74 245 173
is_linear=0
shrinkage=0.05


Tree=16
num_leaves=31
num_cat=0
split_feature=0 1 14 8 14 11 9 13 0 6 9 3 9 8 12 0 2 14 9 3 14 13 13 7 8 13 12 13 7 3
split_gain=0.508293 0.562587 1.20927 0.627488 0.855787 0.531943 0.492581 0.61378 0.701531 0.606676 0.484639 0.472427 0.461064 0.595558 0.458175 0.457211 0.410704 0.607857 0.509768 0.473327 0.416947 0.757511 0.617226 0.466696 0.705146 0.589744 0.425122 0.408164 0.404467 0.5695
threshold=0.010150675402483602 -0.11111670929548688 -0.67896380389071387 -2.8198245194539546 2.2966518350663283 1.5644420225269757 1.52352375404656 1.7220545650601227 0.20296217280420228 0.045065195691262189 0.23851092358722778 0.18299597279473714 1.7616545439659861 1.2497180505367993 0.99290661917044309 0.16947747684569284 -0.20135286892962714 0.16030020717009211 1.6904621445051853 0.52555984892536323 -0.35773539314919461 1.2489027614338659 1.5434334420690774 0.11646197641455282 0.026506890969954407 -0.45726101782466805 -0.079727936249842243 0.24774976623710995 0.094493838546455627 -0.40700131322992417
decision_type=2 2 2 2 2 2 2 2 2 2 2 2 2 2 2 2 2 2 2 2 2 2 2 2 2 2 2 2 2 2
left_child=1 2 5 4 11 28 9 8 12 -2 -5 -3 -8 -14 -4 -11 27 20 -19 -20 22 23 -18 25 26 -22 -25 -12 -1 -30
right_child=6 3 14 10 -6 -7 7 -9 -10 15 16 -13 13 -15 -16 -17 17 18 19 -21 21 -23 -24 24 -26 -27 -28 -29 29 -31
leaf_value=0.0016438609221950174 0.00031245985693837509 -0.003224587207258647 0.0028602008614042364 -0.0043119400509515375 0.0035669713913063917 0.0054493143622364321 0.0033351587210038109 -0.0040433979175316217 0.0071667579295428691 -0.0010058019564233044 0.0055417722583098235 -0.0099304630867360789 0.00097074600547982924 -0.0073769665658473971 -0.002174881496923227 -0.0099700795561075209 0.00015102809520761424 0.00032735786608870208 -0.0057666165430260742 0.0011247556674509095 0.003314266556117218 0.0035542414443833488 -0.0082509126475391291 -0.016634262395091356 -0.0012895374062160652 -0.0042194943135879272 -0.0073416374565567826 -0.0022086786329746245 0.00044945402858922122 -0.0057995392327372481
leaf_weight=40 2151 58 396 87 28 21 189 39 68 33 53 48 147 25 51 25 245 1063 69 39 32 35 24 20 30 138 32 25 52 122
leaf_count=40 2151 58 396 87 28 21 189 39 68 33 53 48 147 25 51 25 245 1063 69 39 32 35 24 20 30 138 32 25 52 122
internal_value=1.339e-11 -0.000482986 0.000759147 -0.000901117 -0.00420756 -0.0021446 0.000488579 0.00196211 0.00250807 0.000176396 -0.00066694 -0.00626121 0.00163053 -0.000242584 0.00228573 -0.00486971 -0.000491253 -0.000651539 -5.16623e-06 -0.00327807 -0.00201288 -0.00333846 -0.000598587 -0.00429578 -0.00739395 -0.00280137 -0.0109157 0.00305765 -0.0028898 -0.00393202
internal_weight=5385 2708 682 2026 134 235 2677 468 429 2209 1892 106 361 172 447 58 1805 1727 1171 108 556 287 269 252 82 170 52 78 214 174
internal_count=5385 2708 682 2026 134 235 2677 468 429 2209 1892 106 361 172 447 58 1805 1727 1171 108 556 287 269 252 82 170 52 78 214 174
is_linear=0
shrinkage=0.05


Tree=17
num_leaves=31
num_cat=0
split_feature=10 1 8 1 9 8 0 1 4 7 5 5 4 1 2 12 9 12 2 6 8 4 0 10 0 12 12 9 7 9
split_gain=0.460735 0.708434 0.788639 0.741746 0.960807 0.635679 0.510149 1.27721 0.6368 0.806317 0.755073 0.703149 0.511645 0.501255 0.497317 0.489056 0.728386 0.633893 1.03557 0.912146 0.492055 0.483717 1.00818 0.570128 0.454274 0.431216 0.515101 0.642195 0.421651 0.417663
threshold=0.95221155130031587 0.12867687530653951 0.97409948215038311 0.18597564569154515 1.4545229681083895 1.4189769049835064 0.14954611964186129 0.085376440499197029 0.56357831078367038 0.32065306497681501 63.182146177217312 69.328032990870511 0.48270912115827874 -0.15283365359768522 0.2081223788245711 -0.44986938593859127 0.55359833067334197 -0.29378089348070785 -0.15665702966049602 0.019604445267591263 -0.65839053946896153 0.37622141420428329 0.036997161825744314 -0.32833118881518164 -0.10680543673353947 -0.57575087934988589 0.89589187183165697 0.71634783737650343 0.21892544269147673 1.3542504095798436
decision_type=2 2 2 2 2 2 2 2 2 2 2 2 2 2 2 2 2 2 2 2 2 2 2 2 2 2 2 2 2 2
left_child=6 2 14 -3 -5 -4 12 -8 9 10 -9 -12 15 -14 25 16 -1 18 -17 -20 -21 -19 23 -23 -15 -2 27 -27 -26 -29
right_child=1 3 5 4 -6 -7 7 8 -10 -11 11 -13 13 24 -16 17 -18 21 19 20 -22 22 -24 -25 28 26 -28 29 -30 -31
leaf_value=-0.00458087067873705 -0.0068311445328385336 -0.010248562103758256 0.011358156071408936 -0.0060748751497948957 0.0062661864173909031 0.00065763708486753919 0.0087172253457908286 0.0088896734267473222 -0.0077914782400642126 0.0068522321096822327 -0.0064036131796456177 0.00078746764742358179 0.0075982346975555018 -0.0056671056896448139 0.0049751836448334733 -0.0080697271207879704 -0.00053966691880685141 0.00014965884853135173 -0.00050593671111620207 0.00095365543874274751 0.0075307500655804067 -0.006166404798146217 -0.010059854238190585 0.0018348488582392471 -0.00082642908873302608 0.0077866846304386859 -0.0049563197839644652 -0.0041613097763883904 0.0071811933303251863 0.0025594320500314967
leaf_weight=126 43 42 23 46 24 35 59 20 21 51 49 111 42 20 26 21 969 3024 89 38 113 31 36 79 35 25 62 53 31 41
leaf_count=126 43 42 23 46 24 35 59 20 21 51 49 111 42 20 26 21 969 3024 89 38 113 31 36 79 35 25 62 53 31 41
internal_value=-4.57993e-12 -0.00159015 -0.000351841 -0.00499549 -0.00184365 0.00490095 0.000134514 0.00209513 0.000544715 0.00130255 -0.000269859 -0.0014148 3.49762e-06 0.0031209 -0.00157049 -8.46659e-05 -0.00100468 0.000208956 0.00257748 0.00350911 0.00587559 1.39458e-05 -0.00279699 -0.00042005 0.000934301 -0.00233025 -0.00126098 0.000664323 0.00293473 -0.00122992
internal_weight=5385 420 308 112 70 58 4965 311 252 231 180 160 4654 128 250 4526 1095 3431 261 240 151 3170 146 110 86 224 181 119 66 94
internal_count=5385 420 308 112 70 58 4965 311 252 231 180 160 4654 128 250 4526 1095 3431 261 240 151 3170 146 110 86 224 181 119 66 94
is_linear=0
shrinkage=0.05


Tree=18
num_leaves=31
num_cat=0
split_feature=0 13 1 14 8 14 12 14 3 9 3 14 12 4 11 4 0 9 13 0 8 1 8 12 12 14 3 8 12 1
split_gain=0.445626 0.524571 0.495058 0.721053 0.506937 0.741797 0.722265 0.478763 0.497195 0.495307 0.564349 0.47306 0.586319 0.669607 0.607304 0.442678 0.529034 0.433494 0.546467 0.620525 0.461711 1.07672 0.885361 0.692697 0.588356 0.583001 0.578611 0.780321 0.703643 0.652197
threshold=0.010150675402483602 -2.6499059136653353 -0.15283365359768522 -0.7136389802516262 -2.5022409996917996 2.2966518350663283 0.18733399616431953 0.16030020717009211 -0.40700131322992417 1.6904621445051853 0.60312361070950926 -0.81467962072697342 1.0383104456448471 0.24344605067689229 0.85576331287540119 0.42449553535879808 -0.12563099249774176 1.52352375404656 1.7220545650601227 0.20296217280420228 0.015805225651243791 0.34506675588896935 0.075670469949862831 -1.6096913661577645 -1.2645860906475641 0.78015481656400287 0.58113441702408397 -0.71870249988817092 0.4402219442206205 0.13110598362906015
decision_type=2 2 2 2 2 2 2 2 2 2 2 2 2 2 2 2 2 2 2 2 2 2 2 2 2 2 2 2 2 2
left_child=1 -1 3 11 5 6 -4 8 -6 -9 -11 12 13 -3 -15 -5 -17 20 19 -19 24 22 25 -24 -2 -22 28 -28 29 -26
right_child=17 2 4 15 7 -7 -8 9 -10 10 -12 -13 -14 14 -16 16 -18 18 -20 -21 21 -23 23 -25 26 -27 27 -29 -30 -31
leaf_value=0.0076154269906692209 0.006784830034964464 -0.0097519229335541087 -0.0076570590930835659 0.0015631107791163465 0.00569718166699876 0.0034803728369297462 -0.00025522338512998363 0.00031951089884238589 -0.00176194318308972 -0.0052089467873461109 0.0024003748470396904 -0.0078098290301859387 0.0062812676998200249 -0.0022832415572742724 0.0072087965228340841 0.001665000921736161 0.010907132120337337 0.0015296323113283723 -0.0038268364398764115 0.0067364236062584341 -0.0081062856481744442 -0.0067463103167057633 -0.0063340801966229564 0.00051896773001291021 -0.0028206629253555698 -0.0010159045199543471 -0.0019461507965443715 0.0074470213496251342 0.0027783293893778736 0.0011462174259504537
leaf_weight=20 44 22 90 188 23 32 52 1174 779 86 34 25 27 72 22 30 32 361 39 68 53 63 38 1244 215 64 33 67 188 200
leaf_count=20 44 22 90 188 23 32 52 1174 779 86 34 25 27 72 22 30 32 361 39 68 53 63 38 1244 215 64 33 67 188 200
internal_value=7.0291e-12 -0.000452233 -0.00051226 0.00106902 -0.000803438 -0.00339675 -0.00494653 -0.000588153 -0.00154803 6.7613e-06 -0.00305297 -0.00146425 -0.000354881 -0.0018995 -6.17007e-05 0.00277137 0.00643513 0.00045747 0.0018398 0.00235495 0.000164608 -0.000352098 -6.41531e-05 0.000315835 0.00117589 -0.00422779 0.000824828 0.00434727 0.000240675 -0.000908913
internal_weight=5385 2708 2688 418 2270 174 142 2096 802 1294 120 168 143 116 94 250 62 2677 468 429 2209 1462 1399 1282 747 117 703 100 603 415
internal_count=5385 2708 2688 418 2270 174 142 2096 802 1294 120 168 143 116 94 250 62 2677 468 429 2209 1462 1399 1282 747 117 703 100 603 415
is_linear=0
shrinkage=0.05


Tree=19
num_leaves=31
num_cat=0
split_feature=5 2 2 13 14 1 14 13 8 5 13 1 0 5 14 8 0 6 12 4 14 14 0 12 6 6 0 6 0 7
split_gain=0.413487 0.356694 0.359188 0.35652 0.335009 0.954556 0.61383 0.598012 0.815966 0.651011 0.665504 1.02949 0.579349 0.664043 0.64201 0.967284 0.55457 0.517564 0.664092 0.50448 0.451286 0.474474 0.458563 0.451164 0.423649 0.422695 0.41696 0.406627 0.65336 0.494174
threshold=76.135196605719855 0.39589292692931938 0.10370240658562326 -0.14085732609638849 -0.7136389802516262 -0.12361532388608641 0.87077160503788364 0.21131084390967397 0.075670469949862831 37.881372920895025 1.3387655616059835 -0.087549316565575283 0.010150675402483602 58.677763239228398 2.0933630483520407 -2.8198245194539546 0.0014768280636890954 0.041454883759733448 -0.031307896791933791 0.58954778834112587 -1.3013503589565611 -0.93444303974948095 -0.0089041680888331514 0.52683076389208716 0.031713004955663454 0.036226745159972436 0.00062529983024650637 0.054656253803621609 0.25625928207082044 0.30760542629446253
decision_type=2 2 2 2 2 2 2 2 2 2 2 2 2 2 2 2 2 2 2 2 2 2 2 2 2 2 2 2 2 2
left_child=4 2 -2 -4 7 6 19 8 -1 -9 20 -12 13 14 15 -7 17 18 -16 -6 -11 22 -22 -20 -8 -10 -15 28 -14 -29
right_child=1 -3 3 -5 5 12 24 9 25 10 11 -13 27 26 16 -17 -18 -19 23 -21 21 -23 -24 -25 -26 -27 -28 29 -30 -31
leaf_value=0.0029146580413083904 0.0062561219271558988 0.0067139961613485446 -0.0053268947083359728 0.0017580824459270976 0.0024883079944405181 -0.0057960981394945075 0.0014592941850423815 -0.0062366460494578209 -0.00072755279424772772 -0.0097902228168788418 0.010977810084819795 -0.0026593327041595214 0.00034127295120834781 -0.0089376798817102105 -0.00099886692804485098 -0.00069288141035201236 -0.005421733420342207 0.0084313811193550796 0.007548735102807934 0.01027531999332661 -0.0028098108729830498 -0.004768069050154619 0.0065878420546650884 0.00028695874980517799 -0.0071738291255853794 -0.0073703404717996501 -0.0010633677212071831 0.0011769244354218247 0.0068694534066777967 -0.0096825329586863532
leaf_weight=149 26 39 26 56 381 99 30 94 81 21 25 31 2222 40 116 1496 25 31 55 22 27 62 25 35 27 34 29 20 39 22
leaf_count=149 26 39 26 56 381 99 30 94 81 21 25 31 2222 40 116 1496 25 31 55 22 27 62 25 35 27 34 29 20 39 22
internal_value=-2.89282e-12 0.00261536 0.0011353 -0.000488374 -7.33979e-05 6.34258e-05 0.0022265 -0.00124201 0.000472578 -0.00283025 -0.00115381 0.00342868 -0.000171857 -0.000811799 -0.000632838 -0.00100963 0.00166101 0.00240814 0.00150173 0.00291341 -0.00305469 -0.00181394 0.00170829 0.00472471 -0.00263008 -0.00269151 -0.00562819 0.000363326 0.000453878 -0.00451136
internal_weight=5385 147 108 82 5238 4689 460 549 264 285 191 56 4229 1926 1857 1595 262 237 206 403 135 114 52 90 57 115 69 2303 2261 42
internal_count=5385 147 108 82 5238 4689 460 549 264 285 191 56 4229 1926 1857 1595 262 237 206 403 135 114 52 90 57 115 69 2303 2261 42
is_linear=0
shrinkage=0.05


Tree=20
num_leaves=31
num_cat=0
split_feature=5 3 1 13 13 13 8 5 14 1 14 0 5 14 8 5 3 0 4 6 3 6 6 4 3 13 1 5 1 1
split_gain=0.373172 0.480794 0.765188 0.355349 0.330656 0.417782 0.452913 0.465214 0.364755 0.86017 0.571894 0.527394 0.606261 0.644126 0.755706 0.50375 0.722898 0.560622 1.02599 0.803869 0.497979 0.475888 0.485329 0.457163 0.446054 0.409876 0.402839 0.392795 1.10457 0.840231
threshold=76.135196605719855 0.37079237729161713 0.22939829527288805 -0.19474783695744799 -2.6499059136653353 -1.9794443355391382 -0.40338559781467204 51.977640553557386 -0.7136389802516262 -0.12361532388608641 0.87077160503788364 0.010150675402483602 58.677763239228398 2.0933630483520407 -2.8198245194539546 37.881372920895025 -0.46627195154229889 -0.11010276379925775 0.36945535094326715 0.030408132146673445 0.20187254469463459 0.041454883759733448 0.022540500717077076 0.47617535539810102 0.18299597279473714 -0.76554995754716382 0.10297559699289895 62.620758884653362 0.24048835152044692 0.34506675588896935
decision_type=2 2 2 2 2 2 2 2 2 2 2 2 2 2 2 2 2 2 2 2 2 2 2 2 2 2 2 2 2 2
left_child=4 2 -2 -3 -1 6 -6 -8 15 10 20 12 13 14 24 16 -7 -17 19 25 -10 22 -15 -20 -11 -19 -14 28 -13 -29
right_child=1 3 -4 -5 5 8 7 -9 9 11 -12 27 26 21 -16 17 -18 18 23 -21 -22 -23 -24 -25 -26 -27 -28 29 -30 -31
leaf_value=0.0042967763583197502 0.0034559971232038852 0.0015653275178434949 -0.0067962305320959015 0.0088880607644347739 -0.0092159307003021242 0.0046440370550209827 0.0038634878825038101 -0.0048637919052428496 0.0023382154829387648 -0.0021374510692469049 -0.0024985759706939001 0.00048410239158058158 -0.0015813312652919976 0.0029393002339422186 -0.00067525785731258579 0.0067712526929636424 -0.0051619356501731994 0.0044343996680630696 -0.012628064840100706 0.0051719435204176994 0.0089433235326601603 0.0074526633252389729 -0.0017558418468979653 -0.002392511444631964 -0.0090511173724608356 -0.0019070176979792972 -0.0092229712425785908 0.00018716829147261897 0.005440948898904026 -0.0042529951750246943
leaf_weight=43 52 30 28 37 25 22 26 37 359 51 57 1114 35 129 1464 26 129 29 24 64 31 32 96 20 43 210 34 892 125 121
leaf_count=43 52 30 28 37 25 22 26 37 359 51 57 1114 35 129 1464 26 129 29 24 64 31 32 96 20 43 210 34 892 125 121
internal_value=5.96824e-12 0.0024846 -0.000132283 0.00560922 -6.9728e-05 -0.00010587 -0.00352168 -0.00126206 -4.70117e-05 9.58706e-05 0.00217952 -0.00012932 -0.000746613 -0.000571731 -0.000954291 -0.00129669 -0.00373325 -0.000310303 -0.000840909 0.000195143 0.00286324 0.00174745 0.00093604 -0.00797554 -0.00530009 -0.00113756 -0.00534678 0.000387101 0.000984188 -0.000343197
internal_weight=5385 147 80 67 5238 5195 88 63 5107 4583 447 4136 1884 1815 1558 524 151 373 347 303 390 257 225 44 94 239 69 2252 1239 1013
internal_count=5385 147 80 67 5238 5195 88 63 5107 4583 447 4136 1884 1815 1558 524 151 373 347 303 390 257 225 44 94 239 69 2252 1239 1013
is_linear=0
shrinkage=0.05


Tree=21
num_leaves=31
num_cat=0
split_feature=10 14 8 2 14 2 13 3 4 9 8 1 12 7 7 12 10 13 4 4 7 3 5 8 7 12 3 9 5 14
split_gain=0.427384 0.783378 0.756412 0.533265 0.504386 1.03527 0.763432 0.816302 0.651966 0.667012 0.6797 0.585092 0.529974 0.515675 0.659837 0.506035 0.564702 0.98947 0.624858 0.908897 0.908253 0.657655 0.609833 0.752387 0.60642 0.458649 0.554514 0.859444 0.642043 0.494322
threshold=0.95221155130031587 1.6349533457422492 -1.5774246866612536 0.27837340572156749 -0.044139231384519091 -0.20135286892962714 0.47182756914199325 -0.014882416392279883 0.46726782205286016 0.28225873030481985 1.3187692232926091 -0.19008794069265836 1.2465911544594006 0.14591665300834958 0.094493838546455627 1.0827233097671944 -0.76613373784895822 -0.12414186410067153 0.36149330467157575 0.30709494678676547 0.16772936491411772 -0.19554145783142032 62.041968443078574 0.50333874428896308 0.18272450993593786 -0.56691642837595047 -0.0053343039600091671 1.2007622027472196 59.134778320055894 0.71106183339191531
decision_type=2 2 2 2 2 2 2 2 2 2 2 2 2 2 2 2 2 2 2 2 2 2 2 2 2 2 2 2 2 2
left_child=4 2 -2 -3 6 -6 7 12 9 -8 -11 -7 15 14 -14 16 17 24 19 22 -21 -20 -18 -24 -1 -4 -27 29 -29 -28
right_child=1 3 25 -5 5 11 8 -9 -10 10 -12 -13 13 -15 -16 -17 18 -19 21 20 -22 -23 23 -25 -26 26 27 28 -30 -31
leaf_value=-0.0031202992186364202 -0.0085503066263707544 -0.013348442722450605 -0.0036662589583214226 -0.0023395090236921203 0.0084343347413232544 0.005663087913839549 -0.0082446546600933417 -0.0088277854879076287 0.0060341484861134598 -0.0024656216784907669 0.0058622835598026333 0.00026919463599683018 -0.0062709988582701909 -0.0088834558646859862 0.0064188230969011786 0.0067984747114990434 0.0018109793054813987 -0.010070142472250155 -0.007275327812971139 0.0021847528686300172 0.014002793073525716 0.0016802182546021734 -0.0082953037002256938 0.0035047192740338771 0.0062517128202931168 0.0028238653324063352 -0.0012226212367012696 -0.0096288662715232932 0.0011674949101039343 0.0078786070197820659
leaf_weight=45 29 22 73 22 40 51 47 24 23 425 26 3541 21 28 20 35 374 32 41 37 29 41 35 22 28 151 37 40 21 25
leaf_count=45 29 22 73 22 40 51 47 24 23 425 26 3541 21 28 20 35 374 32 41 37 29 41 35 22 28 151 37 40 21 25
internal_value=-2.71447e-12 -0.00153151 -0.000792822 -0.00784398 0.000129554 0.000434859 -0.000702305 0.00025617 -0.00219613 -0.00257624 -0.00198552 0.000345778 0.000532839 -0.00365292 -8.08418e-05 0.000934532 0.000634476 -0.00273914 0.00124627 0.00191346 0.00737753 -0.00279755 0.00107674 -0.00374091 0.000474445 -0.000144502 0.000793776 -0.00169845 -0.00591209 0.00244723
internal_weight=5385 420 376 44 4965 3632 1333 812 521 498 451 3592 788 69 41 719 684 105 579 497 66 82 431 57 73 347 274 123 61 62
internal_count=5385 420 376 44 4965 3632 1333 812 521 498 451 3592 788 69 41 719 684 105 579 497 66 82 431 57 73 347 274 123 61 62
is_linear=0
shrinkage=0.05


Tree=22
num_leaves=31
num_cat=0
split_feature=9 10 3 9 1 8 0 9 13 6 7 3 1 0 1 4 9 6 11 4 4 8 11 6 13 13 8 8 2 0
split_gain=0.389832 0.428486 0.743777 0.628104 1.02971 0.580984 0.437342 0.434111 0.517523 0.513826 0.411138 0.575363 0.728462 0.398544 1.00802 0.55843 0.543991 0.459561 0.430225 0.654039 0.62336 0.56718 0.652352 0.529772 0.49353 0.47614 0.652239 0.413305 0.398992 0.385728
threshold=0.3034295586116183 1.0064276370909988 -0.033254903479533464 1.1654952478352982 0.12867687530653951 -0.82220666470038217 0.010150675402483602 1.377036824064539 -0.46817191574578348 0.040054260530135416 0.25580150636788312 -0.065810904575214366 0.0081084769330995749 0.14954611964186129 0.085376440499197029 0.56357831078367038 2.3154402166548507 0.027779935080576891 1.5269215890232772 0.54493978681134081 0.38665516055246341 0.015805225651243791 2.0665915526571026 0.067447123339931594 -0.73777620976461045 -0.88594159845669818 0.51402467778564187 0.50333874428896308 0.085403648982552496 0.022264522103844445
decision_type=2 2 2 2 2 2 2 2 2 2 2 2 2 2 2 2 2 2 2 2 2 2 2 2 2 2 2 2 2 2
left_child=10 13 5 4 -4 -3 -5 8 -7 -10 11 -1 -13 18 27 16 17 -16 19 -2 21 22 24 -21 -20 28 -27 -15 -23 -14
right_child=1 2 3 6 -6 7 -8 -9 9 -11 -12 12 29 14 15 -17 -18 -19 20 23 -22 25 -24 -25 -26 26 -28 -29 -30 -31
leaf_value=-0.0054897292815756218 0.00016274166004574361 -0.0072627405915409327 0.0039331927787012921 -0.0098129177468363193 -0.0082722823928903649 0.0051140013168117513 -0.0031312045156179618 0.0048078124484380903 0.00075905128438590161 -0.0088560276373755194 0.0040517536666372731 0.002607953755448208 -0.0062397665392350532 0.012285791946175907 -0.0018016181149275849 -0.0072111711260818313 0.0091852904111146931 0.0029568917998112742 0.0022287244405015372 0.0082275679448826442 -0.0093237835168838504 -0.0035841819291817958 0.006555545867886395 -0.0015526841790415348 -0.005171936156977786 -0.0095481891769598776 0.001232505557127297 0.0038392348024838918 0.0051628859713673597 -0.00068932502763345842
leaf_weight=92 4058 20 48 50 27 27 48 67 33 24 29 92 58 28 103 21 20 100 50 45 25 32 40 20 41 47 20 30 22 68
leaf_count=92 4058 20 48 50 27 27 48 67 33 24 29 92 58 28 103 21 20 100 50 45 25 32 40 20 41 47 20 30 22 68
internal_value=2.19917e-12 0.000110266 -0.00159317 -0.00390464 -0.000460778 0.000745326 -0.00654024 0.001806 -0.000588309 -0.0032894 -0.00164131 -0.00217388 -0.000774536 0.00023489 0.00199196 0.000583581 0.00131762 0.000542475 0.000114291 0.000242443 -0.00179318 -0.0010461 0.00123365 0.00521826 -0.00110564 -0.00351426 -0.00633007 0.00791688 -2.05617e-05 -0.00324429
internal_weight=5385 5046 344 173 75 171 98 151 84 57 339 310 218 4702 302 244 223 203 4400 4123 277 252 131 65 91 121 67 58 54 126
internal_count=5385 5046 344 173 75 171 98 151 84 57 339 310 218 4702 302 244 223 203 4400 4123 277 252 131 65 91 121 67 58 54 126
is_linear=0
shrinkage=0.05


Tree=23
num_leaves=31
num_cat=0
split_feature=9 10 14 5 1 1 12 12 11 1 1 14 2 1 10 3 4 1 14 1 5 5 6 5 1 10 1 10 6 3
split_gain=0.351824 0.386708 0.747217 0.419445 0.55876 0.820736 0.533298 0.731323 0.547307 0.420142 0.629098 0.363536 0.639513 0.544554 0.404377 0.35016 1.21706 0.390338 0.818879 0.546357 0.393456 0.516716 0.325898 0.566881 0.728502 0.503111 0.51747 0.955909 0.730652 0.728857
threshold=0.3034295586116183 1.0064276370909988 1.504835237704246 39.598504495832678 0.10586374131715005 0.1815667620495737 -0.739687262488955 0.05307875847690062 -0.27969993432908602 0.019131388810426312 -0.12691696891197138 -0.33492123384770106 -0.29683233937269288 0.0081084769330995749 0.63726205526457369 1.9196260482772387 0.64212017830514778 0.3856622777669661 0.91394763065762297 0.43324657879919498 71.883069766354325 63.424068623443205 0.026246700876373371 66.654856057033967 0.12867687530653951 -0.75003804489490833 -0.13004362970942632 -0.18802065591725134 0.024387787505527638 0.21648452908113672
decision_type=2 2 2 2 2 2 2 2 2 2 2 2 2 2 2 2 2 2 2 2 2 2 2 2 2 2 2 2 2 2
left_child=11 15 3 -3 6 -6 -5 8 -8 10 -9 12 -1 -13 -15 17 -17 22 -19 -20 21 -21 25 -24 -25 -2 27 -27 29 -28
right_child=1 2 -4 4 5 -7 7 9 -10 -11 -12 13 -14 14 -16 16 -18 18 19 20 -22 -23 23 24 -26 26 28 -29 -30 -31
leaf_value=0.0041167929815128443 -0.0019064131350345064 -0.0041418281850329709 -0.0080302756184186704 -0.0052915678325172683 -0.0087001913569919355 0.0018350487807765603 0.014261016515748843 0.0042442216762962441 0.0030965436594155822 0.0062376577463001022 -0.0052358139228696624 0.002363521569041592 -0.005788108717586676 -0.0012374971014516498 -0.008412672909131896 0.0094813079079980721 -0.0050912445087147803 -0.011366145652507178 -0.0077997410292958928 0.0047369690029881902 0.0064462048038840302 -0.0055614907101824368 0.00062741598651095808 0.01249693969021673 0.0018100734135749427 -0.0029756274466451846 -0.000443747120548591 0.0067584552778862418 -0.0025350253991554242 0.0013480659573792157
leaf_weight=20 326 68 39 22 36 38 21 30 23 25 42 99 88 108 24 38 23 22 21 21 25 29 1424 23 52 38 1360 75 251 974
leaf_count=20 326 68 39 22 36 38 21 30 23 25 42 99 88 108 24 38 23 22 21 21 25 29 1424 23 52 38 1360 75 251 974
internal_value=1.26238e-12 0.000104753 -0.00151351 -0.000680223 0.00031298 -0.0032902 0.00194878 0.00307848 0.00842504 0.000653236 -0.0012858 -0.00155924 -0.00395387 -0.000439676 -0.00254207 0.000223146 0.00398674 0.000173678 -0.00266527 -0.000671316 0.00132464 -0.00123614 0.000247743 0.000850563 0.00508738 -5.10753e-05 0.000173106 0.00348505 2.83283e-05 0.000303993
internal_weight=5385 5046 344 305 237 74 163 141 44 97 72 339 108 231 132 4702 61 4641 118 96 75 50 4523 1499 75 3024 2698 113 2585 2334
internal_count=5385 5046 344 305 237 74 163 141 44 97 72 339 108 231 132 4702 61 4641 118 96 75 50 4523 1499 75 3024 2698 113 2585 2334
is_linear=0
shrinkage=0.05


Tree=24
num_leaves=31
num_cat=0
split_feature=14 13 6 1 6 13 12 0 1 14 10 10 12 7 1 10 6 12 12 0 8 2 2 6 12 7 8 8 14 7
split_gain=0.331395 0.536341 0.481077 0.790084 0.704459 0.647831 0.422934 0.367805 0.484685 0.528078 0.380731 0.470663 0.361064 0.567625 0.41193 0.302592 0.527316 0.673337 0.667635 0.616563 0.669177 0.582688 0.646545 0.464149 0.450225 0.635518 0.511988 0.658676 0.652478 0.595109
threshold=3.5029565573517494 -1.1151408975233343 0.01841433444687705 0.30980585147489831 0.031111589160480787 0.83231176756735059 0.26506322672766214 0.23798266055230924 0.13623866973061041 0.96680019661835404 1.4207461531037213 1.4736470732903166 1.0383104456448471 0.14120265244048055 0.0062975193046111997 -0.65600776405159522 0.032087851631797733 -0.88451318565428316 -0.52592383182920699 0.015224490610939447 -0.059106788105975243 0.4374985322293749 -0.069096460297353987 0.037685754379484022 0.71100182592985017 0.19588275574142444 -0.020384102021379951 0.070707157769643744 2.4777369315533018 0.074984939740933662
decision_type=2 2 2 2 2 2 2 2 2 2 2 2 2 2 2 2 2 2 2 2 2 2 2 2 2 2 2 2 2 2
left_child=7 -2 6 4 -4 -5 -3 10 -9 -10 15 -12 13 -13 -15 16 18 -18 19 -1 -21 22 -19 -24 -17 26 28 -28 -26 -29
right_child=1 2 3 5 -6 -7 -8 8 9 -11 11 12 -14 14 -16 24 17 21 -20 20 -22 -23 23 -25 25 -27 27 29 -30 -31
leaf_value=-0.0065935480239039113 -0.003973374274958457 -0.0038880545546167663 0.0049609670562571605 0.0033858051314018668 0.0158676053956151 -0.0071225576195865867 0.0045467341581926397 0.0098275505893287221 -0.0055829332768917092 0.0046018442564776966 -0.0097138097882270829 -0.0080061506273017991 0.0032473978135854967 0.0030772369186161091 -0.0044694452835811358 0.00035575636505026426 0.0042961116236830618 -0.0035266538328195805 -0.00047612674668646207 0.0052351532985681097 -0.0038564320970778422 -0.0082710817456245426 0.0090211565821216658 -0.00025632568368954319 0.0018127509889681735 -0.0048297402708742179 -0.0069129314452696308 -0.0049200791664000413 -0.0075579244643449789 0.00040681980366388533
leaf_weight=110 35 42 57 55 20 20 23 21 20 35 20 36 31 40 33 3375 95 54 364 29 67 24 26 28 261 95 52 68 20 229
leaf_count=110 35 42 57 55 20 20 23 21 20 35 20 36 31 40 33 3375 95 54 364 29 67 24 26 28 261 95 52 68 20 229
internal_value=4.7743e-13 0.00177025 0.00269664 0.00423615 0.00779386 0.000583575 -0.000903437 -8.6909e-05 0.00336558 0.000898289 -0.000138795 -0.00253894 -0.00151396 -0.00286811 -0.000334277 -6.03753e-05 -0.000951824 0.00108616 -0.00176344 -0.00403812 -0.00111002 -0.00122403 0.000341978 0.00421061 0.000112914 -0.00101756 -0.000442709 -0.00172171 0.0011458 -0.000812807
internal_weight=5385 252 217 152 77 75 65 5133 76 55 5057 160 140 109 73 4897 797 227 570 206 96 132 108 54 4100 725 630 349 281 297
internal_count=5385 252 217 152 77 75 65 5133 76 55 5057 160 140 109 73 4897 797 227 570 206 96 132 108 54 4100 725 630 349 281 297
is_linear=0
shrinkage=0.05


Tree=25
num_leaves=31
num_cat=0
split_feature=9 7 3 1 9 4 0 10 14 8 6 3 9 14 9 14 10 14 3 1 10 4 6 11 6 12 4 11 8 12
split_gain=0.3175 0.370694 0.568334 0.558776 0.35544 0.505424 0.389995 0.324259 0.668108 0.573367 0.343452 0.545955 0.564938 0.326883 0.707696 0.700551 0.508615 0.399568 0.38707 0.376825 0.319197 0.548936 0.717759 0.559582 0.518497 0.716953 0.881164 0.780373 0.681168 0.620049
threshold=0.3034295586116183 0.21429326968094653 -0.081759596324911241 0.0081084769330995749 0.13506675528868331 0.2324746577410943 0.029906560982698064 1.0064276370909988 1.504835237704246 -1.160940781083972 0.073321599255601513 1.9196260482772387 2.2130170572706911 -0.19389483268800872 1.1802626343840246 -0.67896380389071387 1.214989245906599 0.25926960503289959 -0.13690642108228621 -0.20570659152717455 -0.65600776405159522 0.54493978681134081 0.037685754379484022 -1.8738382230899588 0.032087851631797733 -0.88451318565428316 0.37268022773285342 0.12202713317651197 -0.67749822483682609 -0.52592383182920699
decision_type=2 2 2 2 2 2 2 2 2 2 2 2 2 2 2 2 2 2 2 2 2 2 2 2 2 2 2 2 2 2
left_child=1 2 -1 -4 6 -6 -5 10 9 -9 11 20 -13 15 16 19 -15 -16 -17 -11 24 22 23 -22 29 -26 27 -27 -28 -2
right_child=7 -3 3 4 5 -7 -8 8 -10 13 -12 12 -14 14 17 18 -18 -19 -20 -21 21 -23 -24 -25 25 26 28 -29 -30 -31
leaf_value=-0.0059258461118054887 -0.0036223428861816387 0.0024031074019148948 0.0020421028828188298 -0.0099044312226275605 0.0029560674077425252 -0.0063893278534321689 -0.0016213057601513964 -0.0074130241875536747 -0.0075444829005461471 -0.0068582364304277769 -0.0063303398434072736 2.1247436793950888e-05 0.01034742496666257 -0.0021345568450799744 -0.0099850403610616933 0.0082652032166515704 0.0075771512463688852 -0.0022303183747799664 0.0014692867423450068 0.00083658368349438762 0.0079598247408866878 0.0064352832555242285 -0.0021932700941040407 0.00045226563099470888 0.004702331416649364 0.01020812230417505 -0.012552837442074503 -0.00051221394638434564 -0.0017561285368477304 -0.00028642940164093589
leaf_weight=75 217 52 93 30 39 23 27 28 39 26 20 26 27 28 26 40 26 46 44 41 25 37 265 3452 93 24 21 58 48 389
leaf_count=75 217 52 93 30 39 23 27 28 39 26 20 26 27 28 26 40 26 46 44 41 25 37 265 3452 93 24 21 58 48 389
internal_value=-5.61134e-13 -0.00148123 -0.00218501 -0.000861606 -0.00313089 -0.000510773 -0.00598085 9.9512e-05 -0.00138234 -0.000594392 0.000207925 0.000235854 0.00528175 9.48562e-05 -0.00178546 0.00166386 0.00254145 -0.00503063 0.00470544 -0.00214947 0.000178081 0.000374995 0.000315072 0.000506246 -0.000697376 0.00124877 -0.00087826 0.00262545 -0.00504208 -0.00148097
internal_weight=5385 339 287 212 119 62 57 5046 344 305 4702 4682 53 277 126 151 54 72 84 67 4629 3779 3742 3477 850 244 151 82 69 606
internal_count=5385 339 287 212 119 62 57 5046 344 305 4702 4682 53 277 126 151 54 72 84 67 4629 3779 3742 3477 850 244 151 82 69 606
is_linear=0
shrinkage=0.05


Tree=26
num_leaves=31
num_cat=0
split_feature=5 9 9 7 14 2 3 3 13 13 13 10 9 6 0 3 6 3 9 7 7 5 0 11 13 7 6 13 13 7
split_gain=0.30677 0.434358 0.338631 0.367188 0.383914 0.478503 0.425132 0.415242 0.392785 0.31761 0.389064 0.354278 0.520604 0.35239 0.310832 0.987732 0.38628 0.66227 0.673579 0.654805 1.36163 0.712109 0.850003 0.417891 0.574169 0.420096 0.455066 0.409617 0.504679 0.442803
threshold=76.135196605719855 1.4844675419010922 0.3034295586116183 0.25580150636788312 -0.72831253385265893 -0.040453096320856412 0.043083989449238975 0.33041967114912268 0.5771912731528025 -2.6499059136653353 -1.9794443355391382 1.4207461531037213 0.71087765856147678 0.030408132146673445 -0.17366792745860113 -0.32912436277673329 0.026246700876373371 -0.30734469502310235 0.71634783737650343 0.15217181316638323 0.22515468254656903 48.058544491497607 0.018476315136949809 1.1047960330549234 1.1899345282687139 0.16864539711793144 0.045065195691262189 -1.5108075932091358 -1.3705258334289339 0.36280906065112672
decision_type=2 2 2 2 2 2 2 2 2 2 2 2 2 2 2 2 2 2 2 2 2 2 2 2 2 2 2 2 2 2
left_child=2 -2 3 4 -1 -6 -7 8 -8 -4 -11 14 -13 -14 15 -12 -16 23 19 21 -21 -19 -23 24 25 -18 -27 -20 -29 -30
right_child=1 -3 9 -5 5 6 7 -9 -10 10 11 12 13 -15 16 -17 17 18 27 20 -22 22 -24 -25 -26 26 -28 28 29 -31
leaf_value=-0.0058579064175968863 0.0011431414296292507 0.0089102181073810374 0.0044782320162630642 0.0038638611257608446 0.0029884523113231317 -0.0064947185897229545 -0.00075364764336319202 -0.0041742794062649352 0.0071423542907550226 -0.0034103867096014367 0.0041736810530225441 0.0041384234949946403 -0.0087020438563610841 -0.002261972445359623 -0.00014044398421162138 -0.0073461086147141698 -0.010817135522994514 0.0053953405162517698 0.005398108456283808 -0.010252099083166342 0.0035698070589985165 -0.0088461158540228315 0.0037346773799508816 0.0026526104983141917 0.0029795546262037188 0.0020610270312144646 -0.0083480528245369594 -0.004872037454333622 0.0016684312996908168 -0.0038900813691922138
leaf_weight=56 126 21 40 28 52 48 63 62 21 82 30 25 28 88 3000 49 31 47 65 49 28 29 25 28 21 21 21 32 1132 37
leaf_count=56 126 21 40 28 52 48 63 62 21 82 30 25 28 88 3000 49 31 47 65 49 28 29 25 28 21 21 21 32 1132 37
internal_value=-2.21386e-13 0.00225272 -6.32208e-05 -0.00161363 -0.00212147 -0.00127091 -0.00241259 -0.00107052 0.00122035 4.10242e-05 4.56401e-06 6.30734e-05 -0.00240603 -0.00381647 0.000138024 -0.0029715 0.000191824 0.000828353 0.00112723 -0.00175274 -0.00522595 0.000895154 -0.00302167 -0.00270914 -0.00430626 -0.00640217 -0.00314351 0.00153215 0.00132292 0.0014925
internal_weight=5385 147 5238 330 302 246 194 146 84 4908 4868 4786 141 116 4645 79 4566 1566 1444 178 77 101 54 122 94 73 42 1266 1201 1169
internal_count=5385 147 5238 330 302 246 194 146 84 4908 4868 4786 141 116 4645 79 4566 1566 1444 178 77 101 54 122 94 73 42 1266 1201 1169
is_linear=0
shrinkage=0.05


Tree=27
num_leaves=31
num_cat=0
split_feature=5 3 1 9 1 3 1 5 5 0 9 7 3 2 13 10 3 9 1 8 9 13 11 2 11 8 8 3 11 1
split_gain=0.27686 0.393782 0.660903 0.305614 0.369278 0.958524 0.392309 0.525038 0.714986 0.51271 0.357531 0.338569 0.425386 0.570459 0.290966 0.289517 0.638746 0.550052 0.971645 0.411194 0.373275 0.404236 0.333989 0.314697 0.278367 0.31924 0.297104 0.266492 0.263331 0.262468
threshold=76.135196605719855 0.37079237729161713 0.22939829527288805 0.3034295586116183 0.74090086638812858 1.9196260482772387 0.3856622777669661 65.124515595955955 55.183582371427498 0.23798266055230924 1.6192528448031902 0.21429326968094653 -0.081759596324911241 -0.040453096320856412 -0.19474783695744799 1.0392644834565483 -0.020219506226558989 1.2684222236776992 0.13110598362906015 0.36448429752590911 1.377036824064539 -0.5462956950380885 -0.68266483396955913 0.18302994640026363 0.58644513594041692 0.13997869938821905 0.24290718016575405 0.24572828308732389 -0.040366202324765336 -0.15283365359768522
decision_type=2 2 2 2 2 2 2 2 2 2 2 2 2 2 2 2 2 2 2 2 2 2 2 2 2 2 2 2 2 2
left_child=3 2 27 11 5 6 9 8 -8 15 -9 12 -1 -14 -3 29 20 18 19 -18 21 -17 -23 28 26 -26 -15 -2 -19 -5
right_child=1 14 -4 4 -6 -7 7 10 -10 -11 -12 -13 13 24 -16 16 17 23 -20 -21 -22 22 -24 -25 25 -27 -28 -29 -30 -31
leaf_value=-0.0054554255475645855 0.0059363901504184474 0.0013086111824183416 -0.0064214054678034573 0.0014623354993544627 -0.0052324096418239858 0.0083193171529897629 -0.0070273396071223989 -0.01155114621770653 0.0046426104128892932 0.0059444983905130953 -0.0028905177560563274 0.0023022874277465201 0.005099635923397728 -0.0024834538545971084 0.0079348501938118331 0.0032276299735531215 -0.00074059576727449896 -0.0062112599223231278 -0.0096520742135388516 0.0087184135243296625 0.0033257784848165226 -0.0012068590137343377 -0.0091540679894387723 -0.0019979197531938553 -0.0024413845363132499 -0.0099836540780961526 0.0030424862181314748 -0.0014210020005702975 -0.013618059683358297 2.5714459022048231e-05
leaf_weight=74 32 30 28 345 33 35 21 22 35 37 26 49 32 71 37 30 27 30 21 20 73 39 20 22 47 20 37 20 20 4052
leaf_count=74 32 30 28 345 33 35 21 22 35 37 26 49 32 71 37 30 27 30 21 20 73 39 20 22 47 20 37 20 20 4052
internal_value=3.47754e-12 0.00214009 -0.000228186 -6.00597e-05 3.8973e-05 7.46562e-05 1.50357e-05 -0.00302271 0.000266379 8.17429e-05 -0.00685997 -0.00153295 -0.00220172 -0.00103857 0.00496788 3.55795e-05 -0.00146196 -0.00393553 -0.000710608 0.00328451 0.000675691 -0.00149798 -0.00390083 -0.00698129 -0.00216098 -0.00469281 -0.000590308 0.00310662 -0.00917398 0.000138435
internal_weight=5385 147 80 5238 4908 4875 4840 104 56 4736 48 330 281 207 67 4699 302 140 68 47 162 89 59 72 175 67 108 52 50 4397
internal_count=5385 147 80 5238 4908 4875 4840 104 56 4736 48 330 281 207 67 4699 302 140 68 47 162 89 59 72 175 67 108 52 50 4397
is_linear=0
shrinkage=0.05


Tree=28
num_leaves=31
num_cat=0
split_feature=0 5 12 2 1 2 8 12 3 4 1 0 8 5 2 10 2 12 12 10 7 3 10 3 11 2 9 3 5 11
split_gain=0.259378 0.589842 0.403445 0.655772 0.31613 0.449381 0.403207 0.394578 0.491935 0.390988 0.442274 0.654448 0.66013 0.60471 0.535619 0.529242 0.516337 0.51413 0.432412 0.375919 0.370099 0.367029 0.4767 0.399266 0.360969 0.357444 0.373594 0.613923 0.367182 0.344651
threshold=0.010150675402483602 58.677763239228398 0.15757830309805601 0.20539821329289101 -0.15283365359768522 0.062972374064982031 -2.5022409996917996 0.17893452232430596 0.38283767757280346 0.47617535539810102 -0.22278397312695411 -0.052677134863087498 -0.075080154121304102 41.734121990175886 -0.10034273991874469 0.4822662603855728 -0.04218624047776403 0.22926374920432221 0.033938678312358396 -0.2969994057937298 0.17518306264557057 0.040626213906666327 1.0392644834565483 -0.40700131322992417 -0.28844104004216309 -0.12106444495727024 1.6904621445051853 0.60312361070950926 41.734121990175886 1.5269215890232772
decision_type=2 2 2 2 2 2 2 2 2 2 2 2 2 2 2 2 2 2 2 2 2 2 2 2 2 2 2 2 2 2
left_child=1 4 3 -3 5 9 7 8 -6 10 11 12 15 16 -15 19 17 -12 -14 -1 -9 23 25 -8 -11 -23 -27 28 -28 -25
right_child=-2 2 -4 -5 6 -7 21 20 -10 24 13 -13 18 14 -16 -17 -18 -19 -20 -21 -22 22 -24 29 -26 26 27 -29 -30 -31
leaf_value=-0.0052605051826685664 0.00034901473720006876 0.0048778779176063842 -0.0091235542369465673 -0.0079261429398320617 -0.007141606819788939 0.0081615345907353233 0.0054114615868615067 0.0036152203038737583 -0.00055030062794685368 0.0082644681259989739 -0.0023237932697465677 -0.0087463886886513954 -0.0016575307557359338 0.0022026268282206731 0.012303257210268863 -0.0098052072105929266 -0.0070164782359548239 0.0045173295593836848 0.0069522196593295258 0.004433815302327275 -0.0046953862266881129 0.0050597498578831513 -0.0048865725129279636 -0.00093309515847804492 0.00037079381623438429 0.00058300673618802716 8.6752308111283054e-05 0.0032538750007127721 -0.0079201953278647524 -0.004473185390662892
leaf_weight=20 2677 20 31 20 69 21 23 37 48 30 53 29 25 35 21 24 23 57 35 20 21 41 43 721 28 1041 21 30 45 76
leaf_count=20 2677 20 31 20 69 21 23 37 48 30 53 29 25 35 21 24 23 57 35 20 21 41 43 721 28 1041 21 30 45 76
internal_value=-3.64007e-12 -0.000345019 -0.00484219 -0.00152413 -0.000223935 0.00103207 -0.000462554 -0.00276586 -0.00443748 0.000657774 1.4016e-05 -0.00198441 -0.000402979 0.00163179 0.00599036 -0.00393529 -0.0002034 0.00122115 0.00336482 -0.000413345 0.000606208 -0.000265063 0.000284411 -0.00108324 0.00445373 0.000473166 0.000307774 -0.00267678 -0.00537253 -0.00127067
internal_weight=5385 2708 71 40 2637 421 2216 175 117 400 342 153 124 189 56 64 133 110 60 40 58 2041 1221 820 58 1178 1137 96 66 797
internal_count=5385 2708 71 40 2637 421 2216 175 117 400 342 153 124 189 56 64 133 110 60 40 58 2041 1221 820 58 1178 1137 96 66 797
is_linear=0
shrinkage=0.05


Tree=29
num_leaves=31
num_cat=0
split_feature=5 9 9 1 4 8 1 9 6 6 11 13 12 8 10 6 2 10 2 6 4 12 4 2 12 10 10 12 5 9
split_gain=0.245595 0.381553 0.273252 0.333753 0.361786 0.461311 0.364726 0.353862 0.333149 0.80832 0.753426 0.749988 0.705316 1.01766 0.772715 0.694234 0.602583 0.825779 0.685045 0.652608 0.594 0.532814 0.512189 0.729072 0.605829 0.497958 0.541823 0.47989 0.448784 0.419784
threshold=76.135196605719855 1.4844675419010922 0.3034295586116183 0.74090086638812858 0.51488693966316568 1.0070503898016265 -0.13703398000946879 1.4951258504801366 0.037685754379484022 0.032303926165316833 -1.0781762139206854 -0.39452161960238635 -0.057786217190327636 -0.5306723205184315 0.028300639452452623 0.034027697576529722 -0.12917982355843807 -0.56171641050957832 -0.19346090360576843 0.041031929167025923 0.33885543347068964 -0.57575087934988589 0.30898700136664242 0.1087425235105033 0.8147858882956347 -0.54118411776455488 -0.73875185103489882 -0.6585723412847021 53.114941415503743 1.4654567114709602
decision_type=2 2 2 2 2 2 2 2 2 2 2 2 2 2 2 2 2 2 2 2 2 2 2 2 2 2 2 2 2 2
left_child=2 -2 -1 4 8 7 -7 -6 9 10 21 16 13 -11 -14 -16 18 -18 -10 -19 -17 -4 -12 24 28 26 27 -13 -24 -15
right_child=1 -3 3 -5 5 6 -8 -9 11 12 22 25 14 29 15 20 17 19 -20 -21 -22 -23 23 -25 -26 -27 -28 -29 -30 -31
leaf_value=-0.0014492886516095358 0.00097568056870451472 0.0082553443144119925 -0.010225142083234258 -0.0049743391799204279 -0.0033220834962628797 0.010490141877044853 0.0021931148617079965 0.0034621636511292311 -0.0026274266784816094 -0.00093007011073495969 0.00016172167943776579 0.0063940498456358909 0.0032351979096843439 0.0089922189263899523 0.0025881285344560943 -0.01212459988978312 -0.0010697934923595504 -0.016071257715963801 0.0079173363558948037 -0.0058945158882997934 -0.0015361449537942043 -0.0021738431297329275 -0.0010330261855289854 -0.0065879896489512745 -0.0069184669759124523 -0.00079412718839997622 0.011086176661774517 -0.0032196552768625599 0.0080135540821804456 0.0035147599978983162
leaf_weight=330 126 21 27 33 37 26 27 40 67 64 3632 25 88 82 30 27 57 23 20 50 26 86 29 69 20 189 20 27 26 61
leaf_count=330 126 21 27 33 37 26 27 40 67 64 3632 25 88 82 30 27 57 23 20 50 26 86 29 69 20 189 20 27 26 61
internal_value=-6.52999e-12 0.00201563 -5.6567e-05 3.70756e-05 7.09991e-05 0.00267329 0.00626335 0.000202201 -2.96484e-07 0.000139928 -7.46213e-05 -0.00125205 0.00234729 0.00431033 -2.90216e-05 -0.00348988 -0.00342412 -0.00557956 -0.000203343 -0.00910089 -0.00693026 -0.0040976 4.57699e-05 -0.00287879 0.000533671 0.000553847 0.00409228 0.00140232 0.00324354 0.00665568
internal_weight=5385 147 5238 4908 4875 130 53 77 4745 4267 3889 478 378 207 171 83 217 130 87 73 53 113 3776 144 75 261 72 52 55 143
internal_count=5385 147 5238 4908 4875 130 53 77 4745 4267 3889 478 378 207 171 83 217 130 87 73 53 113 3776 144 75 261 72 52 55 143
is_linear=0
shrinkage=0.05


Tree=30
num_leaves=31
num_cat=0
split_feature=14 13 0 1 7 2 13 7 8 1 12 9 12 4 0 12 0 14 0 0 9 9 9 9 4 0 10 8 9 4
split_gain=0.257636 0.458578 0.536018 0.452227 0.889138 0.575271 0.427644 0.377287 0.32245 0.299094 0.295569 0.715102 0.6957 0.709999 0.639983 0.535306 0.460409 0.855607 0.594125 0.799062 0.529669 0.626755 0.514655 0.465347 0.438105 0.82539 0.542904 0.430164 0.412158 0.397496
threshold=3.5029565573517494 -1.2947380168388001 -0.013037956566360696 0.30980585147489831 0.15945172581648012 0.37302380717210898 0.61314591879400437 0.24376805296340784 -4.2541835381050896 0.165950998681378 -0.44986938593859127 0.77812063547276444 -0.17173819362255052 0.19683075838713501 -0.063777855777450584 -0.67972546933537703 -0.057809372295734456 1.044077721952904 0.03264273236829341 0.019974330881989969 1.0953609482595301 0.79501450656979666 1.6427525856451826 1.1400817105183496 0.37622141420428329 -0.067980565927832012 -0.34282322046682551 -0.73314504536535796 0.39676304441033777 0.34117101422904889
decision_type=2 2 2 2 2 2 2 2 2 2 2 2 2 2 2 2 2 2 2 2 2 2 2 2 2 2 2 2 2 2
left_child=8 -2 -3 4 9 -6 7 -5 -1 -4 11 14 13 -12 15 27 17 23 19 22 21 -20 -18 -15 29 -26 -27 -10 -16 -14
right_child=1 2 3 6 5 -7 -8 -9 10 -11 12 -13 24 16 28 -17 18 -19 20 -21 -22 -23 -24 -25 25 26 -28 -29 -30 -31
leaf_value=-0.002859817360135197 -0.0057036280073225502 0.0089520371796634919 -0.0022480667637642094 -0.0034513001474676588 0.00334687864407897 0.015339284744113686 -0.0075744750041683963 0.0047567859292030334 -0.0020087978887287053 0.0036198605102701828 -0.00083986525044493971 -4.0893985314567326e-05 -3.0099437703821333e-05 0.0063347376676808516 -0.0080943894331102027 -0.0060376085387542841 0.0058265206570693286 -0.0093790961429476745 0.0034158155111418593 0.014825147364965895 0.0047567824007322401 -0.0050769206431383893 -0.0028526972117833794 -0.002313264989892819 0.0024719723775711803 -0.0098490253768183985 -0.0026621992306336186 0.0069135492910364915 -0.003013446883852381 0.0032913630539100737
leaf_weight=102 20 26 49 28 20 20 22 28 22 39 178 977 2866 35 54 20 117 20 42 22 75 45 20 28 67 33 129 35 153 93
leaf_count=102 20 26 49 28 20 20 22 28 22 39 178 977 2866 35 54 20 117 20 42 22 75 45 20 28 67 33 129 35 153 93
internal_value=-3.05509e-12 0.00156087 0.00218711 0.00133329 0.00316205 0.00934308 -0.00166775 0.000652743 -7.66293e-05 0.000352492 -2.02021e-05 -0.000682854 0.000201444 0.00179112 -0.00289129 0.00100037 0.00295031 -0.000369127 0.00380861 0.00597989 0.00167754 -0.000976979 0.00455948 0.00249118 -8.87665e-05 -0.00219572 -0.00412618 0.00346984 -0.00433891 7.42926e-05
internal_weight=5385 252 232 206 128 40 78 56 5133 88 5031 1261 3770 582 284 77 404 83 321 159 162 87 137 63 3188 229 162 57 207 2959
internal_count=5385 252 232 206 128 40 78 56 5133 88 5031 1261 3770 582 284 77 404 83 321 159 162 87 137 63 3188 229 162 57 207 2959
is_linear=0
shrinkage=0.05


Tree=31
num_leaves=31
num_cat=0
split_feature=6 14 7 1 4 5 1 14 13 13 13 13 7 4 1 11 11 4 10 3 4 12 5 13 7 4 3 8 1 10
split_gain=0.240411 0.398715 0.384583 0.237892 0.594984 0.55497 0.44545 0.588177 0.386606 0.371097 0.460103 0.561588 0.630128 0.52758 0.496281 0.427033 0.748446 0.395824 0.374336 0.549275 0.485194 0.339433 0.317183 0.580406 0.340251 0.44671 0.517417 0.429124 0.334755 0.314788
threshold=0.073321599255601513 5.2207687122396296 0.18390711688197686 -0.047419749206102195 0.64212017830514778 59.971471793518127 -0.05338846451796813 0.27080337518764935 0.66973932085611676 0.45544802323648326 0.71450685281482629 0.95426334509023636 0.072684927144119102 0.31329694846180128 -0.18443026016918465 -0.8191459595281817 -1.293259517810728 0.24344605067689229 0.059414633252990616 -0.1264966506061139 0.23323525903577294 -0.44986938593859127 52.958707915461282 0.03789925005339851 0.24376805296340784 0.37268022773285342 -0.2218419263979011 0.30569924169983492 -0.13430284998518791 -0.17502063649916205
decision_type=2 2 2 2 2 2 2 2 2 2 2 2 2 2 2 2 2 2 2 2 2 2 2 2 2 2 2 2 2 2
left_child=1 3 -3 4 5 6 9 8 -8 22 13 14 -13 17 -12 16 -14 29 19 -17 -20 -16 24 -24 25 -1 -27 -28 -26 -11
right_child=-2 2 -4 -5 -6 -7 7 -9 -10 10 11 12 15 -15 21 18 -18 -19 20 -21 -22 -23 23 -25 28 26 27 -29 -30 -31
leaf_value=0.0011373441850057683 -0.0053393560239956492 -7.0338970648923098e-05 0.0080774401128292077 -0.00023708178446687673 0.0086655031381682925 0.0060498216749346329 -0.0050836576335132125 0.0087073763459920885 0.0047474960330873735 -0.0083764076341010102 0.0090201156437397009 -0.006785505161517197 0.0014823417376921796 -0.01040802892612587 -0.0040351976000238213 0.0085402429994086131 -0.0079596551816637929 0.0021519537763418379 0.0035047523546381854 -0.00044728871161008586 -0.004710524501960453 0.0029084938864054333 -0.0042582351126168906 0.0037690022756578403 0.0019718075466031832 -0.008451169544692945 -0.0038141339763944205 0.0047190460376441484 0.0088582921624183655 -0.0018006902362685652
leaf_weight=584 21 28 30 3778 22 42 20 35 20 28 25 45 43 23 24 34 41 37 32 34 41 66 76 32 60 27 34 26 25 52
leaf_count=584 21 28 30 3778 22 42 20 35 20 28 25 45 43 23 24 34 41 37 32 34 41 66 76 32 60 27 34 26 25 52
internal_value=-3.18514e-12 2.09035e-05 0.00414403 -2.41665e-05 0.000502269 0.000383019 0.000220447 0.0039738 -0.000168081 1.7782e-05 -0.00103065 -0.00013806 -0.00138434 -0.00348527 0.00278799 -0.000304107 -0.00312625 -0.00212438 0.00137717 0.00404648 -0.00110931 0.00105684 0.00065485 -0.00187979 0.00101694 0.000639407 -0.00270307 -0.000116423 0.00399724 -0.00410219
internal_weight=5385 5364 58 5306 1528 1506 1464 75 40 1389 525 385 270 140 115 225 84 117 141 68 73 90 864 108 756 671 87 60 85 80
internal_count=5385 5364 58 5306 1528 1506 1464 75 40 1389 525 385 270 140 115 225 84 117 141 68 73 90 864 108 756 671 87 60 85 80
is_linear=0
shrinkage=0.05


Tree=32
num_leaves=31
num_cat=0
split_feature=14 13 11 12 13 14 9 9 8 10 2 13 1 5 1 13 11 10 9 9 12 12 8 4 8 12 5 14 9 9
split_gain=0.234144 0.50472 0.590414 0.542147 0.582346 0.50279 0.498643 0.623206 0.472384 0.458379 0.46952 0.517876 0.459662 0.858702 0.446852 0.428475 0.491532 0.544434 0.454336 0.862211 0.434814 0.409304 0.465029 0.409647 0.403185 0.388943 0.367062 0.478339 0.552804 0.877701
threshold=0.16030020717009211 0.43171628776113691 -0.19185782688320169 0.72153568313191307 1.4281406969897932 -1.6202666333043423 1.0445419299480803 0.64392459949039871 -0.23423642033866346 1.0392644834565483 -0.20135286892962714 -2.1823404189427289 0.080862985854916261 49.012291756925642 0.24048835152044692 0.85520162559005164 -1.0781762139206854 0.20331643469179714 1.5127315094789302 1.0399185459357092 0.14567212974677976 -0.0060263405601156768 -0.29026967798204389 0.19954712856600007 1.3187692232926091 0.12790049845974324 34.971239908235688 -1.3013503589565611 1.552245382533513 1.2805235332246487
decision_type=2 2 2 2 2 2 2 2 2 2 2 2 2 2 2 2 2 2 2 2 2 2 2 2 2 2 2 2 2 2
left_child=1 2 6 15 -5 -4 7 -1 -9 10 -2 -12 13 -11 -14 18 17 -17 19 21 -19 -3 -23 -24 -18 -8 -7 -28 29 -29
right_child=9 3 5 4 -6 26 25 8 -10 12 11 -13 14 -15 -16 16 24 20 -20 -21 -22 22 23 -25 -26 -27 27 28 -30 -31
leaf_value=0.0055897672631544998 0.0074796469639176917 -0.0074620689691890195 0.0073466030703414056 -0.0058396110052728609 0.0013644329448406762 0.0023235209342725213 0.0093311639932485736 0.0033588763196021319 -0.0051479007275973231 -0.0045088218142733567 -0.0068581546135246755 0.00036524199498922668 -0.0090899154985029443 0.0059852596345756738 -0.0010706551634939389 -0.00974242443461781 0.0006955769212264231 0.0033597712839643166 -0.0087767992662265894 0.0031758173354543176 -0.0061579134874045855 -0.0077789497543842749 -0.0033093560856973961 0.0037925502861145179 0.0078814673148805189 0.0023969302330875682 -0.007043359730935967 -0.00028768074473355641 0.0028165479345868033 -0.005104835805807101
leaf_weight=40 23 49 21 116 37 103 39 25 47 44 25 3321 38 35 32 23 277 30 25 65 20 26 45 37 21 42 30 532 102 115
leaf_count=40 23 49 21 116 37 103 39 25 47 44 25 3321 38 35 32 23 277 30 25 65 20 26 45 37 21 42 30 532 102 115
internal_value=1.14645e-12 -0.000452579 0.000236938 -0.00143275 -0.00409746 -0.000299572 0.00274714 0.000585815 -0.00219416 0.000240183 0.00036021 0.000311272 -0.0024737 0.000140455 -0.00542397 -0.000773039 0.000301199 -0.0033759 -0.00238657 -0.00166695 -0.000447303 -0.00367192 -0.00195231 -0.000104837 0.00120197 0.00573564 -0.000481624 -0.000852523 -0.000604559 -0.0011439
internal_weight=5385 1867 1096 771 153 903 193 112 72 3518 3369 3346 149 79 70 618 371 73 247 222 50 157 108 82 298 81 882 779 749 647
internal_count=5385 1867 1096 771 153 903 193 112 72 3518 3369 3346 149 79 70 618 371 73 247 222 50 157 108 82 298 81 882 779 749 647
is_linear=0
shrinkage=0.05


Tree=33
num_leaves=31
num_cat=0
split_feature=0 5 13 12 2 13 14 0 1 11 1 6 0 1 7 6 2 11 4 12 14 13 12 13 5 11 11 13 12 5
split_gain=0.227523 0.53271 0.366711 0.357403 0.575046 0.319302 0.333981 0.494768 0.431527 0.440912 0.433579 0.42525 0.421275 0.335285 0.428204 0.36837 0.528945 0.385788 0.345756 0.455271 0.372588 0.41742 0.361358 0.355457 0.331928 0.328586 0.323955 0.314385 0.517455 0.407786
threshold=0.010150675402483602 58.677763239228398 -2.6499059136653353 0.15757830309805601 0.20539821329289101 -2.1823404189427289 2.0933630483520407 0.0014768280636890954 0.082705349045091983 0.42197839704213075 0.005222633653745202 0.023855743524434959 -0.03043027167140205 -0.15283365359768522 0.064114644322173495 0.021283962064986589 -0.15139005337366504 0.60600295751954503 0.47617535539810102 0.10663608751357195 -0.4833165630726815 -0.35575276835197939 -0.61513209937797231 0.41703369918254934 40.033924529143192 -0.72928458107043304 0.15934485984699617 1.8056047899690426 -0.67972546933537703 45.289104267355825
decision_type=2 2 2 2 2 2 2 2 2 2 2 2 2 2 2 2 2 2 2 2 2 2 2 2 2 2 2 2 2 2
left_child=1 2 -1 4 -3 -4 13 8 9 11 -11 -8 -10 15 -15 -7 18 24 19 20 21 -17 -20 26 25 -18 -21 29 -29 -2
right_child=27 3 5 -5 -6 6 7 -9 12 10 -12 -13 -14 14 -16 16 17 -19 22 23 -22 -23 -24 -25 -26 -27 -28 28 -30 -31
leaf_value=0.0065366454805189282 0.0049087552335113291 0.0045210551077616403 -0.0061249074870315589 -0.0086266351022547295 -0.0074690051272045827 -0.0052660601416035843 0.0060905424478862975 -0.0052292895689606675 0.0080089808975268781 0.00053487623170498885 -0.0086431598163802508 -0.0011129727517254651 0.0017008837549236872 0.00080735059039591247 -0.0010569935480210311 -0.011364333857782186 0.0051873398778427933 0.0086330484482459724 0.0086491784524349944 0.0087737350613765787 0.0014144889591261745 -0.0029292156115512959 -0.00033192337335397802 -0.0023250252928119154 0.0056652222675355997 -0.0024144422940232538 0.0011974171529589006 -0.0080311199714397565 -0.00020850269543305519 0.00034872590531622772
leaf_weight=20 50 20 23 31 20 23 42 25 48 31 22 40 59 386 1524 20 21 31 21 21 30 55 24 40 44 44 43 29 78 2520
leaf_count=20 50 20 23 31 20 23 42 25 48 31 22 40 59 386 1524 20 21 31 21 21 30 55 24 40 44 44 43 29 78 2520
internal_value=4.67283e-12 -0.000323139 -0.000208069 -0.00459697 -0.00147398 -0.000259614 -0.000207609 0.00146729 0.00215909 0.000279374 -0.00327487 0.00257663 0.00453068 -0.000399786 -0.00068022 0.000884695 0.00124375 0.00371138 -0.000116362 -0.000972356 -0.00329485 -0.00517858 0.00385926 0.00137247 0.00231164 4.15181e-05 0.0036834 0.000326881 -0.00232865 0.000437442
internal_weight=5385 2708 2637 71 40 2617 2594 267 242 135 53 82 107 2327 1910 417 394 140 254 209 105 75 45 104 109 65 64 2677 107 2570
internal_count=5385 2708 2637 71 40 2617 2594 267 242 135 53 82 107 2327 1910 417 394 140 254 209 105 75 45 104 109 65 64 2677 107 2570
is_linear=0
shrinkage=0.05


Tree=34
num_leaves=31
num_cat=0
split_feature=6 14 10 1 5 5 4 0 1 7 4 1 1 5 1 9 9 7 2 6 6 10 9 0 0 0 9 5 0 0
split_gain=0.226425 0.353024 0.36266 0.230579 0.588772 0.688781 0.457713 0.38903 0.391232 0.356972 0.493663 0.700037 0.317348 0.522938 0.466734 0.367858 0.412486 0.471936 0.509936 0.673945 0.913168 0.662532 0.628634 0.673887 0.74659 0.611207 0.483583 0.475476 0.442602 0.590413
threshold=0.073321599255601513 5.2207687122396296 -0.30382715951768785 0.34506675588896935 62.620758884653362 56.894778704600945 0.64212017830514778 0.22080941204569707 0.11822327050754601 0.32065306497681501 0.36945535094326715 0.45544589461369372 0.19659561193232769 58.677763239228398 0.21464067409852419 1.2742493487813136 1.2872826273457783 0.074425046223683525 -0.34886041574787396 0.036779831585268173 0.034330685890211876 0.020922184905572253 1.3071654986889445 0.14954611964186129 0.11560480708793176 -0.079259336288434554 1.552245382533513 51.355404234602752 -0.063777855777450584 -0.052677134863087498
decision_type=2 2 2 2 2 2 2 2 2 2 2 2 2 2 2 2 2 2 2 2 2 2 2 2 2 2 2 2 2 2
left_child=1 3 -3 6 5 -5 7 12 -9 10 11 -6 15 14 -14 -1 -17 27 -19 20 22 -22 -20 24 28 -21 -26 -18 -24 -30
right_child=-2 2 -4 4 9 -7 -8 8 -10 -11 -12 -13 13 -15 -16 16 17 18 19 25 21 -23 23 -25 26 -27 -28 -29 29 -31
leaf_value=8.9905272499734529e-05 -0.0051817170477339199 0.0078537024942965349 -5.3741474603784495e-05 -0.0019874594440417634 -0.0063243243597053862 0.007357177155261691 0.0066639960958407478 0.009517223112994716 0.0010523467527281565 0.0010881794849410653 -0.010506934319333784 0.0034817432951448225 0.0077879046851938418 -4.6881304099640282e-06 0.0018634908839457614 -0.0063801917350193599 -0.0065457022137272716 0.0057914877907023765 0.0073289335053414104 0.00031550034237120097 0.010179220992014619 0.00026984447312931864 -0.0031647498650855797 0.006540859962503115 -0.012946878648584799 -0.0049163854126596735 -0.002083302177488804 -0.00030324990283198925 0.0079619186849373847 -0.00029104194285658498
leaf_weight=3348 21 29 29 49 52 33 26 21 39 32 29 28 44 350 136 34 67 32 25 90 37 31 131 30 21 147 20 56 23 375
leaf_count=3348 21 29 29 49 52 33 26 21 39 32 29 28 44 350 136 34 67 32 25 90 37 31 131 30 21 147 20 56 23 375
internal_value=1.33244e-12 2.02864e-05 0.00389998 -2.21227e-05 -0.00159576 0.00177319 4.69155e-05 1.28945e-05 0.00401505 -0.003555 -0.00491814 -0.0028922 -3.51603e-05 0.00112163 0.00331168 -0.00017241 -0.000957248 -0.000787312 -0.000414439 -0.000627976 0.000159158 0.00566171 -0.00043952 -0.000763206 -0.00114763 -0.00292959 -0.00764757 -0.00370361 -0.000643854 0.000185888
internal_weight=5385 5364 58 5306 223 82 5083 5057 60 141 109 80 4997 530 180 4467 1119 1085 962 930 693 68 625 600 570 237 41 123 529 398
internal_count=5385 5364 58 5306 223 82 5083 5057 60 141 109 80 4997 530 180 4467 1119 1085 962 930 693 68 625 600 570 237 41 123 529 398
is_linear=0
shrinkage=0.05


Tree=35
num_leaves=31
num_cat=0
split_feature=12 12 14 2 8 1 8 0 11 1 14 0 1 12 9 8 10 8 10 7 12 12 0 0 10 1 14 11 4 7
split_gain=0.221139 0.299194 0.586569 0.579579 0.271598 0.700842 0.542656 0.998073 0.627605 0.461361 0.425711 0.391477 1.06531 0.458 0.556514 0.439625 0.67296 0.635086 0.624367 0.520642 0.712616 0.574699 0.699525 0.562769 0.489798 0.536633 0.489558 0.742255 0.459053 0.457522
threshold=2.460419036470459 1.6703724373601863 -0.63354521294417188 -0.0021237625556756452 0.7168533012247259 0.095857915887160097 1.064507472347185 0.13572511571354942 -0.90239690465035027 0.10894344700259041 1.4197654161000643 0.17503929697751544 0.11704043160348977 -0.74945127865564565 1.2872826273457783 -0.0051668748308229253 -0.65600776405159522 -0.040539545938894618 0.2756275995615623 0.12277059593146071 0.84051561572498767 -1.3791515788512121 -0.061752542971748751 0.1053892976075629 -0.90107861445849424 0.17923758555376626 2.0933630483520407 2.0665915526571026 0.16187952201598238 0.12019762936247533
decision_type=2 2 2 2 2 2 2 2 2 2 2 2 2 2 2 2 2 2 2 2 2 2 2 2 2 2 2 2 2 2
left_child=1 4 -3 -4 11 -6 7 -7 10 -10 -8 15 -13 -14 -15 17 24 26 -19 20 21 -18 -23 -24 25 -17 27 29 -21 -1
right_child=-2 2 3 -5 5 6 8 -9 9 -11 -12 12 13 14 -16 16 19 18 -20 28 -22 22 23 -25 -26 -27 -28 -29 -30 -31
leaf_value=0.0001574753766790844 0.0051208830482902985 -0.0078052234835922722 0.0054832304937816739 -0.0055920630172338519 0.001689501058611815 -0.00064879428564814767 -0.013071142770349981 0.010731533363461495 -0.0081863838469698313 -0.0003922080872621566 -0.0031939574604621158 0.011841847874224187 -0.0057254755772495024 -0.0021893336799823577 0.0065427413229150952 0.00037704676860542325 -0.0085408954373137527 0.0055258640595296825 -0.0019225013481142623 0.0080094245127508082 -0.0045881823166382674 -0.0056796847164565538 -0.00017924289633406191 0.0077691883557354626 -0.00572408917124666 -0.0082406072538684719 0.001480524731235713 0.0063771242032817105 0.0005970139240932857 -0.0014263077280306181
leaf_weight=1088 21 36 27 21 687 84 20 25 21 198 24 25 24 36 37 101 22 101 39 22 128 57 701 23 113 22 444 40 413 785
leaf_count=1088 21 36 27 21 687 84 20 25 21 198 24 25 24 36 37 101 22 101 39 22 128 57 701 23 113 22 444 40 413 785
internal_value=5.00041e-12 -2.00482e-05 -0.00298064 0.00063779 2.70522e-05 0.000742991 -0.001005 0.00196137 -0.00223441 -0.00113959 -0.00768359 -0.000152569 0.00263853 0.000266536 0.00223651 -0.000235641 -0.000882114 0.000179117 0.00345096 -0.000456159 -0.0011234 -0.000571108 -0.000346607 7.32625e-05 -0.0033476 -0.00116432 -1.52229e-05 -0.00036238 0.000971894 -0.00050631
internal_weight=5385 5364 84 48 5280 1059 372 109 263 219 44 4221 122 97 73 4099 1602 2497 140 1366 931 803 781 724 236 123 2357 1913 435 1873
internal_count=5385 5364 84 48 5280 1059 372 109 263 219 44 4221 122 97 73 4099 1602 2497 140 1366 931 803 781 724 236 123 2357 1913 435 1873
is_linear=0
shrinkage=0.05


Tree=36
num_leaves=31
num_cat=0
split_feature=5 3 1 2 1 9 12 12 14 2 5 13 12 4 8 0 1 0 2 9 12 12 14 10 0 8 0 0 1 5
split_gain=0.20342 0.331421 0.56557 0.243932 0.24226 0.549308 0.925019 0.792442 0.550937 0.529999 0.490306 0.436531 0.399394 0.593478 0.553989 0.631296 0.92601 0.581059 0.565355 0.455912 0.401589 0.62457 0.514691 0.393987 0.384532 0.366458 0.720009 0.390144 1.06112 0.451724
threshold=76.135196605719855 0.37079237729161713 0.22939829527288805 0.39589292692931938 -0.047419749206102195 0.44102866849692957 -0.45878700193729011 -0.12107973975476044 -1.3013503589565611 0.28091443212929296 59.971471793518127 0.25814745233554554 0.67411941244276308 0.45459946067037094 0.17832990829775233 -0.03043027167140205 -0.18443026016918465 -0.1498329673636519 -0.052800565162124051 0.9923240574260711 -0.59194236254650157 -1.8366014335827863 -0.74703245455578704 0.37435652696522104 -0.092874107346265708 2.90867223837787 0.084962660890943856 0.14954611964186129 0.091650100734021037 70.188934322883213
decision_type=2 2 2 2 2 2 2 2 2 2 2 2 2 2 2 2 2 2 2 2 2 2 2 2 2 2 2 2 2 2
left_child=4 2 -2 -3 9 6 -6 11 -7 10 12 -8 13 20 17 16 -16 -14 -19 -20 21 -1 23 -23 -24 27 -27 -10 -29 -30
right_child=1 3 -4 -5 5 8 7 -9 25 -11 -12 -13 14 -15 15 -17 -18 18 19 -21 -22 22 24 -25 -26 26 -28 28 29 -31
leaf_value=0.0053818518179468812 0.0027466797422116196 0.001629044309002994 -0.0060674065615915302 0.007679802970913795 -0.0076334839716794035 -0.00813111886382103 0.0076118284852580266 -0.0022020755734550681 -5.6006484528540112e-05 -0.0068960931617766622 0.0060548897704575215 -0.00041429073971812615 -0.0065078271497040988 0.0045215812041515526 -0.0018143637932772781 -0.00075482862056770294 -0.01509170460049063 0.0039010645796328652 -0.0057641114742081195 0.0029248613291061841 0.0010924309339769686 -0.0087186481848004326 0.0031446583811581756 -0.00019222370348870755 -0.0021442555195136256 0.002246951919403814 -0.0061274577528379406 0.0089810522387011177 -0.002004552100096708 0.0033040125454238188
leaf_weight=32 52 36 28 31 62 21 36 271 2962 24 40 32 25 102 29 78 24 105 36 26 786 42 48 20 121 42 66 45 92 71
leaf_count=32 52 36 28 31 62 21 36 271 2962 24 40 32 25 102 29 78 24 105 36 26 786 42 48 20 121 42 66 45 92 71
internal_value=-2.49995e-12 0.00183442 -0.00033825 0.00442865 -5.14814e-05 -0.000270714 -0.00201813 -0.000991133 -5.83121e-05 0.000475931 0.000592793 0.00383483 0.000444568 0.000880567 -0.0011091 -0.00361599 -0.00782674 0.000601325 0.00166557 -0.00212035 0.000526531 -0.00116471 -0.0020716 -0.00596819 -0.000642079 -6.59487e-06 -0.00287074 9.09849e-05 0.0021842 0.000307767
internal_weight=5385 147 80 67 5238 3700 401 339 3299 1538 1514 68 1474 1151 323 131 53 192 167 62 1049 263 231 62 169 3278 108 3170 208 163
internal_count=5385 147 80 67 5238 3700 401 339 3299 1538 1514 68 1474 1151 323 131 53 192 167 62 1049 263 231 62 169 3278 108 3170 208 163
is_linear=0
shrinkage=0.05


Tree=37
num_leaves=31
num_cat=0
split_feature=14 13 0 6 1 13 3 1 8 6 10 10 6 6 0 3 14 7 4 6 1 3 14 4 2 11 7 2 13 7
split_gain=0.196267 0.419205 0.395155 0.319978 0.678726 0.538668 0.453341 0.35077 0.289648 0.280662 0.288295 0.279407 0.2785 0.25042 0.418171 0.554731 0.313761 0.441018 0.287743 0.625943 0.614191 0.599217 0.745638 0.573369 0.712219 0.537883 0.528458 0.513362 0.606896 0.549587
threshold=3.5029565573517494 -1.1151408975233343 -0.013037956566360696 0.01841433444687705 0.30980585147489831 0.61314591879400437 1.1838403865817533 0.17387159324932547 -4.2541835381050896 0.047464703268222337 0.21468063552689354 -0.36943070200629408 0.021800272923057678 0.056003656228331554 0.25625928207082044 0.99926150325431085 -0.53028165197273991 0.30760542629446253 0.37268022773285342 0.032303926165316833 0.065068694583275036 -0.23863061993885329 -0.9915252897493142 0.30898700136664242 0.1087425235105033 -1.0781762139206854 0.19267557485540152 -0.083750670421818982 0.03789925005339851 0.27883400139063469
decision_type=2 2 2 2 2 2 2 2 2 2 2 2 2 2 2 2 2 2 2 2 2 2 2 2 2 2 2 2 2 2
left_child=8 -2 -3 7 6 -6 12 -4 9 10 11 -1 -5 14 15 18 -15 -18 19 23 21 22 -20 25 -25 -10 -21 28 -28 -29
right_child=1 2 3 4 5 -7 -8 -9 13 -11 -12 -13 -14 16 -16 -17 17 -19 20 26 -22 -23 -24 24 -26 -27 27 29 -30 -31
leaf_value=-0.0021573301914031618 -0.0037154939823916982 0.0086997690388844126 -0.0056520900682828926 0.0075066270391372127 0.0023337886706754868 -0.0070840311914005076 0.012319265551526438 0.0020684470099607303 -0.0036188188004353558 -0.0080154324788600222 -0.0054173467391780738 0.0052650317727100287 -0.00044921712780540641 0.006888901191795695 0.0044889296616893266 -0.006124599994233761 0.0039925524043307329 -0.004871021891417711 0.0038397105809833323 0.0031740879809122832 -0.0042143671038215903 0.0011989942377853514 -0.0073874149725306777 0.00011755498598103187 -0.0069983978279685574 7.8509296699514109e-05 -0.0079713905481873341 0.0058069054606180136 0.001024934330857114 -0.0041893429495394232
leaf_weight=32 35 21 28 22 49 22 22 31 101 20 29 21 22 29 50 38 36 23 21 276 127 226 50 74 67 3774 37 44 38 20
leaf_count=32 35 21 28 22 49 22 22 31 101 20 29 21 22 29 50 38 36 23 21 276 127 226 50 74 67 3774 37 44 38 20
internal_value=-3.62353e-12 0.00136234 0.00218135 0.00148294 0.00280871 -0.000584409 0.00645889 -0.00159554 -6.68829e-05 -0.00270471 -0.00140941 0.000783606 0.0035287 -1.34028e-05 -6.04706e-05 -0.000106959 0.00263041 0.000537261 -5.98595e-05 5.92126e-05 -0.00130422 -5.98119e-05 -0.00406672 -0.000131823 -0.00326378 -1.78598e-05 0.00190788 -0.000606309 -0.00341325 0.00268308
internal_weight=5385 252 217 196 137 71 66 59 5133 102 82 53 44 5031 4943 4893 88 59 4855 4431 424 297 71 4016 141 3875 415 139 75 64
internal_count=5385 252 217 196 137 71 66 59 5133 102 82 53 44 5031 4943 4893 88 59 4855 4431 424 297 71 4016 141 3875 415 139 75 64
is_linear=0
shrinkage=0.05


Tree=38
num_leaves=31
num_cat=0
split_feature=12 12 14 2 2 7 7 8 12 12 12 12 10 12 11 10 13 10 0 4 7 8 3 11 11 0 14 7 2 10
split_gain=0.203439 0.265786 0.5224 0.50942 0.241413 0.288109 0.228122 0.558957 0.545397 0.515878 0.492376 0.611385 0.51791 0.867981 0.472033 0.751589 0.567966 0.44458 0.394063 0.37488 0.613444 0.622341 0.570961 0.499865 0.807869 0.43063 0.410142 0.43234 0.386466 0.381141
threshold=2.460419036470459 1.6703724373601863 -0.63354521294417188 -0.0021237625556756452 -0.44163151895948077 0.47367579540529897 0.091375758556354006 0.011232163120378997 -1.3791515788512121 -1.2645860906475641 0.73807229677831498 0.63568800211216658 -0.59685770627584833 0.038420826314242158 -0.11205218323522374 0.60051997417558134 0.78669956989513812 -0.36372959490394691 0.010150675402483602 0.24207809778202014 0.077161805699456673 -0.21596613236026105 -0.025930940482689121 0.95814149942999027 0.85576331287540119 0.036997161825744314 1.5262335611277396 0.070706928860269261 0.028298297475657933 0.40932571662090206
decision_type=2 2 2 2 2 2 2 2 2 2 2 2 2 2 2 2 2 2 2 2 2 2 2 2 2 2 2 2 2 2
left_child=1 4 -3 -4 -1 6 7 9 -9 18 11 12 13 -10 16 17 -14 -16 -6 20 22 28 -11 24 25 26 -24 -28 -22 -21
right_child=-2 2 3 -5 5 -7 -8 8 10 19 -12 -13 14 -15 15 -17 -18 -19 -20 29 21 -23 23 -25 -26 -27 27 -29 -30 -31
leaf_value=0.0041639394951718195 0.0049116664166961406 -0.0073626825896402201 0.0051478474935585704 -0.0052354914890158748 0.0013691187681009374 -0.0046596100384538831 0.00028226546329738968 -0.0079376577772200113 -0.0075789840878056946 0.0044353441847488281 -0.0036486851385576871 0.0054732190410140902 -0.0044705259227697048 0.0015890545497227106 0.0033210145772859822 0.009550584164326607 0.00077037621370476235 -0.00083620443999511652 0.01087207455188036 0.0039298590380536106 -0.0085809965051062732 0.00094898019293655766 -0.00079483057596653169 0.0038688463742621772 -0.0090251428489055898 -0.0035762831064503546 0.0014456858501246531 0.0091184991057075195 -0.0026813368494289797 -0.0025198529731353808
leaf_weight=35 21 36 27 21 24 33 3267 30 67 80 154 40 118 42 86 23 92 255 20 109 46 70 248 71 27 77 146 21 70 29
leaf_count=35 21 36 27 21 24 33 3267 30 67 80 154 40 118 42 86 23 92 255 20 109 46 70 248 71 27 77 146 21 70 29
internal_value=4.71144e-12 -1.92291e-05 -0.00280964 0.000605137 2.51638e-05 -2.45431e-06 2.70327e-05 -0.00040168 -0.00130844 0.000390647 -0.00108168 -0.000534899 -0.000886765 -0.00404635 -0.000286775 0.000802304 -0.00217451 0.000212244 0.00568864 0.000156128 -0.000233747 -0.00277414 0.000471498 -6.59728e-05 -0.000604262 -0.000142141 0.000495038 0.00241053 -0.00502086 0.00257448
internal_weight=5385 5364 84 48 5280 5245 5212 1945 907 1038 877 723 683 109 574 364 210 341 44 994 856 186 670 590 519 492 415 167 116 138
internal_count=5385 5364 84 48 5280 5245 5212 1945 907 1038 877 723 683 109 574 364 210 341 44 994 856 186 670 590 519 492 415 167 116 138
is_linear=0
shrinkage=0.05


Tree=39
num_leaves=31
num_cat=0
split_feature=6 14 4 3 0 3 5 13 7 0 1 0 4 13 13 8 0 4 5 13 0 0 13 13 5 10 3 0 10 13
split_gain=0.193342 0.294604 0.332826 0.206359 0.502945 0.303286 0.619335 0.46928 0.410608 0.355293 0.452687 0.545033 0.736437 0.644375 0.37255 0.431417 0.32429 0.395721 0.485498 0.28682 0.2423 0.629632 0.720801 0.691337 0.561737 0.486219 0.436792 0.392391 0.860847 0.420634
threshold=0.073321599255601513 5.2207687122396296 0.29319176141939568 -0.46627195154229889 -0.051215797260410471 -0.30734469502310235 37.881372920895025 0.47182756914199325 0.098740319529246945 -0.17366792745860113 -0.18443026016918465 -0.085631019550524476 0.42449553535879808 0.73309192205325291 -0.55939640411672176 1.0070503898016265 -0.10053891284073461 0.3999995680523955 49.177134691589465 -0.088804815217112074 -0.060338828145336081 -0.066501788660492153 -1.1851833469156803 -1.7212629649156084 43.361526513671429 0.079088649282691784 0.75170169531297326 -0.081745124539293654 0.079088649282691784 0.83231176756735059
decision_type=2 2 2 2 2 2 2 2 2 2 2 2 2 2 2 2 2 2 2 2 2 2 2 2 2 2 2 2 2 2
left_child=1 3 -3 4 -1 6 7 -5 -8 -7 11 13 14 19 -13 -16 -10 18 -18 -11 21 22 23 -12 25 -23 27 -24 29 -29
right_child=-2 2 -4 5 -6 9 8 -9 16 10 20 12 -14 -15 15 -17 17 -19 -20 -21 -22 24 26 -25 -26 -27 -28 28 -30 -31
leaf_value=0.0067204610963485069 -0.004788225623113769 -9.6254407738645883e-05 0.0074834589447293964 -0.0012427893743194916 -0.0027975567009138023 -0.0038354373694855278 0.0050668535816172765 -0.01007215905633262 0.0039777170046276988 0.0048406045495842896 -0.00042468990820149585 0.0029292899742722513 0.0085679370771686077 0.011158596297665951 -0.0010120776468621835 -0.010077100508801994 -0.0060551342662106241 -0.0078160924570901055 0.0034685777944105213 -0.0026273691374808553 0.00011756203356942824 -0.0062825880559353999 -0.0020792007937746929 0.011576495046028867 -0.0097256567528737452 0.0028733269921664539 0.005380761009399538 0.0024232658826804257 -0.0029179737868404334 0.010730509553104639
leaf_weight=35 21 30 28 27 23 59 30 34 21 36 24 25 20 31 35 21 23 28 32 20 4125 29 352 24 35 29 27 64 77 20
leaf_count=35 21 30 28 27 23 59 30 34 21 36 24 25 20 31 35 21 23 28 32 20 4125 29 352 24 35 29 27 64 77 20
internal_value=7.95581e-12 1.87459e-05 0.00356292 -1.99956e-05 0.00294607 -5.27761e-05 -0.00198767 -0.00616408 -8.64666e-05 2.18932e-05 6.74644e-05 0.00247436 -2.42657e-05 0.00537507 -0.0021458 -0.00441146 -0.001573 -0.0029774 -0.000514065 0.00217347 -2.6688e-05 -0.00090045 -0.000295816 0.0055759 -0.0047233 -0.00170463 -0.000817746 -0.00114398 0.000900716 0.00440118
internal_weight=5385 5364 58 5306 58 5248 195 61 134 5053 4994 188 101 87 81 56 104 83 55 56 4806 681 588 48 93 58 540 513 161 84
internal_count=5385 5364 58 5306 58 5248 195 61 134 5053 4994 188 101 87 81 56 104 83 55 56 4806 681 588 48 93 58 540 513 161 84
is_linear=0
shrinkage=0.05


Tree=40
num_leaves=31
num_cat=0
split_feature=12 12 14 2 1 2 5 4 9 12 12 13 14 9 1 4 1 5 9 4 2 4 3 12 0 8 1 3 12 12
split_gain=0.182016 0.238544 0.45759 0.456217 0.253865 0.437341 0.439612 0.430618 0.415439 0.803549 0.813332 0.460852 0.399549 0.557108 0.714514 0.443368 0.399195 0.629046 0.626964 0.527908 0.531149 0.467551 0.810027 0.384013 0.388416 0.381752 0.366125 0.615075 0.380043 0.472887
threshold=2.460419036470459 1.6703724373601863 -0.63354521294417188 -0.0021237625556756452 -0.047419749206102195 0.28091443212929296 59.971471793518127 0.43162251284231012 0.44102866849692957 -0.45878700193729011 -0.12107973975476044 0.25814745233554554 1.144702818883395 0.33068510677362667 0.036428892477049175 0.24993140209055478 -0.014518648232659857 53.248944072777142 0.58574721889882564 0.27735930875427506 0.001989738511591455 0.64212017830514778 1.9196260482772387 0.26506322672766214 0.040740261617427172 0.31533837175883378 -0.054316258203936922 -0.0077749492795143307 -0.59194236254650157 -1.8366014335827863
decision_type=2 2 2 2 2 2 2 2 2 2 2 2 2 2 2 2 2 2 2 2 2 2 2 2 2 2 2 2 2 2
left_child=1 4 -3 -4 5 6 7 26 9 -6 11 -11 13 14 -12 23 17 18 -10 20 25 22 -18 -14 -25 -19 28 -28 29 -1
right_child=-2 2 3 -5 8 -7 -8 -9 16 10 12 -13 15 -15 -16 -17 21 19 -20 -21 -22 -23 -24 24 -26 -27 27 -29 -30 -31
leaf_value=0.0042288411794037658 0.0046458722047862553 -0.0069229962485325008 0.0048331624517838163 -0.0049930203972118241 -0.0068828425968864146 -0.0062624126854960039 0.0059235237485084401 0.0031447160031672543 0.0050080874068004523 0.0076804300083611644 0.0038871173768050293 -0.00041560828030924314 -0.0017878386837941026 -0.0065166090656354845 -0.0045315155762413488 -0.004964718117413146 0.0001606358684857466 0.0072150529914156158 -0.0036304966551807781 0.0077990126545326071 -0.0045069825085924898 -0.0055593382088201387 0.0076053892639843194 0.0012893694490194322 0.010637819757685067 -0.0014517354390894376 -0.0016202447031225477 0.0070581912623756396 0.00047329160449860312 -0.0025826015866117643
leaf_weight=29 21 36 27 21 63 23 39 143 23 39 44 32 31 79 59 27 2923 27 242 26 41 35 37 25 20 24 35 49 955 210
leaf_count=29 21 36 27 21 63 23 39 143 23 39 44 32 31 79 59 27 2923 27 242 26 41 35 37 25 20 24 35 49 955 210
internal_value=5.95107e-12 -1.81885e-05 -0.00266174 0.000534207 2.38679e-05 0.000578626 0.000686396 0.000542661 -0.000192805 -0.0016778 -0.000756688 0.00403151 -0.00194954 -0.0033579 -0.000935206 0.000539031 -8.60869e-06 -0.00152857 -0.00288073 0.00150807 -0.000269799 0.000185763 0.000253695 0.00249431 0.00544424 0.00313656 0.000251507 0.00344218 2.70381e-05 -0.00175611
internal_weight=5385 5364 84 48 5280 1483 1460 1421 3797 419 356 71 285 182 103 103 3378 383 265 118 92 2995 2960 76 45 51 1278 84 1194 239
internal_count=5385 5364 84 48 5280 1483 1460 1421 3797 419 356 71 285 182 103 103 3378 383 265 118 92 2995 2960 76 45 51 1278 84 1194 239
is_linear=0
shrinkage=0.05


Tree=41
num_leaves=31
num_cat=0
split_feature=14 10 2 0 1 1 5 1 6 12 2 2 12 1 0 1 10 14 14 4 7 1 4 0 1 5 1 1 2 8
split_gain=0.172464 0.382119 0.410186 0.462842 0.463502 0.372335 0.749291 0.399958 0.364985 0.645048 0.609944 0.573364 0.582949 1.07965 0.515205 0.491115 0.471279 0.470818 0.800253 0.50932 0.519333 0.494462 0.41223 0.542454 0.411539 0.388366 0.384204 0.484298 0.509782 0.389002
threshold=0.16030020717009211 1.0392644834565483 -0.20135286892962714 -0.16475870940308976 -0.19008794069265836 0.080862985854916261 49.012291756925642 0.24048835152044692 0.029832863082636062 -0.44228896184214589 -0.015051066806249956 1.0000000180025095e-35 0.30150422858192466 0.11531348020868172 0.06185851263450682 0.02476495727067141 0.32694969426731191 -0.76288607341872916 -0.46988199036446987 0.20669828824040593 0.076359111817364406 -0.045231200612453774 0.3338838622309302 -0.17366792745860113 -0.099575317996495091 49.830707579503432 0.18597564569154515 -0.15283365359768522 -0.1439010445376421 -0.94220403819543552
decision_type=2 2 2 2 2 2 2 2 2 2 2 2 2 2 2 2 2 2 2 2 2 2 2 2 2 2 2 2 2 2
left_child=8 2 -2 -4 -5 6 -3 -7 9 17 -11 15 14 16 -13 -12 -14 24 -19 -20 -21 -22 23 -10 -1 -18 27 28 -24 -29
right_child=1 5 3 4 -6 7 -8 -9 22 10 11 12 13 -15 -16 -17 25 18 19 20 21 -23 26 -25 -26 -27 -28 29 -30 -31
leaf_value=-0.012920383533293551 0.006970120051308819 -0.0042619626129718124 -0.0069584225727753208 0.0057365902341329142 0.00025349026404183781 -0.0083952621801903372 0.0055407996954662461 -0.00080845246557146319 -0.005387791881168431 0.00053036831216797086 -0.0024102426095244786 -0.00074507959810010086 0.00079067978196848277 -0.011532848898787052 0.0058733801485504958 -0.012880388571925106 -0.010015689103823642 0.0034690277460454541 -0.010335759376175702 0.00403771836056628 0.0010911222458595321 -0.0085630070728560295 -2.4937948779224008e-05 0.0028212775775454391 -0.0032492113222939555 -0.0014977811195421966 0.0047922287019900979 -0.0076040616462705662 0.0080369115361700882 -0.0015919711283055417
leaf_weight=22 23 44 22 39 3285 38 35 32 22 650 24 111 92 32 40 21 23 44 28 22 21 36 133 236 22 32 32 32 23 169
leaf_count=22 23 44 22 39 3285 38 35 32 22 650 24 111 92 32 40 21 23 44 28 22 21 36 133 236 22 32 32 32 23 169
internal_value=6.05458e-12 0.000206135 0.000315723 0.000269981 0.000317823 -0.00227174 8.10333e-05 -0.00492701 -0.000388421 -0.000897526 -0.00039606 -0.00200187 -0.0012799 -0.00321005 0.00100815 -0.00729631 -0.00139828 -0.00353344 -0.00220721 -0.00454137 -0.00248766 -0.00500622 0.000571562 0.00212128 -0.0080848 -0.00505982 -0.000456271 -0.000926725 0.00116367 -0.00254912
internal_weight=5385 3518 3369 3346 3324 149 79 70 1867 1220 1025 375 330 179 151 45 147 195 151 107 79 57 647 258 44 55 389 357 156 201
internal_count=5385 3518 3369 3346 3324 149 79 70 1867 1220 1025 375 330 179 151 45 147 195 151 107 79 57 647 258 44 55 389 357 156 201
is_linear=0
shrinkage=0.05


Tree=42
num_leaves=31
num_cat=0
split_feature=5 9 13 9 13 8 11 10 9 0 7 11 8 11 5 11 14 12 10 11 7 0 8 12 11 3 13 1 13 7
split_gain=0.17211 0.297972 0.215684 0.406365 0.300417 0.322152 0.251552 0.198676 0.363908 0.29756 0.366428 0.294048 0.414273 0.314491 0.564812 0.574299 0.386328 0.305716 0.650594 0.289373 0.30322 0.291307 0.728606 0.518199 0.351694 0.307299 0.388654 0.276519 0.299795 0.273725
threshold=76.135196605719855 1.4844675419010922 -2.6499059136653353 0.89159095858793913 -1.9794443355391382 -0.15376116654428001 0.841866739182626 1.4207461531037213 0.71087765856147678 0.05263227147999195 0.22135239592561398 -2.0085951795615622 0.032757125087797642 -1.0781762139206854 65.857734599163436 -1.1736647110851488 -0.23963736966372332 -0.17173819362255052 0.49658356011921589 -1.007288777489131 0.14030023344475831 0.16947747684569284 3.1142461447036172 -0.98757632394196426 -0.28844104004216309 1.2776113738871475 -0.10397671173038707 0.3856622777669661 0.22027920348489996 0.17349444819609242
decision_type=2 2 2 2 2 2 2 2 2 2 2 2 2 2 2 2 2 2 2 2 2 2 2 2 2 2 2 2 2 2
left_child=2 -2 3 -1 5 -4 -7 11 -9 10 -10 12 -6 14 15 17 -17 18 -13 20 -15 25 23 -23 -25 27 -27 -21 -29 -19
right_child=1 -3 4 -5 7 6 -8 8 9 -11 -12 13 -14 19 -16 16 -18 29 -20 21 -22 22 -24 24 -26 26 -28 28 -30 -31
leaf_value=-0.0012696555053645915 0.00076832971198388222 0.0072014483224068365 -0.0070752834330403041 0.0084542662437473021 0.0080880685398976009 0.0027591857369299289 -0.0038932218953656654 0.0023889180165357314 -0.0064864314295295065 0.0010935026252021393 0.0012390709854662419 -0.0041874247906503806 -0.00051842435295211856 -0.00014456510543823243 -0.0090415302353600673 -0.011016732051502914 -0.0021582420275080951 0.00021990191971146784 0.0047975323728992256 -3.3010414050751371e-05 0.0084577621448607681 -0.0032607710666277194 -0.0059665144097221937 0.010354381119599567 0.0035500483885053781 -0.00014089416584064221 0.0084608175985825557 0.00049352986819070318 -0.0072106121806427836 0.0063271937870013062
leaf_weight=22 126 21 31 21 27 27 30 39 66 30 20 66 29 20 24 20 32 43 29 4356 21 22 23 25 79 29 24 23 28 32
leaf_count=22 126 21 31 21 27 27 30 39 66 30 20 66 29 20 24 20 32 43 29 4356 21 22 23 25 79 29 24 23 28 32
internal_value=-3.97631e-12 0.00168735 -4.73539e-05 0.00347924 -7.65442e-05 -0.0029731 -0.000742081 -2.6633e-05 -0.00178936 -0.00319412 -0.0046898 2.85411e-05 0.00363113 -1.26651e-05 -0.00175492 -0.00096718 -0.00556535 0.00043932 -0.00144465 7.95059e-05 0.0042615 4.23044e-05 0.00221709 0.00371092 0.00518571 -3.0351e-05 0.00375422 -7.58655e-05 -0.0037362 0.00282568
internal_weight=5385 147 5238 43 5195 88 57 5107 155 116 86 4952 56 4896 246 222 52 170 95 4650 41 4609 149 126 104 4460 53 4407 51 75
internal_count=5385 147 5238 43 5195 88 57 5107 155 116 86 4952 56 4896 246 222 52 170 95 4650 41 4609 149 126 104 4460 53 4407 51 75
is_linear=0
shrinkage=0.05


Tree=43
num_leaves=31
num_cat=0
split_feature=12 12 10 4 13 5 2 4 4 2 13 5 2 2 10 14 4 7 8 7 5 9 13 9 4 12 10 12 5 7
split_gain=0.171275 0.21086 0.627092 0.520881 0.504567 0.452928 0.720953 0.494879 0.782572 0.442002 0.424464 0.492903 0.424194 0.421264 0.385129 0.377862 0.376212 0.492017 0.33965 0.311586 0.552232 0.412889 0.636022 0.637823 0.678206 0.484299 0.385573 0.622116 0.572922 0.426061
threshold=2.460419036470459 0.71100182592985017 0.2493572171963552 0.22918001959433695 1.1717030141814131 46.184190469512451 0.062972374064982031 0.29467105175282454 0.27631093672266532 0.27010241191044942 0.92707115159465137 45.497821261246933 0.15832078773508976 -0.019072857623824432 -0.20008540592266863 0.66564321054546949 0.26538948990337458 0.17518306264557057 0.54167710896641796 0.24376805296340784 26.078018204724682 0.57762139514080935 0.94365604166821981 1.7012194285397395 0.47617535539810102 -1.0697171901972033 -0.65600776405159522 -1.9891225161687138 52.533498790159591 0.23350628545131297
decision_type=2 2 2 2 2 2 2 2 2 2 2 2 2 2 2 2 2 2 2 2 2 2 2 2 2 2 2 2 2 2
left_child=1 19 5 4 10 6 16 8 9 13 11 -4 -13 -7 15 -15 -3 -18 -9 20 -1 -21 23 -23 -25 -24 27 28 -22 -28
right_child=-2 2 3 -5 -6 7 -8 18 -10 -11 -12 12 -14 14 -16 -17 17 -19 -20 21 26 22 25 24 -26 -27 29 -29 -30 -31
leaf_value=-0.0067636616295203567 0.0045067085840162779 -0.001531834359630011 -0.0047917658240873027 -0.0038782661977131358 0.0056499212111035986 0.0020296780772142762 0.0092316093087634627 -0.0074539871304295964 0.0097220931290870616 0.0054308203097175939 -0.0072632149936488052 0.0043266163318086475 -0.0020403184472246373 -0.0044216105714440347 -0.0048409210031112549 0.0041464469635919222 0.0095287633958556078 -0.00093025669286196883 -3.751379509384816e-05 0.0052642311864116494 0.0090750346958105056 0.0001983100283416731 -0.00974807579602514 0.010139410343112016 0.00092915721619740526 -0.0007261718616492171 0.00032867143072757969 -0.0014691596551781312 -0.0015752180803405202 -0.0045162869576850671
leaf_weight=30 21 65 44 211 30 69 34 38 21 29 26 59 47 22 85 31 23 22 26 61 28 163 21 41 39 51 3348 631 23 46
leaf_count=30 21 65 44 211 30 69 34 38 21 29 26 59 47 22 85 31 23 22 26 61 28 163 21 41 39 51 3348 631 23 46
internal_value=7.31041e-13 -1.76437e-05 -0.000724327 -0.00213219 -0.000343729 0.000538207 0.00286807 -0.000506963 0.00047273 -0.000350306 -0.00136537 -0.000343082 0.00150354 -0.00116022 -0.00275517 0.000589895 0.000901152 0.00441546 -0.00444104 0.000121422 -4.73353e-06 0.00149907 0.000769946 0.00199291 0.00564941 -0.00335756 4.50132e-05 -0.00103984 0.00427198 0.000263006
internal_weight=5385 5364 882 417 206 465 144 321 257 236 176 150 106 207 138 53 110 45 64 4482 4106 376 315 243 80 72 4076 682 51 3394
internal_count=5385 5364 882 417 206 465 144 321 257 236 176 150 106 207 138 53 110 45 64 4482 4106 376 315 243 80 72 4076 682 51 3394
is_linear=0
shrinkage=0.05


Tree=44
num_leaves=31
num_cat=0
split_feature=8 8 13 3 11 6 8 11 11 5 12 13 14 13 4 14 6 5 5 10 4 3 3 3 14 5 5 1 7 11
split_gain=0.15954 0.434745 0.532378 0.599427 0.618864 0.57363 0.497841 0.46383 0.459261 0.609659 0.564904 0.398244 0.397848 0.393073 0.369759 0.364011 0.400723 0.3467 0.393987 0.368434 0.477357 0.408906 0.34302 0.328195 0.309548 0.539698 0.418872 0.522158 0.585943 0.538497
threshold=-0.79921057767977144 -0.29026967798204389 0.41703369918254934 0.0072902182723864071 -0.36168007482401687 0.029979543245579259 -0.24269329863311837 1.1240338227135831 -0.12973528501106243 35.618755159666129 -0.52592383182920699 1.0262137975852725 0.58510998711898665 0.73309192205325291 0.25484361703560593 1.7640962616789546 0.024387787505527638 59.394145768140788 56.397055017714059 -0.18802065591725134 0.25071834794989417 0.069102399284611718 0.22607718926008194 0.16800577422731369 2.0933630483520407 44.82594125102397 52.191985369424934 -0.12691696891197138 0.067100324437185846 -0.8191459595281817
decision_type=2 2 2 2 2 2 2 2 2 2 2 2 2 2 2 2 2 2 2 2 2 2 2 2 2 2 2 2 2 2
left_child=24 2 8 11 5 -5 7 15 14 -10 12 -4 -11 -6 -2 16 -3 18 19 20 22 -21 -12 -15 26 -26 27 29 -29 -1
right_child=1 6 3 4 13 -7 -8 -9 9 10 17 -13 -14 23 -16 -17 -18 -19 -20 21 -22 -23 -24 -25 25 -27 -28 28 -30 -31
leaf_value=-0.003828388673233955 0.0074018065177369865 -0.011514131019690208 -0.0075074007552934866 0.0017589275271778827 -0.0043468019440390023 0.012220407202275966 1.3020738295157852e-05 0.0033711978606879712 0.0071631992748007181 -0.0086034215676287825 -0.0020450723521207694 -0.0006950700997064511 -0.00056767167664284631 0.0063775928529060406 0.0015591824136208744 0.00028046465114406918 -0.0034367718679063465 0.0068906047991637524 -0.0054379525660936331 0.0036874961601022411 0.0090773879039672111 -0.0034196808354463428 0.0058624948918198552 -0.001268625683668587 0.0050133662673437765 -0.00057815358248355724 0.001661614185043921 0.0025962621545451777 -0.0027651456208948508 0.003384701998236225
leaf_weight=36 68 28 41 38 49 20 3598 20 40 24 32 45 43 23 45 23 34 29 21 34 31 50 24 36 63 137 123 57 481 92
leaf_count=36 68 28 41 38 49 20 3598 20 40 24 32 45 43 23 45 23 34 29 21 34 31 50 24 36 63 137 123 57 481 92
internal_value=2.16529e-12 0.000129086 0.00127848 -0.000554815 0.00120041 0.00536633 -8.60175e-05 -0.00347973 0.00232608 0.00137901 0.000575646 -0.00394281 -0.00344615 -0.00103684 0.0050751 -0.00509171 -0.00708461 0.00179492 0.00102526 0.00181899 0.0040995 -0.000542966 0.00134389 0.0017121 -0.000573775 0.00118318 -0.00101914 -0.00151423 -0.00219712 0.00135602
internal_weight=5385 4396 693 252 166 58 3703 105 441 328 288 86 67 108 113 85 62 221 192 171 87 84 56 59 989 200 789 666 538 128
internal_count=5385 4396 693 252 166 58 3703 105 441 328 288 86 67 108 113 85 62 221 192 171 87 84 56 59 989 200 789 666 538 128
is_linear=0
shrinkage=0.05


Tree=45
num_leaves=31
num_cat=0
split_feature=1 2 5 9 14 8 3 3 5 0 0 0 1 6 5 7 14 10 6 10 10 3 9 2 8 11 11 9 14 11
split_gain=0.158551 0.43051 0.392284 0.377296 0.501816 0.441684 0.324494 0.738921 0.361363 0.35197 0.362435 0.30034 0.285113 0.706238 1.22484 0.490892 0.457066 0.449337 0.436524 0.357349 0.289995 0.281691 0.476469 0.425116 0.446714 0.687954 0.658651 0.512047 0.419947 0.3968
threshold=-0.047419749206102195 0.28091443212929296 59.971471793518127 0.42434934992477441 -1.3013503589565611 -1.2003001013940218 0.43138056539732744 0.21967452813360069 55.183582371427498 0.026973837358644896 0.072160990924802451 0.082184552152483895 -0.014518648232659857 0.024801654713162886 52.784378635901241 0.057926656199821146 0.14824324303036404 0.12712351744540487 0.02266098052154358 0.49658356011921589 -0.55637344552621715 0.053629266045939324 1.7227636600898244 -0.027905466235888351 0.16457132928928589 0.13777451155239495 -0.83547568788601179 1.0286533456657116 -0.17379993183948286 -1.4435825871188805
decision_type=2 2 2 2 2 2 2 2 2 2 2 2 2 2 2 2 2 2 2 2 2 2 2 2 2 2 2 2 2 2
left_child=1 2 21 5 -5 -2 7 8 -7 -10 -11 -8 13 15 19 17 -16 -6 -17 20 -15 23 -23 24 26 27 29 -26 -29 -1
right_child=3 -3 -4 4 12 6 11 -9 9 10 -12 -13 -14 14 16 18 -18 -19 -20 -21 -22 22 -24 -25 25 -27 -28 28 -30 -31
leaf_value=0.002179374745115638 -0.0061424351675668735 -0.0062150831863012485 0.0054201009066309784 -0.0077118645865647574 -0.0020402404955251418 0.00097877655587379014 -0.0067957358128141344 0.0040091132270046381 -0.0084055574627460126 0.0011183569331633602 -0.0049680949624755664 0.00015749710053205492 0.00020268973479039681 -0.004121888748237065 0.013183874501423401 -0.0029954526014976147 0.0036265973547666241 0.0067571112531281648 -0.0090719667104023852 -0.0072738041331910572 0.0023590969470226103 0.0019550316060469434 -0.0024032049416883353 -0.0023266247732284351 -0.0011605018558090224 -0.0031388994555031375 0.0022603049511241229 0.007395348131008771 -0.00087928912075965315 -0.005588933950154266
leaf_weight=25 48 24 40 21 47 72 41 74 28 47 51 25 3054 28 22 133 29 21 38 23 45 445 73 176 85 176 377 46 23 48
leaf_count=25 48 24 40 21 47 72 41 74 28 47 51 25 3054 28 22 133 29 21 38 23 45 445 73 176 85 176 377 46 23 48
internal_value=3.35207e-12 0.000429087 0.00053441 -0.000171545 -6.1806e-06 -0.00165426 -0.00101688 -0.000253748 -0.00184694 -0.00346163 -0.00204908 -0.00416194 4.08599e-05 -0.00123952 0.00148752 -0.00291683 0.00774934 0.000676589 -0.00434579 -0.00183907 -0.000126761 0.000401827 0.00134084 -0.000106969 0.000393877 -0.00100341 0.00141856 0.00143714 0.00463714 -0.00292855
internal_weight=5385 1538 1514 3847 3461 386 338 272 198 126 98 66 3440 386 147 239 51 68 171 96 73 1474 518 956 780 330 450 154 69 73
internal_count=5385 1538 1514 3847 3461 386 338 272 198 126 98 66 3440 386 147 239 51 68 171 96 73 1474 518 956 780 330 450 154 69 73
is_linear=0
shrinkage=0.05


Tree=46
num_leaves=31
num_cat=0
split_feature=6 3 1 13 6 1 9 13 10 3 13 10 10 1 5 8 6 3 3 8 14 5 2 3 2 3 7 12 6 6
split_gain=0.160659 0.234096 0.202626 0.6423 0.458308 0.455562 0.419757 0.436427 0.370369 0.299577 0.407927 0.395289 0.407632 0.368058 0.322224 0.320509 0.435843 0.281134 0.241789 0.452199 0.546968 0.423122 0.501458 0.337691 1.06082 0.499471 0.251959 0.231186 0.481089 0.790134
threshold=0.073321599255601513 2.3962819260993498 0.34506675588896935 0.30470423966067145 0.036226745159972436 0.43324657879919498 1.6090366399046083 -0.64978680499375041 0.079088649282691784 0.77272071260397102 -1.0294637376357454 -0.48325307823640257 -0.16894152701339252 0.10894344700259041 57.52586911930424 -5.556186926987257 0.060518572701877306 0.86212948414496493 0.65750173792832167 0.17832990829775233 2.5221765347173073 48.280457518310655 0.26611363643423053 0.59375621918934007 0.17854776389922902 0.63388735003279484 0.10935985745530039 -0.44986938593859127 0.032087851631797733 0.036779831585268173
decision_type=2 2 2 2 2 2 2 2 2 2 2 2 2 2 2 2 2 2 2 2 2 2 2 2 2 2 2 2 2 2
left_child=1 2 9 4 6 8 7 -4 -5 15 -11 -12 -13 -14 -15 -1 18 -7 23 20 -20 -22 -23 27 -25 26 -26 28 -17 -30
right_child=-2 -3 3 5 -6 17 -8 -9 -10 10 11 12 13 14 -16 16 -18 -19 19 -21 21 22 -24 24 25 -27 -28 -29 29 -31
leaf_value=-0.0038956461693950986 -0.0043648019078231992 0.0041527668616789231 -0.0043830972164869307 -0.0039593648209813098 -0.0027758659685359283 -0.0045000065298330403 0.0091746729036623793 0.0050275685752110026 -0.013466612454503774 -0.0018309084749617206 0.0064072858241129797 -0.0049573836404652825 -0.0015468635860543146 0.010272622033953668 0.0024666325964902243 -0.0013640370464696738 0.0055731811401035112 0.0031035322416573764 -0.007470084908418358 -0.006836962842734883 -0.0041028493177145721 0.010560647845268251 2.9770095940106189e-05 0.010437257411831526 0.0067934254117842235 -0.0057182897996556556 -0.00029984031458415333 0.00015986130150356015 0.0043554789872015699 -0.00092410830951923011
leaf_weight=53 21 34 22 21 51 31 22 28 20 57 58 21 32 20 39 752 35 20 20 37 20 20 26 32 21 28 31 3506 111 196
leaf_count=53 21 34 22 21 51 31 22 28 20 57 58 21 32 20 39 752 35 20 20 37 20 20 26 32 21 28 31 3506 111 196
internal_value=-4.8378e-12 1.70881e-05 -9.29329e-06 -0.00151298 0.000850548 -0.00467292 0.00341926 0.000886876 -0.00859705 5.39116e-05 0.00182955 0.00305688 0.00132184 0.0027709 0.00511273 -2.85494e-05 1.38407e-05 -0.00151823 -2.66962e-05 -0.00221495 -0.000226415 0.00196864 0.00460841 3.08526e-05 0.00274328 -0.000334315 0.00256475 -3.56953e-05 -0.000683119 0.000984798
internal_weight=5385 5364 5330 215 123 92 72 50 41 5115 227 170 112 91 59 4888 4835 51 4800 123 86 66 46 4677 112 80 52 4565 1059 307
internal_count=5385 5364 5330 215 123 92 72 50 41 5115 227 170 112 91 59 4888 4835 51 4800 123 86 66 46 4677 112 80 52 4565 1059 307
is_linear=0
shrinkage=0.05


Tree=47
num_leaves=31
num_cat=0
split_feature=12 10 1 9 7 12 6 6 6 9 3 3 9 5 7 7 14 3 1 9 6 12 0 12 0 13 7 12 6 1
split_gain=0.155533 0.198489 0.354281 0.440746 0.275602 0.31955 0.210548 0.476402 0.52048 0.416241 0.814729 0.604501 0.521095 0.606441 0.56775 0.414532 0.398746 0.382721 0.371372 0.631464 0.6718 0.551135 0.479275 0.486416 0.494612 0.493974 0.471108 0.676209 0.592361 0.453073
threshold=2.460419036470459 1.4207461531037213 0.095857915887160097 0.71087765856147678 0.14120265244048055 -0.043931728309381905 0.026246700876373371 0.02213372548896295 0.022330192226531872 0.7239200258369064 -0.40700131322992417 -0.25511448942888038 0.63834371163497994 35.29142757815476 0.22781928468550264 0.15217181316638323 -0.78643252034687772 -0.30734469502310235 -0.10571008979051826 1.2007622027472196 0.024971476056830071 0.58289758990824458 0.041419776385311476 -0.81748901100388582 0.057014408275723356 -0.9506322310667269 0.064114644322173495 0.15006400711387485 0.022882917121354363 -0.13703398000946879
decision_type=2 2 2 2 2 2 2 2 2 2 2 2 2 2 2 2 2 2 2 2 2 2 2 2 2 2 2 2 2 2
left_child=1 6 3 -3 -5 -6 7 16 -9 10 -8 -12 13 -13 15 -15 -1 -11 19 20 -10 22 26 -24 -25 -26 -20 28 -28 -21
right_child=-2 2 -4 4 5 -7 9 8 18 17 11 12 -14 14 -16 -17 -18 -19 21 29 -22 -23 23 24 25 -27 27 -29 -30 -31
leaf_value=-0.0031074459293041002 0.0042946087285166698 0.0052454290564388174 -0.0052429920634604063 -0.0063955974951386456 0.003022448436328859 -0.0048674199885378284 0.006217499448518668 -0.0055398703064946904 0.0010995379379314799 -0.0018826741917291657 -0.0063938275741223811 0.0058819441375537566 -0.0053849400979850224 -0.00037642711075022819 0.0048719246519099485 -0.0058460431762109959 0.00030391350186203983 0.001060234648192473 0.0030961882836312397 -0.0088864627724979089 0.010407645285262593 -0.0041654394246223901 0.0059807485324286282 0.006109901955190661 -0.0066642978739353924 0.0003022889338264039 0.002385598748470798 0.0012014823615230539 -0.0048348689562754225 0.0012101461440324783
leaf_weight=89 21 28 50 25 33 21 35 63 63 120 59 39 51 100 34 53 2283 1392 44 20 28 135 42 29 31 142 33 93 204 25
leaf_count=89 21 28 50 25 33 21 35 63 63 120 59 39 51 100 34 53 2283 1392 44 20 28 135 42 29 31 142 33 93 204 25
internal_value=-3.49307e-13 -1.68133e-05 -0.00176842 -0.000144794 -0.00205525 -4.58337e-05 3.60007e-05 -0.000203301 -0.00114816 0.000458433 -0.00104231 -0.00179854 -0.000819761 0.000210435 -0.000972393 -0.00227113 0.000175916 0.00082667 -0.000836932 0.00156772 0.00396357 -0.00127124 -0.00063901 0.00108488 6.69255e-05 -0.000946059 -0.00176369 -0.00241167 -0.00382949 -0.00327724
internal_weight=5385 5364 157 107 79 54 5207 3324 952 1883 371 336 277 226 187 153 2372 1512 889 136 91 753 618 244 202 173 374 330 237 45
internal_count=5385 5364 157 107 79 54 5207 3324 952 1883 371 336 277 226 187 153 2372 1512 889 136 91 753 618 244 202 173 374 330 237 45
is_linear=0
shrinkage=0.05


Tree=48
num_leaves=31
num_cat=0
split_feature=5 9 13 9 13 2 4 1 5 7 13 1 5 13 4 8 9 14 4 1 13 13 4 9 13 4 11 14 14 1
split_gain=0.1483 0.253388 0.200567 0.353019 0.261806 0.303949 0.292943 0.181631 0.492749 0.419372 0.403727 0.272543 0.544855 0.641471 0.480093 0.580756 0.472387 0.462756 0.447777 0.410633 0.490454 0.413499 0.41003 0.367122 0.321603 0.448014 0.302906 0.267957 0.267873 0.267761
threshold=76.135196605719855 1.4844675419010922 -2.6499059136653353 0.89159095858793913 -1.9794443355391382 -0.069096460297353987 0.32583691599810344 0.3856622777669661 62.620758884653362 0.19403254277560175 -0.5462956950380885 0.19659561193232769 60.597040774606654 -0.75216195555108001 0.21135412636396886 0.16457132928928589 0.49194045558679445 0.91394763065762297 0.19743500631158439 0.21464067409852419 -0.85132273485972298 -0.45726101782466805 0.17794533071170218 1.1085319472045299 0.5771912731528025 0.31329694846180128 0.071885903183255287 3.2984880110812136 2.4180308425482098 0.12867687530653951
decision_type=2 2 2 2 2 2 2 2 2 2 2 2 2 2 2 2 2 2 2 2 2 2 2 2 2 2 2 2 2 2
left_child=2 -2 3 -1 5 -4 -7 11 9 -9 -10 29 16 23 18 -16 -13 -17 22 26 -21 -22 28 -14 -23 -26 -18 -12 -15 -6
right_child=1 -3 4 -5 7 6 -8 8 10 -11 27 12 13 14 15 17 19 -19 -20 20 21 24 -24 -25 25 -27 -28 -29 -30 -31
leaf_value=-0.0010694200490516696 0.00071881149069956754 0.0066511584268439386 0.00092716018450172521 0.0079937906492324098 5.1911533701394464e-05 -0.0021700460361457909 -0.0097243022173643112 -0.0018802262240034695 0.00087670591970284782 0.0064664444713680843 -0.0038660036558708687 -0.003448210513362518 -0.010536576746962964 -0.0053738822446515169 0.0067707415024580615 0.0066173386715707334 0.012057156081904066 -0.0019364017342013541 -0.006717717572445831 0.0075999010082644716 -0.005247058617797765 0.0046023001283651494 0.0054028025586847911 -0.0021284971751171998 -0.0064582225109916184 0.0041249511949718 0.0041534922603103852 -0.010624292585998774 0.0012026216401864076 -0.0010815215536505449
leaf_weight=22 126 21 34 21 3795 33 21 34 30 27 44 26 20 30 55 21 22 64 31 36 22 61 27 37 20 20 27 22 32 604
leaf_count=22 126 21 34 21 3795 33 21 34 30 27 44 26 20 30 55 21 22 64 31 36 22 61 27 37 20 20 27 22 32 604
internal_value=7.6732e-12 0.00156629 -4.39566e-05 0.0033568 -7.21053e-05 -0.00277612 -0.00510781 -2.55117e-05 -0.00169982 0.0018142 -0.00393268 2.75925e-05 0.00107589 -0.000274974 0.00077815 0.00276732 0.00290592 0.000176875 -0.00154255 0.00370018 0.00246689 0.00096455 0.000260035 -0.0050787 0.00231757 -0.00116664 0.00770208 -0.00611877 -0.00197956 -0.000103713
internal_weight=5385 147 5238 43 5195 88 54 5107 157 61 96 4950 551 317 260 140 234 85 120 208 159 123 89 57 101 40 49 66 62 4399
internal_count=5385 147 5238 43 5195 88 54 5107 157 61 96 4950 551 317 260 140 234 85 120 208 159 123 89 57 101 40 49 66 62 4399
is_linear=0
shrinkage=0.05


Tree=49
num_leaves=31
num_cat=0
split_feature=6 3 1 13 6 11 9 1 10 3 0 13 10 10 1 11 14 10 12 7 12 13 10 10 11 11 5 11 9 5
split_gain=0.149645 0.213379 0.176499 0.554783 0.41233 0.565649 0.472813 0.405456 0.325926 0.264148 0.403141 0.367521 0.354297 0.358934 0.323939 0.260791 0.258425 0.254562 0.431634 0.402105 0.411474 0.343897 0.653243 0.331944 0.325249 0.645128 0.420703 0.385149 0.543964 0.703368
threshold=0.073321599255601513 2.3962819260993498 0.34506675588896935 0.30470423966067145 0.036226745159972436 -0.37141292850611057 1.5896367141957228 0.43324657879919498 0.079088649282691784 0.77272071260397102 0.22080941204569707 -1.0294637376357454 -0.48325307823640257 -0.16894152701339252 0.093068796361320053 -0.27969993432908602 1.7640962616789546 -0.65600776405159522 -1.9891225161687138 0.27352263992128595 0.19397779868208972 -0.98069429606142133 -0.80080949036885396 -0.93165913287867819 0.71345322266431022 0.60600295751954503 72.433749377828335 1.4532526674909874 0.87917654226144692 33.272841598428222
decision_type=2 2 2 2 2 2 2 2 2 2 2 2 2 2 2 2 2 2 2 2 2 2 2 2 2 2 2 2 2 2
left_child=1 2 9 4 5 -4 -7 8 -5 10 17 15 -13 -14 -15 -11 -9 18 -1 20 21 22 23 -20 25 -19 27 28 29 -26
right_child=-2 -3 3 7 -6 6 -8 16 -10 11 -12 12 13 14 -16 -17 -18 24 19 -21 -22 -23 -24 -25 26 -27 -28 -29 -30 -31
leaf_value=0.0038080750716229282 -0.004212522879242897 0.0039649360073620785 0.010127394362574533 -0.0037003730778538049 -0.0026551847181775991 -0.0034897503292848986 0.0063708676770329476 -0.0058038891991600396 -0.012618972864001991 0.0028432633363991047 0.004532548230296622 0.0060545278913823183 -0.004652242757202614 -0.001654153268185231 0.0046917958888101213 -0.0042433371686137122 0.0014860993521588466 3.0875210612401026e-05 0.00019556211255904703 0.0044121222541434694 0.00045774349863961266 -0.0030076933298126747 -0.0053452242448022878 0.0075295375280634127 0.0084456087174740718 -0.0029561629545545049 0.0056644931714981799 -0.0013903171772869424 0.0027989433970042441 -0.00082532145110537566
leaf_weight=45 21 34 21 21 51 31 20 20 20 20 48 58 21 30 61 37 31 3088 36 30 189 367 33 27 22 192 45 173 301 292
leaf_count=45 21 34 21 21 51 31 20 20 20 20 48 58 21 30 61 37 31 3088 36 30 189 367 33 27 22 192 45 173 301 292
internal_value=3.45827e-12 1.6492e-05 -8.69509e-06 -0.00141209 0.00078452 0.00322098 0.000377159 -0.00434887 -0.00805091 5.02943e-05 -2.71373e-05 0.00171763 0.00288259 0.00123998 0.00259972 -0.00175681 -0.00137272 -7.23573e-05 -0.000934852 -0.0012478 -0.00150823 -0.00231075 0.000353597 0.00333869 8.00944e-05 -0.000143976 0.000962388 0.000693866 0.00128015 -0.000175766
internal_weight=5385 5364 5330 215 123 72 51 92 41 5115 4888 227 170 112 91 57 51 4840 727 682 652 463 96 63 4113 3280 833 788 615 314
internal_count=5385 5364 5330 215 123 72 51 92 41 5115 4888 227 170 112 91 57 51 4840 727 682 652 463 96 63 4113 3280 833 788 615 314
is_linear=0
shrinkage=0.05


Tree=50
num_leaves=31
num_cat=0
split_feature=8 8 8 11 14 6 3 3 14 11 8 6 2 5 1 2 6 7 10 11 6 5 6 12 7 7 7 4 6 1
split_gain=0.149162 0.385216 0.439182 0.408878 0.336816 0.348921 0.30975 0.470829 0.642778 0.354125 0.373735 0.325998 0.321448 0.306747 0.309253 0.374876 0.304607 0.511916 0.368554 0.542334 0.288861 0.417014 0.378531 0.285099 0.582762 0.51612 0.300208 0.447108 0.371496 0.480205
threshold=-0.79921057767977144 -0.29026967798204389 -0.24269329863311837 1.1240338227135831 1.7640962616789546 0.024387787505527638 0.10581579785345509 0.076087596251062664 0.24885891497239135 -0.26492881554794767 -0.33909243396658051 0.018278221769407823 0.35713409057201245 37.666958933642377 0.20235201058566324 0.22869073665836762 0.024724068416818751 0.064114644322173495 -0.35531216339650934 0.15934485984699617 0.02676082856813786 35.618755159666129 0.034027697576529722 0.71100182592985017 0.22515468254656903 0.048957987185200412 0.10687341057579124 0.2324746577410943 0.016103951348846634 0.12867687530653951
decision_type=2 2 2 2 2 2 2 2 2 2 2 2 2 2 2 2 2 2 2 2 2 2 2 2 2 2 2 2 2 2
left_child=-1 6 3 4 5 -3 7 8 16 11 13 -8 -13 -11 -15 -16 17 -2 -19 -20 -18 -22 -23 -4 25 -25 28 -28 -27 -30
right_child=1 2 23 -5 -6 -7 9 -9 -10 10 -12 12 -14 14 15 -17 20 18 19 -21 21 22 -24 24 -26 26 27 -29 29 -31
leaf_value=-0.00055479983755989332 0.004510952714506699 -0.010828979000715274 0.00022376118873267578 0.0031671306723728776 0.00038894567760112492 -0.0032917674521312995 -0.00029019875398192266 -0.0061818427007113187 0.0086244707967600108 0.005526889072331999 0.0063984953685693683 0.0081281809252686799 0.0011428021603142437 -0.0008752625298121589 -0.00074844562138120336 0.0088164711134959359 0.0065518772447198314 -0.0093029320725928188 -0.005483239177518931 0.0041973759665700563 0.0056105945235246733 -0.0044989904750966361 0.0021010907078605322 -0.006205400095849827 -0.0059588244346295543 0.0019875527062601802 0.0041508715637645363 -0.00027350946805055655 -0.0013844585089347751 -0.0087407150845974693
leaf_weight=989 23 28 2951 20 23 34 26 28 23 28 31 58 23 188 21 20 23 23 39 23 29 45 42 37 53 69 83 183 197 25
leaf_count=989 23 28 2951 20 23 34 26 28 23 28 31 58 23 188 21 20 23 23 39 23 29 45 42 37 53 69 83 183 197 25
internal_value=8.71178e-12 0.000124817 -7.76631e-05 -0.00326517 -0.00477866 -0.00669567 0.00120676 -1.02662e-05 0.000629749 0.00212492 0.00121239 0.00458106 0.00614468 0.000586831 -1.71934e-05 0.00391737 -0.000114699 -0.00210669 -0.00389734 -0.00189204 0.00143303 0.00041809 -0.00131274 1.53576e-05 -0.000935182 -0.000486944 -0.000107083 0.00110703 -0.00121689 -0.00221287
internal_weight=5385 4396 3703 105 85 62 693 298 270 395 288 107 81 257 229 41 247 108 85 62 139 116 87 3598 647 594 557 266 291 222
internal_count=5385 4396 3703 105 85 62 693 298 270 395 288 107 81 257 229 41 247 108 85 62 139 116 87 3598 647 594 557 266 291 222
is_linear=0
shrinkage=0.05


Tree=51
num_leaves=31
num_cat=0
split_feature=8 1 3 9 8 0 12 13 12 12 12 7 13 5 13 5 5 3 13 9 10 5 10 4 8 10 10 8 9 0
split_gain=0.141082 0.652451 0.484877 0.559482 0.468903 0.872106 0.428991 0.380302 0.319379 0.559698 0.52568 0.472763 0.447986 0.659769 0.478012 0.383308 0.376785 0.353324 0.477829 0.336757 0.309335 0.306919 0.459999 0.674393 0.404978 0.372267 0.276776 0.272193 0.485861 0.674933
threshold=0.7168533012247259 0.095857915887160097 0.44324272009618099 1.3597406887015284 1.064507472347185 0.13572511571354942 0.85608795922216474 1.4281406969897932 0.93897345636744378 0.11417656558317631 1.1833249671970241 0.17141784302767102 0.16939033501095097 52.101071429073897 -0.38394887933704236 59.52702710674879 53.340384931340154 0.22607718926008194 -0.036248835788548435 0.94489349186566607 -0.30382715951768785 71.583965193736688 -0.55637344552621715 0.19954712856600007 2.5294311399987639 0.24375172949610835 0.032515824741687079 -0.0051668748308229253 1.5337904529425714 0.21118732634162166
decision_type=2 2 2 2 2 2 2 2 2 2 2 2 2 2 2 2 2 2 2 2 2 2 2 2 2 2 2 2 2 2
left_child=27 2 7 26 5 -3 21 8 9 11 -10 12 13 20 -15 -13 -14 -11 -19 -12 -2 22 24 -24 -6 -25 -4 -1 -29 -30
right_child=1 4 3 -5 6 -7 -8 -9 10 17 19 15 16 14 -16 -17 -18 18 -20 -21 -22 -23 23 25 -26 -27 -28 28 29 -31
leaf_value=0.00019454895268044412 0.0048222549534826121 -0.00081856794119470147 0.0050973163621560874 -0.00096534089269963174 0.0062519819841587131 0.0098050247132778177 -0.0083806697207574662 0.0059826861135661609 -0.0091020449153369383 0.0018659564253056841 0.0053444860130548479 0.0045072065832380973 -0.0045403304177203353 -0.013001572859028114 -0.0039131417775001278 -0.0025343653107820839 0.0033130861136929264 0.012327843301353001 0.0026214126410195604 -0.0030890964324875123 -0.0027867500283344487 0.00050673987128539006 0.0031716037098140945 -0.010019856294490058 -0.0036895460030063987 -0.0033551538526080549 0.013139785048551858 -0.00097621260180446332 0.00059672422776049588 0.0097502266480164104
leaf_weight=2585 22 85 23 22 21 25 26 36 21 196 20 68 21 23 39 27 56 21 32 29 34 100 21 44 20 40 20 1448 238 22
leaf_count=2585 22 85 23 22 21 25 26 36 21 196 20 68 21 23 39 27 56 21 32 29 34 100 21 44 20 40 20 1448 238 22
internal_value=2.90518e-12 0.000507437 0.00140391 0.00551995 -0.00115877 0.00159588 -0.00227279 0.000989111 0.000693924 0.00110656 -0.00248339 -0.000386416 -0.0017955 -0.00373143 -0.00728466 0.00250592 0.00117125 0.00284537 0.00646736 0.000353182 0.000202502 -0.00162724 -0.00308887 -0.00484263 0.00140246 -0.00684619 0.008838 -0.000129076 -0.00061887 0.00137125
internal_weight=5385 1092 710 65 382 110 272 645 609 539 70 290 195 118 62 95 77 249 53 49 56 246 146 105 41 84 43 4293 1708 260
internal_count=5385 1092 710 65 382 110 272 645 609 539 70 290 195 118 62 95 77 249 53 49 56 246 146 105 41 84 43 4293 1708 260
is_linear=0
shrinkage=0.05


Tree=52
num_leaves=31
num_cat=0
split_feature=11 6 6 10 5 8 4 5 4 7 5 11 10 10 10 14 5 10 11 11 8 14 7 11 13 13 2 14 14 4
split_gain=0.148265 0.662035 0.465066 0.46314 0.439633 0.459153 0.377655 0.304402 0.278265 0.24885 0.246618 0.246513 0.45643 0.687516 0.37069 0.739919 0.315249 0.35201 0.243335 0.271081 0.725955 0.242425 0.233198 0.218011 0.21457 0.270268 0.213404 0.201974 0.306543 0.419345
threshold=-1.0781762139206854 0.031263115576202892 0.037685754379484022 0.21468063552689354 56.26197766980858 0.7168533012247259 0.2105744987914652 49.402297057018167 0.24475692136823338 0.22781928468550264 52.191985369424934 -0.75967262538644331 -0.42443430560409562 -0.069554622812752473 0.34096877926174557 0.48166845555576354 53.457633194985554 0.70930542075395386 -0.69867788590726454 -0.6692557959238471 0.080381609829345321 -0.30854719675166881 0.097638731857704636 -0.65077220821777837 -0.37546331343285005 1.2748335076451183 -0.097943743091226318 -1.6202666333043423 -1.3013503589565611 0.25071834794989417
decision_type=2 2 2 2 2 2 2 2 2 2 2 2 2 2 2 2 2 2 2 2 2 2 2 2 2 2 2 2 2 2
left_child=1 6 3 -3 5 21 -1 -5 -8 -6 -10 12 -2 -14 15 -15 22 -18 -13 20 -20 -4 -16 -21 -23 -26 -24 -25 29 -29
right_child=11 2 4 7 9 -7 8 -9 10 -11 -12 18 13 14 16 -17 17 -19 19 23 -22 24 26 27 25 -27 -28 28 -30 -31
leaf_value=0.0015513431468128188 0.0063482070108875632 -0.0014573864142100018 -0.0045635233209891752 0.0021516803809693858 -0.009126534250875314 0.0061962667054363662 -0.009281701255928386 0.009764170055759365 0.00096097044763155293 -0.002029875192480783 -0.0059303706058779285 -0.0026752812532885445 -0.0068117390197046379 0.0094779619070421289 -0.0058213135421586537 -0.00052149086416623488 -0.0012261570006123056 0.0075216422555968165 -0.0022288443965160034 -0.0050792689390835311 0.010933195613324643 -0.0027257286054505545 -0.0036034062854014338 0.0038662508787477724 0.0053456138783076314 -0.0017601284684370393 0.0035328317475928506 -0.0070600049956036472 4.4810170473288371e-05 0.0016310337343779598
leaf_weight=23 42 30 33 24 21 28 33 29 20 30 37 84 27 37 27 37 23 23 22 21 20 33 20 34 32 23 22 35 4492 23
leaf_count=23 42 30 33 24 21 28 33 29 20 30 37 84 27 37 27 37 23 23 22 21 20 33 20 34 32 23 22 35 4492 23
internal_value=1.82e-13 -0.000931229 0.000360611 0.00350698 -0.000945133 0.000426355 -0.00416654 0.006317 -0.00562778 -0.00495203 -0.00351236 7.39159e-05 0.00157896 0.000651608 0.0017178 0.00447824 -5.84794e-05 0.00314774 -8.16012e-06 4.00512e-05 0.00403879 -0.000908832 -0.00219596 3.58062e-06 0.000461678 0.00237412 0.000134623 2.68659e-05 -1.82398e-06 -0.00361356
internal_weight=5385 396 283 83 200 149 113 53 90 51 57 4989 258 216 189 74 115 46 4731 4647 42 121 69 4605 88 55 42 4584 4550 58
internal_count=5385 396 283 83 200 149 113 53 90 51 57 4989 258 216 189 74 115 46 4731 4647 42 121 69 4605 88 55 42 4584 4550 58
is_linear=0
shrinkage=0.05


Tree=53
num_leaves=31
num_cat=0
split_feature=12 12 14 3 1 2 5 8 8 8 9 12 3 1 13 4 3 9 12 12 11 9 5 11 13 6 1 6 5 12
split_gain=0.144057 0.169576 0.434813 0.366204 0.191508 0.351847 0.356156 0.366948 0.431318 0.437812 0.570998 0.492318 0.385239 0.355851 0.457446 0.34154 0.642762 0.306706 0.640633 0.696474 0.430643 0.429967 0.410579 0.406006 0.40518 0.326281 0.316065 0.547358 0.948605 0.475091
threshold=2.460419036470459 1.6703724373601863 -0.63354521294417188 0.088519991515314214 -0.047419749206102195 0.33425193711691042 61.1801653600374 3.1142461447036172 1.8618894378482242 1.0957013075314956 1.1299176497337842 -1.8366014335827863 -0.14674709108995634 -0.20570659152717455 -0.37546331343285005 0.64212017830514778 2.3962819260993498 0.44102866849692957 -0.45878700193729011 -0.12107973975476044 -0.28844104004216309 0.34299575948742073 62.472209026406951 -0.081103862078429498 0.25814745233554554 0.014845761799373585 -0.014518648232659857 0.024801654713162886 52.784378635901241 -0.043931728309381905
decision_type=2 2 2 2 2 2 2 2 2 2 2 2 2 2 2 2 2 2 2 2 2 2 2 2 2 2 2 2 2 2
left_child=1 4 -3 -4 5 6 7 8 9 11 -11 -1 -12 -10 -15 16 17 18 23 24 -21 25 -23 -6 -20 -22 27 -19 -29 -30
right_child=-2 2 3 -5 15 -7 -8 -9 13 10 12 -13 -14 14 -16 -17 -18 26 19 20 21 22 -24 -25 -26 -27 -28 28 29 -31
leaf_value=0.0059419086807080222 0.0041331252349274495 -0.0063989069920757577 0.0047219122018389128 -0.0040816904045641424 -0.0098007976543158307 -0.0060858219116926198 0.0059829136620586122 0.004921905468347379 -0.008911895521339917 0.0068514415689666444 0.005065723592415452 8.3708273623477451e-05 -0.0038349766404398031 -0.0070738989161327481 0.0026251490903838031 -0.0050158915161672563 0.0086005608063368568 -0.0028440643803001372 0.0072285304634043803 0.0018480783190506585 0.0048382164002396168 -0.0028383352318961247 -0.010063496401562589 -0.0017476011709920292 -0.00036276268901929147 -0.0020724259423884031 0.00016518899256493593 -0.0018332250258633093 0.011741584617023668 0.0018928439989686014
leaf_weight=37 21 36 27 21 34 20 30 45 21 60 20 1168 31 20 31 36 21 237 39 65 20 51 32 29 32 117 2939 96 24 25
leaf_count=37 21 36 27 21 34 20 30 45 21 60 20 1168 31 20 31 36 21 237 39 65 20 51 32 29 32 117 2939 96 24 25
internal_value=-5.45737e-12 -1.61811e-05 -0.00224505 0.000870336 1.92782e-05 0.000501111 0.000591158 0.000478281 0.000334215 0.000540379 0.0035452 0.000263587 -0.000344506 -0.003434 -0.0011784 -0.000168912 -0.000122517 -0.000171497 -0.00144624 -0.000623784 -0.00172762 -0.00278407 -0.00562394 -0.00609377 0.0038071 -0.00106357 -1.06665e-05 -0.00136365 0.00105607 0.00671672
internal_weight=5385 5364 84 48 5280 1483 1463 1433 1388 1316 111 1205 51 72 51 3797 3761 3740 419 356 285 220 83 63 71 137 3321 382 145 49
internal_count=5385 5364 84 48 5280 1483 1463 1433 1388 1316 111 1205 51 72 51 3797 3761 3740 419 356 285 220 83 63 71 137 3321 382 145 49
is_linear=0
shrinkage=0.05


Tree=54
num_leaves=31
num_cat=0
split_feature=4 14 1 1 2 14 13 3 13 12 7 3 14 8 8 8 12 0 4 1 12 12 4 9 0 4 2 10 8 1
split_gain=0.139693 0.326099 0.561557 0.398788 0.457621 0.452789 0.44714 0.610533 0.463393 0.503028 0.386612 0.349699 0.47697 0.320192 0.430681 0.460747 0.309713 0.289703 0.267353 0.261413 0.231676 0.439958 0.450733 0.404994 0.474427 0.372224 0.362369 0.483397 0.33257 0.317074
threshold=0.37268022773285342 3.8805688663696638 0.45544589461369372 0.065068694583275036 0.26150051426950965 0.51454850352884074 -0.052314126858945688 0.88691349924635121 -0.6361217164805345 0.37380259307301417 0.35020845412798823 0.010066234399431663 0.89908037277090047 1.1207215245452886 1.6084640185616688 2.8033296651649602 -0.64474431581050229 0.039950396482839608 0.43162251284231012 0.20235201058566324 -0.44986938593859127 -0.29378089348070785 0.27735930875427506 0.77812063547276444 0.0081949773006405619 0.3292836351085936 0.060573835137425321 -0.84083126669241837 -0.97212600509666502 0.1941154021138958
decision_type=2 2 2 2 2 2 2 2 2 2 2 2 2 2 2 2 2 2 2 2 2 2 2 2 2 2 2 2 2 2
left_child=20 3 -3 4 5 10 8 11 9 -5 13 -8 -13 16 -15 -16 18 -7 -2 -10 23 22 -22 25 26 -1 27 -25 -26 -28
right_child=1 2 -4 6 -6 17 7 -9 19 -11 -12 12 -14 14 15 -17 -18 -19 -20 -21 21 -23 -24 24 28 -27 29 -29 -30 -31
leaf_value=-0.0030398066731648662 -0.003727060502084593 0.009185464781793681 -0.0010088688747159073 0.0011655942093403567 -0.005966541716867748 0.0056124086989539461 0.0026686630949067577 0.0068363849762017315 -0.011915833302415335 -0.0083120895205952595 0.0036629942367258279 -0.010295104641805997 -0.00089987381461209483 0.0066111980974674234 -0.006100871815131261 0.0032245986991458471 -0.0045934673551773506 -0.0013661331450566649 0.0033531013969331984 -0.0048255836103075688 0.0010444559156894684 0.0001292851696265683 0.0057449608201696886 -0.0039411041842497612 0.0062869939278682764 0.0036571016899593503 -0.00365323701533238 0.001517241306180146 0.00074463899391003679 0.0019297241450597843
leaf_weight=212 24 22 35 42 30 58 24 23 26 21 46 22 35 25 26 27 89 20 30 26 204 3378 68 54 29 23 167 163 406 30
leaf_count=212 24 22 35 42 30 58 24 23 26 21 46 22 35 25 26 27 89 20 30 26 204 3378 68 54 29 23 167 163 406 30
internal_value=-3.69262e-12 -0.000686734 0.00292579 -0.00103339 -4.33467e-05 0.000471714 -0.00272867 -0.000352915 -0.00487718 -0.00199363 -0.000507325 -0.00239432 -0.0045261 -0.00137536 0.00120156 -0.00135016 -0.00278094 0.00382304 0.000206363 -0.00837071 9.44369e-05 0.000285055 0.00221958 -0.000547406 -3.89422e-05 -0.00238436 -0.0012505 0.000158943 0.00111413 -0.00280304
internal_weight=5385 651 57 594 375 345 219 104 115 63 267 81 57 221 78 53 143 78 54 52 4734 3650 272 1084 849 235 414 217 435 197
internal_count=5385 651 57 594 375 345 219 104 115 63 267 81 57 221 78 53 143 78 54 52 4734 3650 272 1084 849 235 414 217 435 197
is_linear=0
shrinkage=0.05


Tree=55
num_leaves=31
num_cat=0
split_feature=8 8 8 3 14 10 3 3 14 9 4 1 6 10 0 3 10 8 1 7 3 3 9 3 2 9 7 0 0 8
split_gain=0.138752 0.346749 0.397901 0.370036 0.511678 0.359166 0.277423 0.421388 0.572151 0.301149 0.53064 0.476323 0.313109 0.288326 0.276593 0.443594 0.319768 0.440064 0.35931 0.398592 0.527606 0.934206 0.469862 0.369478 0.355443 0.402312 0.332311 0.293644 0.28719 0.400352
threshold=-0.79921057767977144 -0.29026967798204389 -0.24269329863311837 -0.01823261198513559 1.7640962616789546 0.13387230055058638 0.10581579785345509 0.076087596251062664 0.24885891497239135 1.2742493487813136 0.22918001959433695 0.20235201058566324 0.037365017916138825 -0.61253398948013482 0.10026037554139035 0.60312361070950926 0.60051997417558134 -2.2578072968949141 -0.19008794069265836 0.12338694680710847 0.75170169531297326 0.16800577422731369 0.90250597236054653 -0.01823261198513559 0.026123522677234615 0.99672727546241824 0.14980542169148323 -0.03043027167140205 0.031784530526925987 -1.2827113487235835
decision_type=2 2 2 2 2 2 2 2 2 2 2 2 2 2 2 2 2 2 2 2 2 2 2 2 2 2 2 2 2 2
left_child=14 6 3 -3 5 -5 7 8 -2 11 -11 13 -12 -8 16 -16 18 -18 -1 22 21 23 28 24 25 -21 -23 -22 29 -20
right_child=1 2 -4 4 -6 -7 9 -9 -10 10 12 -13 -14 -15 15 -17 17 -19 19 20 27 26 -24 -25 -26 -27 -28 -29 -30 -31
leaf_value=0.003937071936366999 -0.00010176352578731864 0.0018165232014975378 1.6819519036215611e-05 -0.011719141488096545 0.00034814027202283518 -0.0029462217353284359 0.0061200466866676625 -0.0058434427848884042 0.0081433164158269105 -0.0043456826100332869 0.0042173220357301852 0.0087028440262656662 -0.0026134176321489658 0.0014085743302652209 0.0068323315282712779 -0.0024510981271636083 0.0012794883578040061 -0.004876653525849527 -0.0029981047289854871 0.0030825703606210853 0.0062844324158504612 -0.0023859525476360604 0.0017985338007583123 0.0024450483263030441 -0.0078691905957054015 -0.0041956521499042325 -0.0078665447441493112 -0.0016480167116969824 -0.0065818802416324615 0.0024576384555027625
leaf_weight=46 247 28 3598 28 29 20 39 28 23 45 62 32 23 194 31 22 42 94 82 37 28 42 249 72 22 39 81 20 25 57
leaf_count=46 247 28 3598 28 29 20 39 28 23 45 62 32 23 194 31 22 42 94 82 37 28 42 249 72 22 39 81 20 25 57
internal_value=-8.89764e-12 0.000120383 -7.17216e-05 -0.00310573 -0.00489564 -0.00806376 0.00114688 -4.88494e-06 0.000600595 0.00201581 4.46896e-05 0.00298278 0.002369 0.00219719 -0.000535091 0.00297883 -0.000734063 -0.00297549 -0.00035302 -0.00061475 -0.00187991 -0.00267595 0.000429852 -0.000274436 -0.00227242 -0.000652307 -0.00599512 0.00297925 -0.00164821 -0.000760858
internal_weight=5385 4396 3703 105 77 48 693 298 270 395 130 265 85 233 989 53 936 136 800 754 341 293 413 170 98 76 123 48 164 139
internal_count=5385 4396 3703 105 77 48 693 298 270 395 130 265 85 233 989 53 936 136 800 754 341 293 413 170 98 76 123 48 164 139
is_linear=0
shrinkage=0.05


Tree=56
num_leaves=31
num_cat=0
split_feature=9 11 1 14 14 1 10 6 3 8 11 0 8 10 8 0 3 14 1 10 14 5 10 12 6 5 3 3 11 4
split_gain=0.132892 0.263174 0.298526 0.224271 0.456049 0.46475 0.261266 0.218301 0.204839 0.358666 0.362222 0.339774 0.273345 0.476059 0.348212 0.189055 0.597497 0.207294 0.156991 0.429736 0.598002 0.474527 0.423605 0.582428 0.610021 0.366455 0.347911 0.499749 0.295324 0.287136
threshold=0.3034295586116183 1.177117603674946 0.11822327050754601 -1.6202666333043423 -1.3013503589565611 -0.069855097360600402 -0.1421542811028606 0.023074022360897204 -0.081759596324911241 -1.8505234243022299 -0.20141009541688146 -0.12229685470370298 -0.11774578495879999 0.22192304597408444 0.29359354408380195 -0.17366792745860113 -0.32912436277673329 -0.30854719675166881 -0.12361532388608641 0.21468063552689354 -0.6054762339512697 53.248944072777142 0.81002147857028828 0.61073730640470669 0.027204655757603797 46.717441273416902 -0.0053343039600091671 -0.23863061993885329 -0.14792315777475942 0.31966721436690831
decision_type=2 2 2 2 2 2 2 2 2 2 2 2 2 2 2 2 2 2 2 2 2 2 2 2 2 2 2 2 2 2
left_child=1 2 8 -2 5 6 -5 -4 11 -10 -11 -1 -12 14 -14 16 -6 -18 19 20 -17 -22 23 24 -21 26 27 -24 -25 -26
right_child=3 -3 7 4 15 -7 -8 -9 9 10 12 -13 13 -15 -16 18 17 -19 -20 22 21 -23 25 28 29 -27 -28 -29 -30 -31
leaf_value=0.0023969774544239045 0.0042369119750219402 0.0036846420469893409 -0.0013205548648589425 -0.0051307734334841374 0.0037375500957880707 -0.010203015390739201 0.0022533427029848099 -0.0073658739333041017 -0.0058290443476289519 0.0056559855816885832 0.0034673789289913007 -0.0044768711508368147 -0.0040553007851399127 -0.0080418836261907777 0.0044619871137131541 -0.0040964809687832346 -0.009282962251454592 -0.0029648778356007629 3.7341289394407988e-05 0.012639618503550691 0.0018402863664185986 -0.0062607054039835941 -0.004934103949053679 0.0041090732044540348 -0.00048576186856497892 0.0041570502182317745 -0.0068574848596957352 0.0061095668867762604 -0.0042858642102642499 0.0068876127877663222
leaf_weight=25 32 28 28 23 28 21 25 32 20 36 35 64 21 22 28 77 20 37 4347 30 188 20 20 20 23 37 24 21 22 31
leaf_count=25 32 28 28 23 28 21 25 32 20 36 35 64 21 22 28 77 20 37 4347 30 188 20 20 20 23 37 24 21 22 31
internal_value=3.71476e-12 -0.000958298 -0.00137631 6.43803e-05 3.77507e-05 -0.00399909 -0.00128488 -0.00454473 -0.000618923 0.000439789 0.00132272 -0.00254601 -0.000148951 -0.00193165 0.000811721 9.40788e-05 -0.00224363 -0.00518175 0.000134965 0.000962193 -0.000332173 0.00106134 0.00258015 0.00451924 0.006923 0.000184804 -0.00207632 0.00072241 -0.000288275 0.0037471
internal_weight=5385 339 311 5046 5014 69 48 60 251 162 142 89 106 71 49 4945 85 57 4860 513 285 208 228 126 84 102 65 41 42 54
internal_count=5385 339 311 5046 5014 69 48 60 251 162 142 89 106 71 49 4945 85 57 4860 513 285 208 228 126 84 102 65 41 42 54
is_linear=0
shrinkage=0.05


Tree=57
num_leaves=31
num_cat=0
split_feature=6 3 1 8 7 4 3 3 10 3 0 1 3 6 6 7 6 4 8 0 10 8 8 7 3 9 2 7 8 9
split_gain=0.130997 0.171589 0.162047 0.437671 0.659802 0.365308 0.333846 0.381637 0.249933 0.217844 0.337919 0.297064 0.505448 0.411777 0.284823 0.41281 0.322856 0.282426 0.258473 0.38806 0.249192 0.414605 0.485195 0.499931 0.424958 0.413028 0.411865 0.592856 0.399987 0.443656
threshold=0.073321599255601513 2.3962819260993498 0.34506675588896935 0.35469442818090396 0.22135239592561398 0.36945535094326715 0.75170169531297326 0.41975210272628888 0.50461527105549109 0.77272071260397102 0.22080941204569707 0.16814147040883334 0.99926150325431085 0.028226683108140815 0.032596278015761794 0.18840650332158645 0.024520479844784504 0.64212017830514778 -5.556186926987257 -0.079259336288434554 -0.65600776405159522 -0.084110206224710146 -2.2578072968949141 0.21215222918559895 -0.16353447865459822 1.6427525856451826 0.23806696823549015 0.097992531755834431 0.52468178279224742 1.0563893335453218
decision_type=2 2 2 2 2 2 2 2 2 2 2 2 2 2 2 2 2 2 2 2 2 2 2 2 2 2 2 2 2 2
left_child=1 2 9 4 5 8 7 -5 -4 10 17 12 13 -11 16 -16 -13 18 19 -1 21 22 -20 24 -24 26 27 -26 -23 -30
right_child=-2 -3 3 6 -6 -7 -8 -9 -10 11 -12 14 -14 -15 15 -17 -18 -19 20 -21 -22 28 23 -25 25 -27 -28 -29 29 -31
leaf_value=-0.0086404515917158937 -0.0039413221180438999 0.0035561742261052132 0.0021639896133406598 -0.0060904273742132566 0.0070781283851327568 -0.0061048956591791166 -0.0078423041022486154 0.0031209854733036911 -0.0043630496645346286 -0.0018464652093825862 0.0041536270616537273 0.0040939877112396066 -0.0046056433794243882 0.0058516347290653936 0.011546108162119276 0.0021990691177995393 -0.0029822145549890898 0.0053481415379792452 -0.0048753123338285244 4.2458206054664426e-05 0.00010106956959974429 -0.00334276953867748 -0.0062098864084956327 0.0073613239259555418 0.0041425325289818045 0.0062409510296261451 -0.004332505225320347 -0.0020307491113707213 0.0025866445304444236 -0.0026180125630515466
leaf_weight=22 21 34 55 22 29 30 36 23 20 32 48 40 42 38 21 27 27 24 38 31 4050 230 22 29 86 33 40 71 79 85
leaf_count=22 21 34 55 22 29 30 36 23 20 32 48 40 42 38 21 27 27 24 38 31 4050 230 22 29 86 33 40 71 79 85
internal_value=2.99645e-12 1.54302e-05 -7.15612e-06 -0.00135187 0.000402069 -0.00144179 -0.00425345 -0.00138237 0.000423446 4.93666e-05 -2.09515e-05 0.00156353 -0.000269302 0.0023325 0.00334855 0.0062884 0.00124238 -6.23523e-05 -8.93148e-05 -0.00356177 -5.06753e-05 -0.00091262 0.000427351 0.00114444 0.000429001 0.00106403 0.000196824 0.00135079 -0.00199752 -0.000110891
internal_weight=5385 5364 5330 215 134 105 81 45 75 5115 4888 227 112 70 115 48 67 4840 4816 53 4763 713 319 281 252 230 197 157 394 164
internal_count=5385 5364 5330 215 134 105 81 45 75 5115 4888 227 112 70 115 48 67 4840 4816 53 4763 713 319 281 252 230 197 157 394 164
is_linear=0
shrinkage=0.05


Tree=58
num_leaves=31
num_cat=0
split_feature=12 10 12 0 12 1 1 9 7 14 0 12 6 12 14 6 6 10 6 0 4 4 7 14 14 4 4 0 13 2
split_gain=0.134809 0.170803 0.367436 0.387442 0.347892 0.443888 0.591254 0.35365 0.433478 0.34032 0.325214 0.244814 0.240223 0.424648 0.233366 0.190889 0.419304 0.621713 0.458879 0.430114 0.420192 0.842451 0.481772 0.44243 0.546369 0.421088 0.385042 0.467286 0.493511 0.562652
threshold=2.460419036470459 0.95221155130031587 -0.60652640080125131 0.018476315136949809 0.72153568313191307 0.12867687530653951 0.19971951516149714 0.71634783737650343 0.095024813542822759 0.81410612421153183 -0.020517056555611809 -0.8617923095889527 0.027909903619068786 -0.043931728309381905 -0.065238774340603531 0.026246700876373371 0.02213372548896295 0.72779685792109439 0.022330192226531872 -0.089459018941135934 0.20669828824040593 0.19743500631158439 0.091375758556354006 0.50390034102086612 1.0122721937449506 0.22458526476834609 0.37268022773285342 -0.0027639703772712183 -0.33432863940970575 0.21406282568818505
decision_type=2 2 2 2 2 2 2 2 2 2 2 2 2 2 2 2 2 2 2 2 2 2 2 2 2 2 2 2 2 2
left_child=1 15 3 11 5 7 -7 -4 -9 12 -6 -3 -10 -14 -12 16 17 19 -18 -1 21 22 -21 25 -25 -22 27 -17 -29 -30
right_child=-2 2 4 -5 10 6 -8 8 9 -11 14 -13 13 -15 -16 26 18 -19 -20 20 23 -23 -24 24 -26 -27 -28 28 29 -31
leaf_value=-0.0045846327306282219 0.0039982679876543227 0.0016336831810145544 0.006458812691026221 -0.0085309688684841005 -0.0056579606675465285 -0.0086688806321471926 0.0013987802288361959 -0.0047920205204998361 0.0085624077423874824 -0.0033172633731737735 0.0034177895259255402 -0.0054549766039209708 0.0070888963192701345 -0.001734493311184148 -0.0030541661769772572 0.00011733135396415102 -0.005264576009215146 0.0048334368650934526 -0.00077358773985414188 -0.00035958763730912146 0.0010008421974217003 -0.0030485681013043371 0.0015158323551334829 0.0067432419624034977 0.0014935078020979788 -0.0053585128001739377 -0.00067211169356367045 0.0038894530026083057 0.00243772037140365 -0.0019761462234917262
leaf_weight=49 21 29 38 30 48 25 35 26 21 20 26 21 25 30 30 700 61 70 842 1082 94 223 501 66 199 36 507 221 194 115
leaf_count=49 21 29 38 30 48 25 35 26 21 20 26 21 25 30 30 700 61 70 842 1082 94 223 501 66 199 36 507 221 194 115
internal_value=4.31018e-14 -1.56532e-05 -0.00100426 -0.00403883 -0.000254982 0.000871502 -0.00279608 0.00224685 0.000934921 0.00248597 -0.00263793 -0.00134355 0.00401313 0.00227614 -4.93296e-05 6.48704e-05 -0.000162843 0.000192955 -0.00107697 4.85845e-05 0.000151732 -0.000171358 0.00023396 0.00162895 0.00280099 -0.00076021 0.000487393 0.000965335 0.00208534 0.000795019
internal_weight=5385 5364 404 80 324 220 60 160 122 96 104 50 76 55 56 4960 3223 2320 903 2250 2201 1806 1583 395 265 130 1737 1230 530 309
internal_count=5385 5364 404 80 324 220 60 160 122 96 104 50 76 55 56 4960 3223 2320 903 2250 2201 1806 1583 395 265 130 1737 1230 530 309
is_linear=0
shrinkage=0.05


Tree=59
num_leaves=31
num_cat=0
split_feature=9 5 4 8 4 14 3 0 2 3 14 14 6 11 12 12 14 0 4 2 3 9 14 3 6 6 10 2 11 10
split_gain=0.123724 0.245079 0.595872 0.44506 0.364749 0.290229 0.338273 0.296241 0.251848 0.215173 0.205319 0.396684 0.414358 0.265862 0.198218 0.180712 0.163411 0.311877 0.516128 0.615055 0.288057 0.470091 0.489442 0.392948 0.44547 0.448726 0.428965 0.383581 0.449572 0.490013
threshold=0.3034295586116183 37.039744441588127 0.26538948990337458 -1.5774246866612536 0.15556175184550067 0.69896335139512245 0.30210155780062692 0.082184552152483895 -0.18245386232118274 -0.12966002821176861 -1.6202666333043423 -1.3013503589565611 0.030408132146673445 0.32769308911736683 0.038420826314242158 0.3427863858199855 -1.2077743215265715 -0.17366792745860113 0.33629765945709161 -0.17872267168237096 -0.30734469502310235 1.552245382533513 -1.018953607174653 -0.16911563015460837 0.024801654713162886 0.027287939123696561 -0.21706875211899904 -0.18245386232118274 -0.69867788590726454 -0.67440328440507913
decision_type=2 2 2 2 2 2 2 2 2 2 2 2 2 2 2 2 2 2 2 2 2 2 2 2 2 2 2 2 2 2
left_child=1 2 -1 -3 -5 8 -7 -8 -6 -10 -2 12 13 -12 -11 -16 -13 18 -18 -20 21 22 -19 24 26 -26 -22 -27 -29 -30
right_child=10 3 -4 4 5 6 7 -9 9 14 11 16 -14 -15 15 -17 17 20 19 -21 23 -23 -24 -25 25 27 -28 28 29 -31
leaf_value=-0.0026206099800765515 0.0040544691364630125 -0.0083468852268362599 0.0078313352065160872 0.003888370684923276 0.00046698400230311298 0.0046023105474887419 -0.0039713354222476486 0.0031083286485888741 -0.0087577858980259181 -0.0066921760757955228 -0.0099626654720244307 0.0033995598271438806 0.0023364965710788964 -0.0025951575003564358 0.0015183090124852383 -0.0048034964222460992 -0.0093617496121188876 0.0011482507126250616 0.0047501237929931713 -0.0058265064842998983 -0.0077864534570835538 0.0038895183021113986 -0.0076599109755909958 5.0224698005240093e-05 0.0076447485962749598 -0.00084595552311899757 0.00092919824140456821 -0.0021662044050171974 -0.0014687846135348081 0.0074197304165125755
leaf_weight=30 32 22 25 34 34 32 45 22 23 26 24 37 20 25 26 20 23 24 28 27 20 21 46 4440 42 75 48 25 20 69
leaf_count=30 32 22 25 34 34 32 45 22 23 26 24 37 20 25 26 20 23 24 28 27 20 21 46 4440 42 75 48 25 20 69
internal_value=-6.48208e-12 -0.000924651 0.00213027 -0.00151627 -0.000942712 -0.00166314 0.000373203 -0.00164667 -0.00322591 -0.00454757 6.21199e-05 3.66402e-05 -0.0037283 -0.00620373 -0.00320265 -0.0012303 8.91743e-05 6.42182e-05 -0.00307221 -0.00044204 0.000114869 -0.00267163 -0.00463997 0.000168376 0.00192286 0.00296997 -0.00163423 0.00193113 0.00375816 0.00542231
internal_weight=5385 339 55 284 262 228 99 67 129 95 5046 5014 69 49 72 46 4945 4908 78 55 4830 91 70 4739 299 231 68 189 114 89
internal_count=5385 339 55 284 262 228 99 67 129 95 5046 5014 69 49 72 46 4945 4908 78 55 4830 91 70 4739 299 231 68 189 114 89
is_linear=0
shrinkage=0.05


Tree=60
num_leaves=31
num_cat=0
split_feature=13 12 11 13 14 11 11 6 6 5 4 7 7 12 4 13 6 7 6 6 12 14 5 5 12 11 5 2 10 4
split_gain=0.129107 0.119311 0.473126 0.416561 0.250812 0.227405 0.330322 0.457902 0.742452 0.361916 0.276791 0.454655 0.495169 0.289868 0.251334 0.199036 0.183875 0.407929 0.265488 0.672068 0.603228 0.381536 0.378949 0.89332 0.367291 0.359648 0.391032 0.644544 0.839498 0.358337
threshold=2.8098202139226114 -1.9891225161687138 0.15934485984699617 -0.33432863940970575 1.0011510068703133 1.5269215890232772 1.5972471537231654 0.020871870793762629 0.022404089800241198 53.612053807485971 0.40869964757967764 0.21215222918559895 0.13183629431612578 -0.53563702905384547 0.28098884930294604 0.21131084390967397 0.060518572701877306 0.36280906065112672 0.036779831585268173 0.035535525254786156 -0.079727936249842243 0.14824324303036404 64.802263284870037 68.755399319396261 -1.3298331798189194 -0.44215270960301994 55.604817281157288 -0.081029524076409218 -0.63598627484827697 0.32081800068155225
decision_type=2 2 2 2 2 2 2 2 2 2 2 2 2 2 2 2 2 2 2 2 2 2 2 2 2 2 2 2 2 2
left_child=1 2 4 -4 -1 16 -7 9 -9 -8 11 12 13 -10 -15 -5 18 -18 19 24 21 -21 29 -24 25 -3 27 -27 -29 -20
right_child=-2 5 3 15 -6 6 7 8 10 -11 -12 -13 -14 14 -16 -17 17 -19 22 20 -22 -23 23 -25 -26 26 -28 28 -30 -31
leaf_value=-0.0054744594178541949 -0.0039127940151263921 -0.0083413469361733987 0.0093412894979119296 -0.0012581219479184727 0.0013407196702987509 -0.0054667894096512883 -0.0010933756108649753 -0.0092811665730550882 -0.0033164361089637337 0.007545924810175267 -0.0050250788700991669 0.0073326424555853007 -0.0046314751711107943 0.0011671653080806469 0.0079772449564188726 0.0050487006252462217 0.006621923361672089 -0.0019023025259375572 -0.0051166988357726952 0.013644573163418544 -7.0122760884902058e-05 0.0039950628997758031 -0.01215608859238273 0.00078599209121117989 0.00016354922226863945 0.0034497356656092134 0.0024653825864550615 -0.014073769235983491 -0.00080280761735943658 -0.00019334764879746862
leaf_weight=27 21 22 25 29 27 42 22 28 22 27 29 20 51 42 20 22 32 25 40 21 34 20 24 30 4085 22 42 22 26 486
leaf_count=27 21 22 25 29 27 42 22 28 22 27 29 20 51 42 20 22 32 25 40 21 34 20 24 30 4085 22 42 22 26 486
internal_value=6.19824e-12 1.53186e-05 0.00151159 0.00405419 -0.00206687 -2.18453e-05 -0.00135138 -0.000689128 -0.00169598 0.00366706 -0.000541714 0.000297109 -0.000745192 0.00161434 0.00336397 0.00146247 5.98518e-05 0.00288323 2.68332e-05 0.000162456 0.00485404 0.00893749 -0.000977244 -0.00496604 7.90551e-05 -0.00249676 -0.00134871 -0.00363717 -0.00688533 -0.000567747
internal_weight=5385 5364 130 76 54 5234 303 261 212 49 184 155 135 84 62 51 4931 57 4874 4294 75 41 580 54 4219 134 112 70 48 526
internal_count=5385 5364 130 76 54 5234 303 261 212 49 184 155 135 84 62 51 4931 57 4874 4294 75 41 580 54 4219 134 112 70 48 526
is_linear=0
shrinkage=0.05


Tree=61
num_leaves=31
num_cat=0
split_feature=12 10 2 2 14 6 4 7 7 7 10 13 6 3 12 12 0 12 4 0 3 1 0 13 2 7 0 13 3 10
split_gain=0.119714 0.156604 0.425827 0.351296 0.308779 0.155185 0.411569 0.272241 0.383569 0.359597 0.891868 0.376345 0.344247 0.299024 0.395274 0.408921 0.597889 0.367853 0.576566 0.659705 0.384086 0.319285 0.363514 0.430751 0.359213 0.417616 0.289479 0.28792 0.495677 0.585935
threshold=2.460419036470459 1.4207461531037213 -0.1439010445376421 0.026123522677234615 1.063144715365437 0.026246700876373371 0.26151987354395856 0.068543646724679178 0.076806551445024893 0.094058898673365948 -0.66252412846276509 1.1717030141814131 0.026451083048864572 -0.25511448942888038 1.6703724373601863 1.0167566173890843 -0.18325648808726255 -0.61513209937797231 0.33629765945709161 -0.031194221292876464 -0.39045749414250741 -0.19008794069265836 -0.17366792745860113 -1.9794443355391382 -0.19346090360576843 0.17518306264557057 -0.072447188628201473 0.41703369918254934 -0.17611241210689219 0.75054607491171321
decision_type=2 2 2 2 2 2 2 2 2 2 2 2 2 2 2 2 2 2 2 2 2 2 2 2 2 2 2 2 2 2
left_child=1 5 -3 -4 -5 6 -1 -7 -9 10 -10 -12 -11 14 15 16 -14 20 19 -19 -18 24 -23 -24 25 -15 -26 28 -25 -30
right_child=-2 2 3 4 -6 7 -8 8 9 12 11 -13 13 21 -16 -17 17 18 -20 -21 -22 22 23 27 26 -27 -28 -29 29 -31
leaf_value=-5.4033647661437917e-05 0.00376776692767938 0.0021834775367203878 -0.0069300165998616402 0.0012964500336569143 -0.0061963236145675185 0.0050417069345712667 -0.0027690250512795792 -0.0045890708925584575 -0.00480167355388403 0.0057155081345367119 0.0064031935490096326 -0.00078003238930883208 0.0047360949158187842 0.0050685773922668894 -0.0079100514931434943 0.0055845506319945511 0.0059451643936336042 -0.0052669969783793839 -0.0088831829331401328 0.0060041087971330863 -0.0026549826552336279 -0.0060678233028106064 -0.0037884730162219176 0.0063936970696398393 0.0072443502660536653 -0.0042589781433343887 0.00094161935447683101 -0.00059870292254030869 0.001195734773864922 -0.0036081462383403314
leaf_weight=3178 21 51 42 44 20 31 146 39 30 28 88 23 31 20 22 22 20 37 45 20 37 23 62 41 49 30 29 405 681 70
leaf_count=3178 21 51 42 44 20 31 146 39 30 28 88 23 31 20 22 22 20 37 45 20 37 23 62 41 49 30 29 405 681 70
internal_value=-4.63749e-12 -1.47508e-05 -0.00157061 -0.00337682 -0.00104504 3.21611e-05 -0.000173284 0.000394827 0.000317045 0.000422582 0.00284745 0.00491478 0.000218092 0.000124462 -0.00153083 -0.00086883 -0.00161606 -0.00285453 -0.00465235 -0.00131222 0.000362613 0.00039917 0.000161425 0.000275224 0.00278033 -0.000527956 0.00490103 0.000485708 0.00104024 0.00074797
internal_weight=5385 5364 157 106 64 5207 3324 1883 1852 1813 141 111 1672 1644 234 212 190 159 102 57 57 1410 1282 1259 128 50 78 1197 792 751
internal_count=5385 5364 157 106 64 5207 3324 1883 1852 1813 141 111 1672 1644 234 212 190 159 102 57 57 1410 1282 1259 128 50 78 1197 792 751
is_linear=0
shrinkage=0.05


Tree=62
num_leaves=31
num_cat=0
split_feature=8 8 13 4 14 7 12 9 8 8 7 5 5 14 5 2 12 0 9 6 1 0 13 6 1 12 0 1 5 6
split_gain=0.120599 0.300456 0.432564 0.489441 0.55326 0.499077 0.456731 0.395454 0.367428 0.352989 0.3377 0.334152 0.516281 0.491378 0.336892 0.714583 0.331994 0.324214 0.320614 0.318449 0.313107 0.283373 0.273991 0.605668 0.472379 0.510346 0.342152 0.495038 0.338303 0.335011
threshold=-0.79921057767977144 -0.29026967798204389 0.41703369918254934 0.38368572018185637 -0.055386608966669061 0.052769406983052193 0.19397779868208972 0.73216630694067686 -0.46160388616575826 -0.24269329863311837 0.081156098369790791 53.457633194985554 50.820416674069669 0.50390034102086612 36.635625996102711 -0.040453096320856412 -0.057786217190327636 -0.044450908396778337 1.0907803760679773 0.024971476056830071 0.18597564569154515 -0.004277289118212734 0.70414549454721764 0.018508105017009498 -0.19008794069265836 -0.92207394646464447 -0.1498329673636519 -0.097502208403928134 52.101071429073897 0.043313965811332601
decision_type=2 2 2 2 2 2 2 2 2 2 2 2 2 2 2 2 2 2 2 2 2 2 2 2 2 2 2 2 2 2
left_child=22 2 7 4 18 -6 10 8 21 17 -7 12 14 -13 15 -9 -15 -3 -4 -12 -19 -2 24 -24 -1 28 -25 -28 -26 -27
right_child=1 9 3 -5 5 6 -8 11 -10 -11 19 13 -14 16 -16 -17 -18 20 -20 -21 -22 -23 23 26 25 29 27 -29 -30 -31
leaf_value=0.0042117890857514889 0.0049494608777523458 0.0017980895201347908 -0.0074297708254206273 0.0065400294705548079 -0.005423750175208214 0.0052370653674006472 0.005718464048372375 -0.00095138541655614972 0.0082568326055310493 1.6804834518960006e-05 -0.0060049410102268061 0.010473519935926778 -0.0070834428262473506 0.0051762748807151291 -1.5284327350349892e-05 0.011845438191667199 -0.0016141814734914482 -0.0066074740391393952 0.0001532001793384552 0.00088621384654145093 0.0003398671867730825 -0.0021554711021725902 0.0066222920967265973 -0.0058751103427747029 0.00059138950374391344 -0.0013647218861218163 0.007609690488739447 -0.0004786745297584545 0.0079193457406723788 -0.0053800304730733245
leaf_weight=42 36 27 46 22 31 20 45 24 43 3598 30 21 22 36 180 20 36 55 20 38 23 23 40 23 63 586 22 135 21 57
leaf_count=42 36 27 46 22 31 20 45 24 43 3598 30 21 22 36 180 20 36 55 20 38 23 23 40 23 63 586 22 135 21 57
internal_value=-9.42108e-13 0.000112232 0.00106776 -0.000584766 -0.00126627 0.000289414 0.00162105 0.00201206 0.00474165 -6.65898e-05 -0.000474214 0.00119076 0.000225563 0.00374386 0.000943412 0.00486535 0.00178105 -0.00292424 -0.0051319 -0.002154 -0.0045589 0.00217974 -0.000498861 0.00105707 -0.000943992 -0.00124185 -0.000179641 0.000654727 0.00242338 -0.00172067
internal_weight=5385 4396 693 252 230 164 133 441 102 3703 88 339 246 93 224 44 72 105 66 68 78 59 989 220 769 727 180 157 84 643
internal_count=5385 4396 693 252 230 164 133 441 102 3703 88 339 246 93 224 44 72 105 66 68 78 59 989 220 769 727 180 157 84 643
is_linear=0
shrinkage=0.05


Tree=63
num_leaves=31
num_cat=0
split_feature=6 4 9 7 6 9 5 13 8 0 0 0 14 13 14 14 3 14 0 4 3 3 14 9 3 6 7 0 4 12
split_gain=0.119611 0.169695 0.126379 0.277315 0.417314 0.344433 0.509148 0.313533 0.307168 0.414885 0.249497 0.247278 0.311191 0.209669 0.186455 0.367827 0.165484 0.140561 0.29413 0.450478 0.230795 0.172614 0.533803 0.386289 0.266804 0.441103 0.44242 0.302836 0.285737 0.280226
threshold=0.011113522153326229 0.11876637337035484 0.3034295586116183 0.11959503417415082 0.01909588538047817 0.23851092358722778 37.039744441588127 0.66973932085611676 -0.0051668748308229253 -0.025196187851266979 0.026973837358644896 -0.040124476415935077 0.51454850352884074 2.8098202139226114 -1.6202666333043423 -1.3488335497301311 0.069102399284611718 -1.2507343092034913 -0.17366792745860113 0.33629765945709161 0.016759813712628139 -0.30734469502310235 -1.018953607174653 1.4654567114709602 -0.16911563015460837 0.024801654713162886 0.094058898673365948 0.03518900430175554 0.36149330467157575 0.38988587384589818
decision_type=2 2 2 2 2 2 2 2 2 2 2 2 2 2 2 2 2 2 2 2 2 2 2 2 2 2 2 2 2 2
left_child=-1 -2 3 4 7 6 -5 10 9 -6 -3 -8 -13 14 -4 -16 -10 -17 19 -19 -21 22 -20 -24 25 -23 29 -28 -29 -27
right_child=1 2 13 5 8 -7 11 -9 16 -11 -12 12 -14 -15 15 17 -18 18 21 20 -22 24 23 -25 -26 26 27 28 -30 -31
leaf_value=0.0036792165874926885 -0.0030389026452726483 -0.0038553159432233989 0.0038988900727417787 0.0074822834374693534 -0.0065195097385541264 -0.0039344201619369969 -0.0034050804727217727 0.0058529663830995567 -0.0099619475730623186 0.002699435387666409 0.0030761354334572391 -0.0016217904041210811 0.005641774910277334 -0.0050351805752143269 -0.0041543737565185512 0.003226752078626305 -0.0042043540258115781 -0.0088223148380284725 0.0028819417241417494 0.001806763156845763 -0.0048598418012261394 -0.0017111132247373464 -0.0075747176800377491 0.00090115230530500405 8.4976297344871145e-05 0.011446982848324946 0.00042321850198075286 0.0077414253289162212 0.00016752634197473527 0.0031772491382434966
leaf_weight=22 46 37 32 30 23 33 34 20 26 26 20 30 29 20 51 36 24 23 36 37 20 75 41 20 4365 21 135 33 20 20
leaf_count=22 46 37 32 30 23 33 34 20 26 26 20 30 29 20 51 36 24 23 36 37 20 75 41 20 4365 21 135 33 20 20
internal_value=1.8932e-12 -1.50928e-05 1.10677e-05 -0.000933511 -0.002294 0.000601395 0.00181832 0.000466693 -0.0044412 -0.00162782 -0.00142323 -8.76318e-06 0.00194844 7.39764e-05 9.45571e-05 6.98787e-05 -0.0071983 0.000114007 9.08835e-05 -0.00291575 -0.000532396 0.000141352 -0.00194629 -0.00479574 0.000184723 0.00161694 0.00270692 0.0016806 0.00488335 0.00741297
internal_weight=5385 5363 5317 332 176 156 123 77 99 49 57 93 59 4985 4965 4933 50 4882 4846 80 57 4766 97 61 4669 304 229 188 53 41
internal_count=5385 5363 5317 332 176 156 123 77 99 49 57 93 59 4985 4965 4933 50 4882 4846 80 57 4766 97 61 4669 304 229 188 53 41
is_linear=0
shrinkage=0.05


Tree=64
num_leaves=31
num_cat=0
split_feature=1 1 14 2 13 5 12 8 8 2 12 11 1 0 1 4 4 13 0 12 12 13 1 9 9 3 9 13 1 11
split_gain=0.114956 0.367198 0.536369 0.491614 0.351017 0.298917 0.259334 0.415437 0.408719 0.555435 0.452488 0.578751 0.422183 0.363427 0.741069 0.251052 0.539371 0.756196 0.376283 0.35856 0.469199 0.507157 0.339386 0.311439 0.306883 0.834209 0.402184 0.625703 0.341326 0.474087
threshold=-0.047419749206102195 -0.05338846451796813 1.1197621162400293 0.28091443212929296 0.65969047392939439 61.1801653600374 0.67411941244276308 4.0255900250326073 0.17832990829775233 -0.052800565162124051 0.79235529760429746 -0.74278843480591872 -0.13004362970942632 -0.03043027167140205 -0.18443026016918465 0.43162251284231012 0.3467863289998197 -0.79803441097385941 -0.067980565927832012 -1.8366014335827863 -0.59194236254650157 0.21131084390967397 -0.11111670929548688 1.4545229681083895 1.2684222236776992 0.29707672966131721 1.1121206640549459 1.2489027614338659 -0.069855097360600402 -0.56934836851659065
decision_type=2 2 2 2 2 2 2 2 2 2 2 2 2 2 2 2 2 2 2 2 2 2 2 2 2 2 2 2 2 2
left_child=1 3 4 5 -3 6 7 15 9 10 -8 -12 -11 14 -10 16 19 -18 23 -1 21 -21 -23 -19 26 -26 27 28 29 -22
right_child=-2 2 -4 -5 -6 -7 8 -9 13 12 11 -13 -14 -15 -16 -17 17 18 -20 20 24 22 -24 -25 25 -27 -28 -29 -30 -31
leaf_value=0.0072198034077882766 -0.00014606955419057589 -0.0020652802182095395 0.010499917303345034 -0.0072378726371839135 0.0054456117695995745 0.0058267342275939889 -0.0040863244230091699 0.0070652511669322855 -0.0011538066178688716 0.0025040588015690446 -0.0035265742889827208 0.0058248254769028007 -0.0063568528275936842 -0.0010301713497998814 -0.013171972176465003 0.0026433161700935622 -0.0095513127162121236 -0.0012769309445642509 -0.0040122731480487558 0.00075044057825032415 0.0079390368677143535 -0.0078170963671318327 -0.0012853911914233421 0.0068061888471923088 0.00060805001481267535 -0.0099379429890012194 0.0049346600581581393 -0.0040542319583935001 -0.001453579479129985 0.0017554399844422694
leaf_weight=20 3847 35 21 22 28 24 22 24 29 20 21 78 41 75 23 113 32 26 43 85 35 43 37 22 127 22 78 53 68 271
leaf_count=20 3847 35 21 22 28 24 22 24 29 20 21 78 41 75 23 113 32 26 43 85 35 43 37 22 127 22 78 53 68 271
internal_value=2.53206e-13 0.000365364 0.00357965 0.000179669 0.00127289 0.000293626 0.000199311 0.000559126 -0.00108042 0.000438623 0.00239983 0.0038412 -0.00345164 -0.00325731 -0.00646953 0.000413873 0.000151995 -0.00294011 -0.000615294 0.000605307 0.000443781 -0.00193883 -0.00479618 0.00242783 0.0010449 -0.000949076 0.00163322 0.00103015 0.00175066 0.00246271
internal_weight=5385 1538 84 1454 63 1432 1408 1099 309 182 121 99 61 127 52 1075 962 123 91 839 819 165 80 48 654 149 505 427 374 306
internal_count=5385 1538 84 1454 63 1432 1408 1099 309 182 121 99 61 127 52 1075 962 123 91 839 819 165 80 48 654 149 505 427 374 306
is_linear=0
shrinkage=0.05


Tree=65
num_leaves=31
num_cat=0
split_feature=7 8 12 10 12 12 8 12 10 10 5 7 5 8 9 13 10 8 6 7 6 4 4 10 8 13 12 8 5 5
split_gain=0.110633 0.416427 0.437974 0.400602 0.842526 0.443972 0.440851 0.390132 0.381842 0.441306 0.379126 0.359341 0.340819 0.449066 0.502482 0.502782 0.459058 0.337913 0.379467 0.352492 0.639805 0.50964 0.533561 0.473582 0.353 0.46936 0.413552 0.347838 0.339274 0.426884
threshold=0.091375758556354006 0.011232163120378997 -1.2645860906475641 -0.58712342063263712 0.038420826314242158 0.73807229677831498 0.026506890969954407 0.63568800211216658 -0.35531216339650934 0.31346809580995505 53.940794420886711 0.045329503531962308 54.798334956214084 0.8696961816454053 0.46428708616523401 -0.39452161960238635 0.11584195160071752 -0.05264879595661686 0.02635628470071982 0.081156098369790791 0.025307214771027063 0.20504450872913302 0.19466989817051225 -0.48325307823640257 -0.89870847791344732 0.72330412652074283 0.46190532574069526 -0.97212600509666502 47.653394911868112 54.593037838309492
decision_type=2 2 2 2 2 2 2 2 2 2 2 2 2 2 2 2 2 2 2 2 2 2 2 2 2 2 2 2 2 2
left_child=1 2 -1 4 -3 6 -5 8 11 12 -6 -8 -10 14 -14 -16 -17 18 19 20 21 22 24 -23 25 -4 -26 -25 -21 -30
right_child=-2 3 17 5 10 -7 7 -9 9 -11 -12 -13 13 -15 15 16 -18 -19 -20 28 -22 23 -24 27 26 -27 -28 -29 29 -31
leaf_value=0.0052665370749309659 0.00017157969658774551 -0.0066269613740587378 0.00076606738394783712 -0.0069693754797547375 0.0045058482737444783 -0.0031189897199305639 -0.0031428703683472818 0.0053595042042434218 0.00014509876754923459 0.0016199504017082216 -0.0028080805928471526 0.0041967122340186812 -0.010162971060602898 0.0012933224983794917 -0.010066707441583276 0.00074555736571324603 -0.0079014572268351919 0.0025261318366216132 0.0033130514888014169 -0.0054004427871074193 -0.0084263952888167376 0.0078509215420732911 -0.0050997553060629537 -0.0032409347563741673 -0.0019490809397255779 0.0085597006715834156 0.0017638158293266316 0.0030680102635980457 0.0055475519083085512 -0.0032188013937074419
leaf_weight=44 3423 88 85 22 34 142 21 35 137 142 37 81 31 43 20 66 20 132 71 66 22 36 56 31 227 25 112 74 21 41
leaf_count=44 3423 88 85 22 34 142 21 35 137 142 37 81 31 43 20 66 20 132 71 66 22 36 56 31 227 25 112 74 21 41
internal_value=-5.29862e-12 -0.000299346 0.000384416 -0.00107537 -0.00335769 -0.000597883 -1.85994e-05 0.000237973 -8.15523e-05 -0.00069648 0.000694364 0.00268562 -0.00173412 -0.00316442 -0.00456357 -0.002926 -0.00126538 0.000169388 -0.000189424 -0.000501831 -4.12512e-05 0.000244311 -0.000497766 0.00290211 7.6201e-05 0.00253735 -0.000722401 0.00120537 -0.00290548 -0.000249553
internal_weight=5385 1962 1043 919 159 760 618 596 561 459 71 102 317 180 137 106 86 999 867 796 668 646 505 141 449 110 339 105 128 62
internal_count=5385 1962 1043 919 159 760 618 596 561 459 71 102 317 180 137 106 86 999 867 796 668 646 505 141 449 110 339 105 128 62
is_linear=0
shrinkage=0.05


Tree=66
num_leaves=31
num_cat=0
split_feature=8 8 13 13 1 11 5 5 5 5 9 8 4 2 0 3 8 3 1 4 1 6 5 2 3 10 11 5 9 1
split_gain=0.115789 0.26994 0.385133 0.448809 0.464835 0.364299 0.46137 0.350744 0.37094 0.467883 0.468619 0.33912 0.320386 0.3148 0.314645 0.314341 0.311559 0.342557 0.346199 0.303353 0.327427 0.258472 0.255879 0.24692 0.378183 0.528879 0.271203 0.246577 0.332435 0.456014
threshold=-0.79921057767977144 -0.29026967798204389 0.41703369918254934 0.84277198650170049 -0.034160959846283305 -0.12973528501106243 35.618755159666129 59.971471793518127 56.776358324507534 54.065794310210045 0.71634783737650343 -0.40338559781467204 0.25484361703560593 -0.057647566268300636 0.013172783373827325 -0.12966002821176861 -0.24269329863311837 -0.01823261198513559 0.1941154021138958 0.2567395944969757 0.12082707469557276 0.019052065603017171 43.945910685202776 0.020637618508501102 0.11544333112533257 -0.53299773240164572 0.70479791062316444 37.254651909625409 0.71087765856147678 -0.17298977881396158
decision_type=2 2 2 2 2 2 2 2 2 2 2 2 2 2 2 2 2 2 2 2 2 2 2 2 2 2 2 2 2 2
left_child=-1 2 5 11 15 12 13 8 9 10 -8 -4 21 -7 23 -5 17 -3 -19 -6 -21 -2 -14 26 -25 -26 -12 28 29 -18
right_child=1 16 3 4 19 6 7 -9 -10 -11 14 -13 22 -15 -16 -17 27 18 -20 20 -22 -23 -24 24 25 -27 -28 -29 -30 -31
leaf_value=-0.00048881112400129731 0.0024780315035022797 0.0019917121722495983 -0.0047582703231313786 0.0016955387082998642 0.00081866808227707896 0.001659361654892564 0.0042183844459231764 0.005481374273076654 -0.0065997431986033923 0.0058572913047321368 0.005753371499478817 0.0012371996486121241 0.0051129661500453954 0.010530659784562886 -0.0063871514921387046 -0.0067918898479547357 0.0072180620660739284 -0.006452347254615457 0.0011935014650225641 0.010671114845370706 0.0018316605966538189 0.0088713632766590552 -0.002444531898557519 -0.0083498171716928481 0.0052175919972360131 -0.0040529467712622138 -0.0017698446369689446 0.00011184812214021167 -0.0032400118467611734 -0.002388626537285745
leaf_weight=989 25 28 77 20 55 20 41 30 21 33 25 34 21 20 30 24 21 57 20 22 20 43 24 20 25 40 23 3425 122 30
leaf_count=989 25 28 77 20 55 20 41 30 21 33 25 34 21 20 30 24 21 57 20 22 20 43 24 20 25 40 23 3425 122 30
internal_value=-2.18218e-12 0.000109971 0.00101567 -0.00054362 0.00132858 0.0019067 0.0010632 0.00036434 -0.000230664 0.000333685 -0.00055984 -0.00292182 0.00435507 0.00609501 -0.00176172 -0.00293397 -5.95266e-05 -0.00274425 -0.00446641 0.00326211 0.00646185 0.00652087 0.0010823 -0.000718395 -0.00233735 -0.000487355 0.0021485 1.88213e-05 -0.0018229 0.00156707
internal_weight=5385 4396 693 252 141 441 328 288 258 237 204 111 113 40 163 44 3703 105 77 97 42 68 45 133 85 65 48 3598 173 51
internal_count=5385 4396 693 252 141 441 328 288 258 237 204 111 113 40 163 44 3703 105 77 97 42 68 45 133 85 65 48 3598 173 51
is_linear=0
shrinkage=0.05


Tree=67
num_leaves=31
num_cat=0
split_feature=6 14 1 1 5 5 0 3 5 9 13 12 1 5 1 9 11 13 4 2 9 9 1 0 1 0 13 2 13 11
split_gain=0.109029 0.170452 0.221665 0.148015 0.506311 0.523114 0.517919 0.436051 0.369413 0.362169 0.353152 0.304082 0.24214 0.629088 0.299219 0.355377 0.339139 0.271814 0.489982 0.383839 0.286328 0.507162 0.27595 0.426519 0.263099 0.58582 0.479804 0.411635 0.607834 0.380149
threshold=0.073321599255601513 5.2207687122396296 0.15618536946227526 0.30980585147489831 65.27470769090182 67.096608679813059 0.024593949992226197 0.82064186910924219 61.784449251438311 1.7012194285397395 0.34474562577170881 -0.21519304713754775 0.19659561193232769 58.809185731191882 0.21464067409852419 1.5644317347615517 -0.18418656837934785 -0.75216195555108001 0.2309542141380331 0.39589292692931938 0.49194045558679445 0.72708691205991316 0.26400985713369379 0.043573114610450887 0.12867687530653951 0.14954611964186129 -1.1851833469156803 0.12298009299491831 -0.36570063411181292 -1.1430634448545185
decision_type=2 2 2 2 2 2 2 2 2 2 2 2 2 2 2 2 2 2 2 2 2 2 2 2 2 2 2 2 2 2
left_child=1 3 -3 12 6 -6 -5 8 -8 10 11 -7 24 14 -14 16 -16 18 -15 20 -19 -22 23 -23 25 -1 -26 28 -27 -28
right_child=-2 2 -4 4 5 9 7 -9 -10 -11 -12 -13 13 17 15 -17 -18 19 -20 -21 21 22 -24 -25 26 27 29 -29 -30 -31
leaf_value=-1.5623776970974859e-05 -0.0035956894890183493 -0.0013930144010200389 0.005038625369402203 -0.0026783007197082043 -0.010378164603290232 -0.0051563980976685082 0.0017905935639811851 -0.00050944884773343805 0.010593962903994208 0.0026559781223054854 -0.0072344292580199089 0.0030050058290362358 0.0070059693215981786 0.0021194331893890071 0.0038270747468976138 0.0067292197166490516 -0.0022810015242863842 -0.0045447420397335117 -0.0062905124107072528 0.0046557128186093984 0.0062658241479620043 0.0068528975470967231 -0.0046470450436962504 -0.0011139102332803998 0.0035935250625838168 -0.0058332582181763086 -0.006900453569057087 0.0073116615404496378 0.0047178077320448866 -0.0011219184056277332
leaf_weight=3784 21 21 37 60 22 21 22 40 26 31 38 25 46 29 44 33 47 34 43 47 31 21 35 84 52 21 30 46 39 555
leaf_count=3784 21 21 37 60 22 21 22 40 26 31 38 25 46 29 44 33 47 34 43 47 31 21 35 84 52 21 30 46 39 555
internal_value=-6.2048e-12 1.40771e-05 0.00270993 -1.53913e-05 -0.00112383 -0.00331425 0.000903784 0.00334612 0.00655909 -0.00196289 -0.00366747 -0.000720852 4.75255e-05 0.00109864 0.0035619 0.00228426 0.000672354 -0.000193811 -0.00290317 0.000580292 -0.000354073 0.00047916 -0.000802173 0.000479451 -6.71754e-05 8.70725e-05 -0.00100913 0.00375314 0.00102493 -0.00141825
internal_weight=5385 5364 58 5306 285 137 148 88 48 115 84 46 5021 494 170 124 91 324 72 252 205 171 140 105 4527 3890 637 106 60 585
internal_count=5385 5364 58 5306 285 137 148 88 48 115 84 46 5021 494 170 124 91 324 72 252 205 171 140 105 4527 3890 637 106 60 585
is_linear=0
shrinkage=0.05


Tree=68
num_leaves=31
num_cat=0
split_feature=8 8 13 4 3 7 12 13 5 8 7 1 7 8 3 14 10 2 14 2 12 10 13 12 14 13 7 3 1 12
split_gain=0.10782 0.241917 0.348765 0.426603 0.482074 0.433915 0.404597 0.306512 0.326524 0.364903 0.353109 0.387371 0.293983 0.285305 0.305936 0.422469 0.319417 0.266202 0.444402 0.350939 0.337227 0.290133 0.25499 0.252956 0.243349 0.237879 0.487285 0.423154 0.41219 0.455229
threshold=-0.79921057767977144 -0.29026967798204389 0.41703369918254934 0.38368572018185637 -0.014882416392279883 0.052769406983052193 0.19397779868208972 0.2744356967000175 36.025183002053659 -0.58349434216565033 0.055782041733967121 0.10586374131715005 0.081156098369790791 -0.24269329863311837 -0.01823261198513559 1.7640962616789546 0.13387230055058638 -0.061052282284327235 0.55929738410812391 0.094895018260328548 0.2933798539817577 -0.077745190803905725 1.0449420977751218 -0.54868210437128861 1.0930243899115206 0.70414549454721764 0.0652452189020334 -0.014882416392279883 -0.19008794069265836 -0.92207394646464447
decision_type=2 2 2 2 2 2 2 2 2 2 2 2 2 2 2 2 2 2 2 2 2 2 2 2 2 2 2 2 2 2
left_child=25 2 7 4 22 -6 12 8 9 -2 11 -10 -7 14 -3 16 -16 -12 19 -19 24 -22 -4 -14 -20 28 -27 -28 -1 -30
right_child=1 13 3 -5 5 6 -8 -9 10 -11 17 -13 23 -15 15 -17 -18 18 20 -21 21 -23 -24 -25 -26 26 27 -29 29 -31
leaf_value=0.0039296764969116169 0.010104338960012511 0.0018522063619457185 -0.0079684581884066578 0.0061313998864286328 -0.0050315767030922644 0.0048939797189086684 0.0053937202562681502 0.0052328219919122367 0.00053495510170857119 0.0013163872063159943 0.0029631708433953464 0.0098337000169392147 0.0012324485680437647 2.0635085002090285e-05 -0.010576879775700425 0.00051382423603329173 -0.0023036363907158373 -0.0076189637144229248 0.0069033485216399033 0.00043997478417374871 0.0008633658178150655 -0.006833090712704386 -0.0017499102426775021 -0.0048772674189725279 0.00098272452037781476 0.0075500882863998421 -0.0036281755625235815 0.0015769387193784576 0.0022969663594960281 -0.0016169105236951559
leaf_weight=42 21 28 32 22 31 20 45 57 24 27 64 21 32 3598 28 29 20 35 21 22 25 24 34 36 100 25 54 141 84 643
leaf_count=42 21 28 32 22 31 20 45 57 24 27 64 21 32 3598 28 29 20 35 21 22 25 24 34 36 100 25 54 141 84 643
internal_value=7.77805e-12 0.00010612 0.000963522 -0.000520325 -0.00115658 0.000295578 0.00153725 0.00181143 0.00130357 0.00516112 0.000752494 0.00487437 -0.000434815 -5.43391e-05 -0.00262345 -0.00425097 -0.0071297 0.000115091 -0.000687892 -0.0045085 0.000593134 -0.00290633 -0.00476496 -0.00200211 0.00201027 -0.000471691 0.000978087 0.000135522 -0.000886452 -0.00116469
internal_weight=5385 4396 693 252 230 164 133 441 384 48 336 45 88 3703 105 77 48 291 227 57 170 49 66 68 121 989 220 195 769 727
internal_count=5385 4396 693 252 230 164 133 441 384 48 336 45 88 3703 105 77 48 291 227 57 170 49 66 68 121 989 220 195 769 727
is_linear=0
shrinkage=0.05


Tree=69
num_leaves=31
num_cat=0
split_feature=13 9 6 5 4 3 1 5 12 12 1 2 9 1 11 12 6 12 6 6 4 4 11 1 1 14 5 10 1 12
split_gain=0.107567 0.106084 0.205518 0.249428 0.485815 0.225211 0.310557 0.414999 0.270532 0.299459 0.263632 0.216599 0.200633 0.356591 0.179804 0.312225 0.277136 0.575868 0.503552 0.324527 0.395315 0.31668 0.266103 0.354881 0.62494 0.486753 0.480531 0.553749 0.467737 0.445874
threshold=2.8098202139226114 0.3034295586116183 0.014750349633344805 37.039744441588127 0.22859201886709771 -0.052331311745171187 0.0081084769330995749 45.842948569478487 -0.0060263405601156768 -0.25163824914871058 0.094883767540701505 -0.18245386232118274 0.34299575948742073 0.061264066642063415 1.5269215890232772 -1.9891225161687138 0.021077542904059863 -0.27497481543108537 0.022404089800241198 0.023670108875191064 0.26743391751487705 0.38665516055246341 0.78381478601015886 0.068248757260591222 0.097412166865546004 0.63239019112087191 53.340384931340154 -0.49789233938165506 0.01771754791218039 0.43077346651136267
decision_type=2 2 2 2 2 2 2 2 2 2 2 2 2 2 2 2 2 2 2 2 2 2 2 2 2 2 2 2 2 2
left_child=1 2 -1 4 -4 11 7 -7 9 -8 -10 -5 13 -3 22 -16 17 -17 -18 -20 -21 -22 -14 25 -25 -24 29 -28 -29 -27
right_child=-2 12 3 5 -6 6 8 -9 10 -11 -12 -13 14 -15 15 16 18 -19 19 20 21 -23 23 24 -26 26 27 28 -30 -31
leaf_value=0.0037193054981205773 -0.0035715096430586919 0.0058553121225439755 -0.0043339782953262336 -0.00065724517335183927 0.0054347486660948829 -0.0031073145521804692 -0.0034937802068889141 0.0051047105912584816 -0.0087306344027941428 0.0043254034933246054 -0.0019653246547224829 -0.0058485327833935757 -6.0149256517337925e-05 -0.0017041870119730727 0.0034811285634835567 0.0050626272992350362 -0.0085366786364465957 -0.0044366191244787643 0.0031141451815323486 -0.0060957895349893799 0.0010350544181828565 -0.005054993455608686 0.0012640137643133715 0.0071471670595066698 0.0012360382735362061 -0.0064695346235696758 -0.0039844811839215904 0.0099316306900055634 -0.00019045260548591615 0.0011983556959491511
leaf_weight=23 21 39 20 32 35 25 25 40 24 24 36 54 3835 26 33 39 30 27 31 51 74 30 321 54 260 70 34 21 25 26
leaf_count=23 21 39 20 32 35 25 25 40 24 24 36 54 3835 26 33 39 30 27 31 51 74 30 321 54 260 70 34 21 25 26
internal_value=-8.14076e-12 1.39824e-05 -0.000843456 -0.00117661 0.00188248 -0.00182373 -0.000789173 0.00194624 -0.00242038 0.000336024 -0.00467145 -0.00391689 7.16454e-05 0.00283151 3.54851e-05 -0.00112055 -0.00165904 0.00117657 -0.00252548 -0.00155593 -0.00248994 -0.00072169 0.000113864 0.000936727 0.0022526 0.00010537 -0.00200784 0.000854132 0.0044305 -0.00439281
internal_weight=5385 5364 338 315 55 260 174 65 109 49 60 86 5026 65 4961 315 282 66 216 186 155 104 4646 811 314 497 176 80 46 96
internal_count=5385 5364 338 315 55 260 174 65 109 49 60 86 5026 65 4961 315 282 66 216 186 155 104 4646 811 314 497 176 80 46 96
is_linear=0
shrinkage=0.05


Tree=70
num_leaves=31
num_cat=0
split_feature=1 1 14 2 13 5 12 8 2 12 11 13 10 10 8 10 11 10 3 14 11 12 11 10 4 1 8 2 2 2
split_gain=0.104859 0.337523 0.489174 0.439481 0.325734 0.262346 0.222804 0.373641 0.479391 0.471122 0.496271 0.402402 0.395238 0.370912 0.356057 0.2657 0.521109 0.460029 0.506231 0.471561 0.357623 0.304253 0.367307 0.281788 0.305397 0.33049 0.581447 0.464776 0.29146 0.272342
threshold=-0.047419749206102195 -0.05338846451796813 1.1197621162400293 0.28091443212929296 0.65969047392939439 59.971471793518127 0.67411941244276308 0.20225595648453112 -0.052800565162124051 0.79235529760429746 -0.74278843480591872 0.5771912731528025 1.1884686671688041 0.26937035285259797 4.0255900250326073 0.19098050104263306 -1.0781762139206854 0.39957106084093319 -0.21626455873665754 1.1944643751983521 -1.2596548089556203 -1.8366014335827863 1.5269215890232772 0.16050563771775458 0.42449553535879808 -0.14006761405902038 0.81709770934388681 -0.030195314447791385 0.14283244653097141 -0.26626919127540283
decision_type=2 2 2 2 2 2 2 2 2 2 2 2 2 2 2 2 2 2 2 2 2 2 2 2 2 2 2 2 2 2
left_child=1 3 4 5 -3 6 14 8 9 -8 -11 -10 13 -9 15 16 20 18 -17 29 -1 -18 23 24 25 27 28 -23 -27 -19
right_child=-2 2 -4 -5 -6 -7 7 12 11 10 -12 -13 -14 -15 -16 17 21 19 -20 -21 -22 22 -24 -25 -26 26 -28 -29 -30 -31
leaf_value=-0.0011300972973306974 -0.00013950714368697194 -0.0019880166423640083 0.010039419037777754 -0.0068423118759793318 0.0052473152521997695 0.0046850966783522656 -0.0043144297031888169 -0.0015388960090771137 9.6230222403097002e-05 -0.0032578088298794773 0.0053567165787127323 -0.0081153204329311845 0.0025673521207257486 -0.0077229384953777002 0.0066657804843524224 -0.0021713054160876519 0.0057746345217785109 0.0046289366550552541 0.0052477380682437406 -0.0066874501062557101 -0.010472312653437258 -0.00059699242981511727 -0.0049118331079748834 -0.0054565156499544777 0.0044406530891799119 0.00062722919723306059 0.0066199801291804763 -0.0079248382566640008 -0.0054713716486557611 4.3903971706512166e-05
leaf_weight=21 3847 35 21 22 28 33 23 49 37 21 82 25 24 48 23 29 23 39 111 23 20 129 37 21 44 292 40 26 21 191
leaf_count=21 3847 35 21 22 28 33 23 49 37 21 82 25 24 48 23 29 23 39 111 23 20 129 37 21 44 292 40 26 21 191
internal_value=5.94061e-12 0.000348949 0.00343062 0.000170916 0.00122769 0.000278661 0.000174721 -0.00101038 0.000384481 0.00215559 0.00360036 -0.00321488 -0.00317761 -0.00459904 0.000510681 0.000378004 -0.000224487 0.00141128 0.00371094 0.000138746 -0.00568728 0.000129343 -8.35121e-05 0.000228264 0.000444533 9.84124e-05 0.000943488 -0.00182618 0.000218058 0.000821366
internal_weight=5385 1538 84 1454 63 1432 1399 309 188 126 103 62 121 97 1090 1067 674 393 140 253 41 633 610 573 552 508 353 155 313 230
internal_count=5385 1538 84 1454 63 1432 1399 309 188 126 103 62 121 97 1090 1067 674 393 140 253 41 633 610 573 552 508 353 155 313 230
is_linear=0
shrinkage=0.05


Tree=71
num_leaves=31
num_cat=0
split_feature=6 4 10 8 5 11 5 3 3 13 4 6 13 4 13 8 4 6 2 11 13 8 3 6 13 10 8 3 5 9
split_gain=0.104898 0.149155 0.263962 0.278212 0.256835 0.17667 0.131205 0.187289 0.241608 0.193852 0.160281 0.159707 0.288203 0.164452 0.302448 0.156151 0.515978 0.365184 0.422212 0.500964 0.400873 0.672957 0.263496 0.259311 0.318914 0.311098 0.243959 0.298873 0.390336 0.482055
threshold=0.011113522153326229 0.12707851606120596 0.13899323349505524 -0.0099153173082422979 60.374611441574224 -0.12973528501106243 76.135196605719855 0.37079237729161713 0.24918342100895532 -0.19474783695744799 0.18961428766657418 0.013290222294133607 0.17594255492234204 0.1356885290716435 0.4407611859424963 1.7722679608435892 0.19798743254012063 0.026246700876373371 0.18302994640026363 0.35336688598716354 0.02930318492950883 2.6534059486572059 0.10261759418340867 0.033831806535276433 -0.58489944477956402 -0.1421542811028606 0.7168533012247259 0.29050109745087443 57.632617302310415 1.3912631221836016
decision_type=2 2 2 2 2 2 2 2 2 2 2 2 2 2 2 2 2 2 2 2 2 2 2 2 2 2 2 2 2 2
left_child=-1 2 4 -4 5 -2 11 8 10 -9 -8 12 -3 14 -13 26 -17 20 23 -20 22 -22 -18 25 -25 -19 -15 -28 29 -29
right_child=1 6 3 -5 -6 -7 7 9 -10 -11 -12 13 -14 15 -16 16 17 18 19 -21 21 -23 -24 24 -26 -27 27 28 -30 -31
leaf_value=0.0034455133305693214 0.0020845948485657575 0.0074437235994264488 0.0055615851562470196 -0.0026783698415827183 -0.0076473794447687957 -0.0043409058005636327 0.0055937665700912485 0.00045695138474305478 -0.0033041564112542853 0.0058655006257263389 -0.000736336256377399 0.00023156923264087666 -0.00030497328999141851 -7.0951939266904995e-05 -0.0064771714603661422 0.0038321940342382513 -0.011489136716617006 0.0061341695988980623 -0.0073502162157092245 0.0017872891175405433 0.0037116175531550794 -0.0065476398524497784 -0.0042812156543732272 -0.0045636516478326592 0.0014896878358823334 -0.00046205860703732037 0.0017851606323987385 0.0062717376302021581 -0.0020221601850889197 -0.0033629999356344347
leaf_weight=22 20 20 20 21 26 23 20 30 34 37 20 42 30 3998 28 49 21 39 40 24 33 31 32 36 55 33 405 37 139 20
leaf_count=22 20 20 20 21 26 23 20 30 34 37 20 42 30 3998 28 49 21 39 40 24 33 31 32 36 55 33 405 37 139 20
internal_value=2.48274e-12 -1.41341e-05 -0.00183632 0.00134112 -0.00372436 -0.0013523 2.40231e-05 0.00152865 -0.000205307 0.00344376 0.00242872 -1.74777e-05 0.00279451 -4.52531e-05 -0.00245193 -1.15056e-05 -0.000968128 -0.0016519 -0.000482324 -0.00392365 -0.00392106 -0.00125771 -0.00713718 0.000868871 -0.00090504 0.0031109 7.0241e-05 0.00100949 -0.000593296 0.00289113
internal_weight=5385 5363 110 41 69 43 5253 141 74 67 40 5112 50 5062 70 4992 393 344 227 64 117 64 53 163 91 72 4599 601 196 57
internal_count=5385 5363 110 41 69 43 5253 141 74 67 40 5112 50 5062 70 4992 393 344 227 64 117 64 53 163 91 72 4599 601 196 57
is_linear=0
shrinkage=0.05


Tree=72
num_leaves=31
num_cat=0
split_feature=4 6 5 14 2 1 8 12 12 6 5 4 13 0 8 1 13 2 0 0 14 4 2 13 6 7 6 6 14 2
split_gain=0.105626 0.358569 0.411386 0.409141 0.981486 0.55297 0.391655 0.329118 0.302951 0.492197 0.482886 0.550551 0.479618 0.565783 0.760848 0.460525 0.535049 0.441213 0.38293 0.554264 0.362269 0.337867 0.340956 0.381973 0.365972 0.335084 0.54808 0.291609 0.268763 0.495333
threshold=0.37268022773285342 0.032303926165316833 49.51819687013262 -0.30854719675166881 0.040206198051068294 0.3856622777669661 0.52468178279224742 -0.079727936249842243 -0.44986938593859127 0.02121491423439701 51.055190854046892 0.19408735700848942 -0.9506322310667269 0.04244069279133323 0.032757125087797642 0.0032839769894486008 -1.2947380168388001 -0.027905466235888351 0.019123388930000099 0.010150675402483602 0.98207095792390209 0.20464161247435114 0.17854776389922902 0.22027920348489996 0.028703259091636079 0.11887637860318177 0.028136543744923581 0.02561401454261086 3.8805688663696638 1.3456870248666746
decision_type=2 2 2 2 2 2 2 2 2 2 2 2 2 2 2 2 2 2 2 2 2 2 2 2 2 2 2 2 2 2
left_child=1 8 6 -4 -5 7 -3 -6 9 10 11 -1 15 18 -15 -11 -17 -16 19 21 -20 -14 23 -23 27 -19 -27 -25 -2 -30
right_child=28 2 3 4 5 -7 -8 -9 -10 12 -12 -13 13 14 17 16 -18 25 20 -21 -22 22 -24 24 -26 26 -28 -29 29 -31
leaf_value=-0.0045835219020249713 -0.0009118626555419091 -0.00024408387504824179 0.0081690162313835975 -0.0049672369301940007 0.0092715060115248597 -0.00193234415880094 0.0059492353316662576 0.0023711112293380281 0.00015389920302348906 0.0066164523114760725 0.0021245713338924987 0.0045497614805671297 -0.0092578747896882498 0.0043210163814364931 0.0040663176216185091 -0.0046638771728612491 0.0038012511309768477 -0.0098461659764871017 -0.011990269812910508 0.0046256490335192376 -0.0034714766043739825 0.00066092082776040553 -0.0060321596942230831 -0.0043305058515845582 -0.0085362913335363076 0.0012729091229490364 -0.0082108286954462525 0.0029775916022204219 0.0071042753507693616 -0.0022307079561330653
leaf_weight=66 594 289 35 36 48 24 28 27 3346 30 206 22 23 64 20 40 35 20 24 23 26 84 64 39 30 39 25 21 30 27
leaf_count=66 594 289 35 36 48 24 28 27 3346 30 206 22 23 64 20 40 35 20 24 23 26 84 64 39 30 39 25 21 30 27
internal_value=8.99572e-15 8.21181e-05 0.00136717 0.00335159 0.00210263 0.0046735 0.00030296 0.00678736 -6.52371e-05 -0.000879033 0.00080015 -0.0023002 -0.00169234 -0.00233513 3.16715e-05 0.00138078 -0.000713484 -0.00260793 -0.00352562 -0.00281525 -0.0075605 -0.00347096 -0.00291172 -0.00176398 -0.00402721 -0.00419703 -0.00243168 -0.00177267 -0.000597154 0.00268244
internal_weight=5385 4734 487 170 135 99 317 75 4247 901 294 88 607 502 168 105 75 104 334 284 50 261 238 174 90 84 64 60 651 57
internal_count=5385 4734 487 170 135 99 317 75 4247 901 294 88 607 502 168 105 75 104 334 284 50 261 238 174 90 84 64 60 651 57
is_linear=0
shrinkage=0.05


Tree=73
num_leaves=31
num_cat=0
split_feature=14 14 10 7 7 2 9 10 5 11 2 3 11 3 5 9 14 2 1 2 12 11 7 9 6 4 6 2 7 2
split_gain=0.0977389 0.331633 0.261878 0.418497 0.426849 0.485995 0.658344 0.320248 0.477444 0.460869 0.356704 0.397036 0.395892 0.37081 0.337623 0.309661 0.29834 0.654785 0.516858 0.395937 0.291251 0.371518 0.285811 0.451668 0.392534 0.377388 0.560964 0.406893 0.912029 0.541309
threshold=0.16030020717009211 0.14824324303036404 0.52167990467040359 0.064114644322173495 0.19403254277560175 0.12494733966652739 1.4545229681083895 0.64997557395447114 48.779959314927304 -0.15877638122056845 0.33425193711691042 0.4896040696695883 -0.096495750345948025 0.24230614511188844 60.374611441574224 1.3687366821589488 0.25926960503289959 -0.18595769226020883 -0.099575317996495091 -0.15139005337366504 0.15006400711387485 -0.21415749572915999 0.091375758556354006 1.7616545439659861 0.029502214846286488 0.27160881983393137 0.029047472620519078 -0.0085898065679301788 0.19403254277560175 0.015813761178633316
decision_type=2 2 2 2 2 2 2 2 2 2 2 2 2 2 2 2 2 2 2 2 2 2 2 2 2 2 2 2 2 2
left_child=1 -1 16 -4 7 -6 -7 15 9 -9 11 12 13 -10 -14 20 18 -18 -2 -19 -5 -22 23 24 -21 26 -24 28 -27 -29
right_child=2 -3 3 4 5 6 -8 8 10 -11 -12 -13 14 -15 -16 -17 17 19 -20 22 21 -23 25 -25 -26 27 -28 29 -30 -31
leaf_value=-0.00021963825265535906 -0.0038901577330155614 -0.0063949902584268291 0.0037453391504558651 0.0014748905474940936 -0.0034771797081427367 0.00028429762460291386 0.010579125101988515 -0.0015152994126644143 0.00090525726166864251 -0.0088717366540522289 -0.0042783866735231699 0.00783781051813137 -0.0008321034552698786 -0.0070213851779699328 0.0075839565278818981 -0.0095761682294930039 0.0090232158805953252 -0.0063718658750471866 0.0042650546044979802 -0.00035104387968153507 -0.00094314072108924547 -0.0098359542405334031 0.00097417022160741569 -0.0066527330083772547 0.0065476403172527037 0.00057943960773232199 0.0068055919934670601 0.0082041490776464353 -0.010742663932514602 -0.00017893683543099758
leaf_weight=1845 24 22 44 24 33 44 24 60 36 33 33 21 22 25 26 24 21 23 102 1139 24 23 1008 28 21 46 43 20 29 518
leaf_count=1845 24 22 44 24 33 44 24 60 36 33 33 21 22 25 26 24 21 23 102 1139 24 23 1008 28 21 46 43 20 29 518
internal_value=9.00003e-13 -0.000292406 0.00015518 -0.000909645 -0.00136278 0.0015016 0.00391777 -0.00218701 -0.00126698 -0.00412565 0.00036404 0.0015425 0.000329644 -0.00234337 0.0037266 -0.00466624 0.000329949 0.000226324 0.00271168 0.000162068 -0.00300655 -0.00529494 0.000214761 -0.000377622 -0.000226154 0.000637689 0.00121275 -0.00034827 -0.00379844 0.000132702
internal_weight=5385 1867 3518 496 452 101 68 351 256 93 163 130 109 61 48 95 3022 2896 126 2875 71 47 2852 1188 1160 1664 1051 613 75 538
internal_count=5385 1867 3518 496 452 101 68 351 256 93 163 130 109 61 48 95 3022 2896 126 2875 71 47 2852 1188 1160 1664 1051 613 75 538
is_linear=0
shrinkage=0.05


Tree=74
num_leaves=31
num_cat=0
split_feature=1 1 2 3 5 9 12 12 11 9 5 13 11 5 9 12 4 0 4 2 9 13 4 10 1 12 10 5 3 8
split_gain=0.102186 0.294926 0.393241 0.342282 0.235399 0.215306 0.446142 0.609458 0.374951 0.376411 0.347559 0.323178 0.304593 0.250902 0.226438 0.605709 0.333536 0.637008 0.49254 0.321805 0.519562 0.703776 0.583848 0.503592 0.49537 0.345913 0.353201 0.327236 0.314912 0.435127
threshold=-0.047419749206102195 -0.05338846451796813 0.28091443212929296 -0.0077749492795143307 61.1801653600374 0.44102866849692957 -0.45878700193729011 -0.12107973975476044 -0.28844104004216309 0.34299575948742073 62.472209026406951 0.25814745233554554 -0.081103862078429498 60.782075323295693 0.53307657775267858 -0.11348058252594022 0.20504450872913302 0.040740261617427172 0.25254284164609808 0.057764665358194363 0.74717975586810181 -0.48985105091392606 0.15755468267658521 0.42975100393533583 -0.036954854602272151 1.2465911544594006 1.4207461531037213 56.26197766980858 0.11544333112533257 0.42245096013221334
decision_type=2 2 2 2 2 2 2 2 2 2 2 2 2 2 2 2 2 2 2 2 2 2 2 2 2 2 2 2 2 2
left_child=1 2 4 -3 -1 6 12 11 13 -10 -11 -8 -2 -9 15 -7 17 -17 -18 20 21 -16 -23 -24 -21 26 -22 -27 29 -26
right_child=5 3 -4 -5 -6 14 7 8 9 10 -12 -13 -14 -15 19 16 18 -19 -20 24 25 22 23 -25 28 27 -28 -29 -30 -31
leaf_value=0.00019627629178557983 -0.0082962821388398028 -0.00064538504572256522 -0.0064559759058201134 0.0058570696734823284 0.0051901382073992865 -0.0031727658429517762 0.0066803293207134962 -0.0010008821619622824 -0.0009324796740564625 -0.0026306256601659984 -0.009278204079600982 -9.9405123910401025e-05 -0.0013209954040638847 0.0052483745786393518 0.0026648908288085037 0.0043144190714003577 0.0093853315099691748 -0.0042846533935517071 -0.00026560699567198756 -0.0054198255345813545 -0.00035812078415382409 0.0012164606055354371 -0.0078351739710526124 -0.00024040507144361203 0.00073563137157722867 0.0004451638669706881 -0.0065173046954441821 0.0084777172920959334 7.0406754215316357e-05 0.0048979706176352214
leaf_weight=1408 34 34 22 50 24 50 39 36 138 51 32 32 29 29 42 62 39 33 20 38 772 34 99 28 268 32 24 21 1783 82
leaf_count=1408 34 34 22 50 24 50 39 36 138 51 32 32 29 29 42 62 39 33 20 38 772 34 99 28 268 32 24 21 1783 82
internal_value=-7.7009e-13 0.000344473 0.000178053 0.00322512 0.000279972 -0.000137718 -0.00120621 -0.000521635 -0.00155096 -0.00253279 -0.00519355 0.00362467 -0.00508544 0.00178725 -6.76777e-06 0.00160872 0.00316114 0.00132737 0.00611383 -0.00010902 -0.000826745 -0.00309916 -0.00460282 -0.00616074 0.000238768 -0.000283401 -0.000543825 0.00362787 0.000339577 0.00171081
internal_weight=5385 1538 1454 84 1432 3847 420 357 286 221 83 71 63 65 3427 204 154 95 59 3223 1052 203 161 127 2171 849 796 53 2133 350
internal_count=5385 1538 1454 84 1432 3847 420 357 286 221 83 71 63 65 3427 204 154 95 59 3223 1052 203 161 127 2171 849 796 53 2133 350
is_linear=0
shrinkage=0.05


Tree=75
num_leaves=31
num_cat=0
split_feature=9 2 12 12 6 9 2 6 2 1 1 2 13 0 2 13 6 6 6 14 14 0 0 1 7 14 8 0 8 13
split_gain=0.098567 0.357537 0.341894 0.344061 0.386743 0.228512 0.37896 0.243412 0.22089 0.19167 0.16961 0.275993 0.327352 0.377621 0.283603 0.384651 0.656542 0.368373 0.32452 0.272746 0.345508 0.272468 0.272473 0.409376 0.361388 0.356808 0.339935 0.269095 0.266147 0.279664
threshold=2.2130170572706911 1.0671052427260728 -1.9257120982304772 -1.0988849400563374 0.037122685847937674 2.0130915291224221 -0.10340224046164652 0.033096023856940847 0.80872010455760945 -0.022277081909955528 0.30980585147489831 0.38929503317421704 -0.98069429606142133 0.067088406770222667 0.30477238753734742 -0.28356508560795751 0.028226683108140815 0.022205442610888023 0.023670108875191064 3.7127013906910298 0.82706812785109152 -0.040124476415935077 0.065919130129819994 0.14110989173094537 0.1351836582538356 2.7564246711546025 -0.084110206224710146 0.22080941204569707 0.25131195027974002 -0.57147914049204729
decision_type=2 2 2 2 2 2 2 2 2 2 2 2 2 2 2 2 2 2 2 2 2 2 2 2 2 2 2 2 2 2
left_child=1 5 -2 -4 -5 8 -7 -8 10 -6 11 14 13 -13 27 16 18 -17 -16 20 -12 -14 23 -23 -24 -26 -25 -1 -22 -30
right_child=2 -3 3 4 9 6 7 -9 -10 -11 19 12 21 -15 15 17 -18 -19 -20 -21 28 22 24 26 25 -27 -28 -29 29 -31
leaf_value=3.7962105104954803e-05 0.007183461476649557 -0.0057747052568528391 -0.0049591134265065196 0.0056616217753774414 -0.0041776855401694781 0.0029861664931688991 -0.0086897642468102276 -0.0019826418720185757 0.0043120287343238793 0.0014306653052186355 -0.0044116852484876292 -0.0066090883646646274 -0.0021816976386337325 0.002664567308411712 0.0013852686748247257 -0.0011825728810885374 0.0081260773353278633 -0.0062748940817266997 -0.0050659802822130076 -0.0069730404065921903 0.0029045221996643854 0.0095695124692557493 -0.0028825573393987725 0.0066494644414633519 0.00058076710750659308 0.0089179184875406697 -0.0015162879831712838 0.0043785274300413828 0.0031747685815207666 -0.0039818752383769945
leaf_weight=4387 21 27 25 37 25 21 24 31 30 39 48 23 26 21 44 85 23 61 35 20 62 34 32 25 33 21 26 36 20 43
leaf_count=4387 21 27 25 37 25 21 24 31 30 39 48 23 26 21 44 85 23 61 35 20 62 34 32 25 33 21 26 36 20 43
internal_value=2.91477e-12 -3.58359e-05 0.00127693 0.000292508 0.00159241 -6.10087e-06 -0.00272772 -0.00490939 3.41802e-05 -0.000760097 9.04099e-06 6.61687e-05 0.00171618 -0.00218303 -1.89634e-05 -0.00166429 0.000691591 -0.00331019 -0.00147288 -0.0014449 -0.000805814 0.00258707 0.00331214 0.00531972 0.0013279 0.00382299 0.00248653 7.32911e-05 0.000578841 -0.00170992
internal_weight=5385 5238 147 126 101 5211 76 55 5135 64 5105 4912 241 44 4671 248 102 146 79 193 173 197 171 85 86 54 51 4423 125 63
internal_count=5385 5238 147 126 101 5211 76 55 5135 64 5105 4912 241 44 4671 248 102 146 79 193 173 197 171 85 86 54 51 4423 125 63
is_linear=0
shrinkage=0.05


Tree=76
num_leaves=31
num_cat=0
split_feature=6 6 13 0 9 9 4 13 0 8 10 12 6 10 13 11 4 12 11 9 4 2 12 6 11 11 13 11 6 10
split_gain=0.0971057 0.151571 0.422368 0.188361 0.256366 0.322811 0.195253 0.346096 0.439464 0.517528 0.389017 0.334662 0.248109 0.358635 0.461987 0.517447 0.333802 0.433467 0.323282 0.420228 0.321355 0.449576 0.318207 0.293126 0.447466 0.36074 0.288897 0.270221 0.263044 0.430103
threshold=0.073321599255601513 0.060518572701877306 -0.60047696995582356 0.25625928207082044 1.7012194285397395 1.051891996555552 0.37268022773285342 -0.60047696995582356 0.036997161825744314 -0.79921057767977144 0.51249404543808441 0.14567212974677976 0.032303926165316833 -1.113328714117044 -0.47982947135127535 1.3466800787498105 0.31966721436690831 -0.089099994656050716 -1.0781762139206854 0.9923240574260711 0.30898700136664242 0.1087425235105033 -1.2169818906093302 0.036779831585268173 -0.17434564769125857 -0.68266483396955913 -0.35575276835197939 0.42977094062404825 0.038810740353533157 0.32694969426731191
decision_type=2 2 2 2 2 2 2 2 2 2 2 2 2 2 2 2 2 2 2 2 2 2 2 2 2 2 2 2 2 2
left_child=1 3 -3 6 5 -5 12 8 9 -8 -11 -10 18 -14 15 16 17 -15 19 -1 -20 -22 -16 -24 25 -25 -23 28 29 -18
right_child=-2 2 -4 4 -6 -7 7 -9 11 10 -12 -13 13 14 22 -17 27 -19 20 -21 21 26 23 24 -26 -27 -28 -29 -30 -31
leaf_value=-0.0055437843851577186 -0.00339339387913545 0.0078503082141928061 -0.00065307523822411896 0.0054194104275666179 0.0067336186883039774 -0.0027282634344432625 -0.0059171729556777904 -3.3439441520242841e-05 -0.0030154882176291376 -0.0010481919326326427 0.0064667931945922852 -0.010072460491210224 0.0060097006868038861 -0.00022382820025086404 -0.002888103057297745 0.0056799803821680449 0.0029824515695994099 -0.0091129990461922723 8.6092648211957067e-05 0.00027842675779192222 0.00049643190930399937 -0.0013637996916831645 0.0041005256800944433 0.001085955702832767 0.0051242334155055386 -0.0075831922968583451 -0.0080920023005604993 -0.0046985480535243242 0.0055100509805766787 -0.0062217471528459682
leaf_weight=61 21 23 40 20 24 31 34 343 42 51 26 28 35 24 28 24 30 32 3976 63 66 27 145 28 30 21 39 28 23 22
leaf_count=61 21 23 40 20 24 31 34 343 42 51 26 28 35 24 28 24 30 32 3976 63 66 27 145 28 30 21 39 28 23 22
internal_value=-6.87384e-12 1.32851e-05 0.00245133 -1.569e-05 0.00247225 0.000466903 -5.13953e-05 -0.000966897 -0.00273583 -0.000779325 0.00148934 -0.00583828 5.063e-05 0.0011405 0.000748723 -0.0011634 -0.00219636 -0.00530335 -7.04092e-05 -0.00258573 5.51563e-06 -0.00242156 0.00213729 0.00276546 0.000315022 -0.00262939 -0.00533956 -0.000507117 0.00105768 -0.000911633
internal_weight=5385 5364 63 5301 75 51 5226 524 181 111 77 70 4702 470 435 183 159 56 4232 124 4108 132 252 224 79 49 66 103 75 52
internal_count=5385 5364 63 5301 75 51 5226 524 181 111 77 70 4702 470 435 183 159 56 4232 124 4108 132 252 224 79 49 66 103 75 52
is_linear=0
shrinkage=0.05


Tree=77
num_leaves=31
num_cat=0
split_feature=12 12 14 2 2 7 5 5 6 5 14 14 6 1 2 7 7 12 6 12 12 8 0 14 1 0 0 2 12 5
split_gain=0.0991176 0.110064 0.30837 0.298356 0.142845 0.213968 0.182336 0.278755 0.280337 0.262542 0.244087 0.306809 0.365538 0.158865 0.405836 0.350174 0.272294 0.409237 0.407807 0.359017 0.234609 0.218553 0.210896 0.205772 0.205226 0.193629 0.377402 0.305641 0.205854 0.242049
threshold=2.460419036470459 1.6703724373601863 -0.63354521294417188 -0.0021237625556756452 -0.44163151895948077 0.47367579540529897 26.078018204724682 30.019079338375025 0.030153785232605645 24.608044460766099 -1.6202666333043423 -1.3013503589565611 0.022953775142872192 -0.15283365359768522 -0.071989920052575582 0.15316488453788749 0.29067288165145627 0.22926374920432221 0.035819730481029058 0.52129538054540403 -0.20005964354841066 -0.20136936434656388 -0.025196187851266979 -0.41114453084825181 -0.19676712400973886 -0.129626796450418 -0.12229685470370298 -0.18245386232118274 -0.8617923095889527 37.380231617534022
decision_type=2 2 2 2 2 2 2 2 2 2 2 2 2 2 2 2 2 2 2 2 2 2 2 2 2 2 2 2 2 2
left_child=1 4 -3 -4 -1 6 9 8 -8 -6 -9 12 -12 14 16 -16 17 20 19 -19 21 -13 23 -23 -22 27 -27 -15 -29 -30
right_child=-2 2 3 -5 5 -7 7 10 -10 -11 11 13 -14 25 15 -17 -18 18 -20 -21 24 22 -24 -25 -26 26 -28 28 29 -31
leaf_value=0.0031987828069499563 0.0034283674898601714 -0.0053072165888604812 0.0042910210236355118 -0.0036553035124338102 -0.00029825272126677069 -0.0040195444387129764 0.00089719648553559985 0.0047461877990927969 0.0072559063752683315 -0.0074085958115756509 -0.0089981516823172576 -0.0052735009975731374 -0.001065013351447151 0.0028232140400047817 0.00087116412663211431 0.0077977873636661359 0.0057070435490459209 0.0050183885315757092 0.0080812627600212374 -0.0030699968666714783 -0.0084604786158624014 -0.00068642677685532439 -0.0032559939558268526 0.0056667613871395593 -0.0016309629638933322 0.0066850219110381748 -3.3289766537634615e-05 7.7611929737031463e-05 -0.010102652846835555 -0.0026548682052331667
leaf_weight=35 21 36 27 21 37 33 52 27 26 20 20 20 53 21 36 37 20 23 23 34 22 26 24 25 22 21 4559 20 20 24
leaf_count=35 21 36 27 21 37 33 52 27 26 20 20 20 53 21 36 37 20 23 23 34 22 26 24 25 22 21 4559 20 20 24
internal_value=-1.43945e-12 -1.3422e-05 -0.00180909 0.000814504 1.51454e-05 -6.09905e-06 1.93122e-05 5.04098e-05 0.00301677 -0.00279311 4.8365e-06 -2.05133e-05 -0.00323848 2.66861e-05 0.001119 0.00438192 0.000122382 -0.000387633 0.0024614 0.000193738 -0.00202736 -0.000629389 0.000609041 0.00242788 -0.00504572 -4.63693e-05 -2.48528e-06 -0.00241094 -0.0041284 -0.00604022
internal_weight=5385 5364 84 48 5280 5245 5212 5155 78 57 5077 5050 73 4977 312 73 239 219 80 57 139 95 75 51 44 4665 4580 85 64 44
internal_count=5385 5364 84 48 5280 5245 5212 5155 78 57 5077 5050 73 4977 312 73 239 219 80 57 139 95 75 51 44 4665 4580 85 64 44
is_linear=0
shrinkage=0.05


Tree=78
num_leaves=31
num_cat=0
split_feature=10 6 6 10 9 2 1 10 1 11 9 8 6 2 6 0 9 11 13 10 0 0 3 2 7 8 3 5 9 7
split_gain=0.0984475 0.282934 0.399058 0.276412 0.59128 0.50565 0.362984 0.705047 0.355392 0.441109 0.294976 0.271115 0.293517 0.387258 0.386112 0.38984 0.36629 0.426094 0.443073 0.464449 0.380543 0.277897 0.470382 0.431256 0.413362 0.266324 0.27294 0.30613 0.25735 0.252355
threshold=-0.65600776405159522 0.017044103607916718 0.015300145020371735 -0.46479482749747231 0.98219092032577371 0.087412533373080428 -0.05338846451796813 -0.51714762120020275 0.12867687530653951 -0.21415749572915999 0.75265487782855034 -2.2578072968949141 0.033096023856940847 0.45378242161147214 0.036226745159972436 0.016055960087790536 0.59039119393343631 -0.26492881554794767 -0.72201177033915054 -0.80080949036885396 -0.061752542971748751 -0.040124476415935077 0.80037212135898572 -0.1439010445376421 0.21892544269147673 -0.65839053946896153 0.33309555742837987 45.929653934491 0.84406562825027265 0.083210060821664322
decision_type=2 2 2 2 2 2 2 2 2 2 2 2 2 2 2 2 2 2 2 2 2 2 2 2 2 2 2 2 2 2
left_child=1 2 -1 4 5 -2 7 -6 9 -8 -7 -3 13 16 15 -14 -13 -18 19 28 -20 23 24 -16 -23 -22 27 -27 -19 -11
right_child=3 11 -4 -5 6 10 8 -9 -10 29 -12 12 14 -15 21 -17 17 18 20 -21 25 22 -24 -25 -26 26 -28 -29 -30 -31
leaf_value=0.0012257681311374266 -0.0025806195678672308 -0.0030808081502715747 -0.0063768703097270597 -4.1481663684570339e-05 -0.0042482611825462521 0.0041168120295669028 0.012692602472379806 0.0068472206338562758 0.0016942628352394837 0.0088114301390621978 -0.0014285954058562457 0.0034603063734366668 0.0016835829122336925 -0.0059120448830071838 -0.0013510401693305799 0.010893700793385506 0.0034161205688077543 -0.00063611550320839068 -0.0068757493866652974 -0.0041638438557756357 0.0034597645797159364 -0.0071930975779085542 0.0026586136582992833 0.0070283982765806073 0.00063413452477224417 -0.0057857175936705659 -0.0054231785591691735 -7.4970029763937973e-05 0.0051848013986918063 0.0026067513139232212
leaf_weight=28 135 75 45 3994 41 65 20 22 88 23 38 59 27 32 28 20 54 29 41 29 23 37 53 34 31 29 50 123 55 57
leaf_count=28 135 75 45 3994 41 65 20 22 88 23 38 59 27 32 28 20 54 29 41 29 23 37 53 34 31 29 50 123 55 57
internal_value=-9.96163e-13 -0.000476607 -0.00346079 9.58956e-05 0.00121795 -0.000567552 0.00291098 -0.000373648 0.00401167 0.006051 0.00207093 -0.000213826 7.13508e-05 -0.000582231 0.00156038 0.00560278 -0.000235576 -0.000739172 -0.00133122 0.00129173 -0.00244548 0.000522167 -0.000872561 0.00324414 -0.0036248 -0.00163818 -0.00221864 -0.00116452 0.0031752 0.0043906
internal_weight=5385 902 73 4483 489 238 251 63 188 100 103 829 754 524 230 47 492 433 379 113 266 183 121 62 68 225 202 152 84 80
internal_count=5385 902 73 4483 489 238 251 63 188 100 103 829 754 524 230 47 492 433 379 113 266 183 121 62 68 225 202 152 84 80
is_linear=0
shrinkage=0.05


Tree=79
num_leaves=31
num_cat=0
split_feature=1 1 14 2 5 12 8 2 0 10 9 8 10 0 12 0 14 14 9 9 9 0 3 4 2 10 12 10 12 12
split_gain=0.0921792 0.263645 0.409021 0.347746 0.214567 0.203648 0.337252 0.436601 0.432665 0.359547 0.356105 0.332591 0.279319 0.276894 0.220382 0.21773 0.348893 0.432395 0.393669 0.313447 0.491792 0.263005 0.378375 0.42444 0.468993 0.277897 0.356791 0.351026 0.417881 0.339292
threshold=-0.047419749206102195 -0.05338846451796813 1.1197621162400293 0.28091443212929296 61.1801653600374 0.67411941244276308 0.17832990829775233 -0.052800565162124051 -0.14146365203752162 1.1884686671688041 0.9923240574260711 4.0255900250326073 0.26937035285259797 -0.027925050311934149 1.1085294272139625 0.0175149185512018 -0.29443548599869523 -0.87334804575994307 1.1706588636842605 0.40858406860995594 0.33068510677362667 -0.012421473729603559 0.09403097809309581 0.18461408856681297 -0.1439010445376421 0.19098050104263306 0.51466357108759409 0.31346809580995505 0.18733399616431953 0.046032641598380261
decision_type=2 2 2 2 2 2 2 2 2 2 2 2 2 2 2 2 2 2 2 2 2 2 2 2 2 2 2 2 2 2
left_child=1 3 -3 4 5 11 7 8 -7 12 -9 15 14 -14 -8 19 17 -17 -18 20 -1 25 23 -23 -25 26 -21 -27 29 -29
right_child=-2 2 -4 -5 -6 6 9 10 -10 -11 -12 -13 13 -15 -16 16 18 -19 -20 21 -22 22 -24 24 -26 27 -28 28 -30 -31
leaf_value=0.0012086003835537231 -0.000130800897358279 0.001036394096260506 0.0090939356205386249 -0.0060686609030447224 0.0049535345904587304 -0.0043540689650745619 -0.0042504551398451444 -0.0060943115062105499 0.0035405075184535236 0.0024480235353112221 0.0017258854117244483 0.0063259842301098008 -0.010783895477652551 -0.0033362427153266396 0.0024402171745896341 0.00055941949443270758 0.0040927410502696318 -0.0083187600277597092 -0.0023109466827008875 -0.00038113326453850072 0.0088955229081745663 0.0065920702691766482 0.0060303542418810342 0.0032979189135533362 -0.0052789697750798758 0.0050536349406465897 -0.0056374884822538926 -0.00020348313859009997 0.003553467143865419 -0.0072331126557574387
leaf_weight=81 3847 63 21 22 24 21 32 37 100 25 24 24 24 26 20 24 42 32 56 416 28 21 46 28 37 50 35 94 64 21
leaf_count=81 3847 63 21 22 24 21 32 37 100 25 24 24 24 26 20 24 42 32 56 416 28 21 46 28 37 50 35 94 64 21
internal_value=1.00333e-12 0.000327172 0.00305078 0.000169825 0.000265668 0.000185761 -0.00094828 0.000431577 0.00217037 -0.00292571 -0.00301751 0.000504613 -0.0042428 -0.00691112 -0.00167712 0.000374648 -0.00136553 -0.00451383 0.000433491 0.000665622 0.00318322 0.000327669 0.00237007 0.000412248 -0.00158431 -6.8798e-05 -0.000789054 0.0013497 0.000315079 -0.00148715
internal_weight=5385 1538 84 1454 1432 1408 309 182 121 127 61 1099 102 50 52 1075 154 56 98 921 109 812 132 86 65 680 451 229 179 115
internal_count=5385 1538 84 1454 1432 1408 309 182 121 127 61 1099 102 50 52 1075 154 56 98 921 109 812 132 86 65 680 451 229 179 115
is_linear=0
shrinkage=0.05


Tree=80
num_leaves=31
num_cat=0
split_feature=6 4 10 8 5 9 9 6 5 4 4 8 2 0 5 13 13 5 12 5 0 0 13 4 4 12 9 5 13 3
split_gain=0.0941128 0.134321 0.238988 0.24654 0.227669 0.106791 0.22519 0.346015 0.21851 0.326641 0.236104 0.222668 0.334636 0.322238 0.579342 0.453638 0.238079 0.181024 0.135878 0.131199 0.214111 0.720579 0.384564 0.42189 0.468165 0.373032 0.370498 0.33197 0.285004 0.543666
threshold=0.011113522153326229 0.12707851606120596 0.13899323349505524 -0.0099153173082422979 60.374611441574224 0.31777896390899951 0.34299575948742073 0.019469540875761398 37.039744441588127 0.26538948990337458 0.15926784687811435 1.7231391808410643 -0.20135286892962714 0.026217344526466849 58.809185731191882 -0.077277805589905338 0.29123094167863112 64.264930176884278 0.029217013351912648 39.214821952358399 -0.069460616320494037 -0.062671219110263118 1.0449420977751218 0.22086584507408508 0.30709494678676547 -0.39448917054855492 0.99672727546241824 39.598504495832678 1.0044851161395525 -0.23110206197942737
decision_type=2 2 2 2 2 2 2 2 2 2 2 2 2 2 2 2 2 2 2 2 2 2 2 2 2 2 2 2 2 2
left_child=-1 2 4 -4 -2 8 7 -7 9 -3 -10 12 -12 16 -15 -16 -14 -17 -18 -8 22 -22 23 -21 -25 -24 -26 -23 -29 -30
right_child=1 5 3 -5 -6 6 19 -9 10 -11 11 -13 13 14 15 17 18 -19 -20 20 21 27 25 24 26 -27 -28 28 29 -31
leaf_value=0.0032635776712347502 -0.0013057803762210319 -0.0014569213364607535 0.0052537829044740653 -0.0025029879074455019 -0.0072326487216811917 -0.00070961774049681573 -0.00060757510698326281 0.008479725118377246 0.0027504191914152717 0.0061424092676203986 0.0044415646295933786 -0.0054583840395345173 -0.0015530393008262881 0.0076098222230073249 -0.0075872976940287197 -0.0019814966585148465 -0.0088999542121503804 0.0045910949015524243 -0.0038139351234161138 0.0052544746216153723 -0.0056822573757488969 0.0064033052130114468 0.00058840758132713822 -0.0029708179045670438 0.006456012477076823 0.008460438114536159 7.0417216047644618e-05 0.00027079903846608373 0.0039682508945988963 -0.0015158274042125336
leaf_weight=22 43 31 20 21 26 21 653 20 31 26 23 37 62 21 23 22 24 20 29 40 54 21 27 94 31 34 85 3304 50 470
leaf_count=22 43 31 20 21 26 21 653 20 31 26 23 37 62 21 23 22 24 20 29 40 54 21 27 94 31 34 85 3304 50 470
internal_value=3.87031e-12 -1.33878e-05 -0.00174259 0.0012808 -0.00353909 2.28224e-05 8.29635e-05 0.00377299 -0.000822256 0.00200944 -0.00137502 -0.00186501 -0.00127146 -0.00192519 0.000389853 -0.00194275 -0.00365645 0.00114831 -0.00611704 5.18529e-05 0.000154135 5.34294e-05 0.00141667 0.000548176 -0.000348262 0.0049761 0.00177691 0.000133983 9.95538e-05 -0.000988512
internal_weight=5385 5363 110 41 69 5253 4904 41 349 57 292 261 224 201 86 65 115 42 53 4863 4210 3899 311 250 210 61 116 3845 3824 520
internal_count=5385 5363 110 41 69 5253 4904 41 349 57 292 261 224 201 86 65 115 42 53 4863 4210 3899 311 250 210 61 116 3845 3824 520
is_linear=0
shrinkage=0.05


Tree=81
num_leaves=31
num_cat=0
split_feature=7 8 2 13 14 8 7 5 14 1 0 6 3 9 9 2 7 6 2 7 11 11 7 8 1 5 6 0 0 7
split_gain=0.0873839 0.363715 0.362954 0.441809 0.521146 0.413604 0.546758 0.457877 0.400847 0.529536 0.54707 0.399124 0.577421 0.403051 0.583228 0.382848 0.363189 0.329152 0.322414 0.3147 0.305335 0.555258 0.552723 0.478265 0.406735 0.590608 0.390545 0.32375 0.610061 0.423168
threshold=0.091375758556354006 0.011232163120378997 0.015813761178633316 -0.30548649977239639 -0.21118671106454287 0.14526784894218772 0.044223518998885505 60.597040774606654 0.42011296395648295 0.10894344700259041 0.013172783373827325 0.021148556084105662 0.020177401778937124 1.1953678943303012 0.8877098044375763 -0.030195314447791385 0.067100324437185846 0.018278221769407823 -0.057647566268300636 0.092680890953501072 0.97079287714087736 0.85576331287540119 0.081699581041724686 -0.05264879595661686 0.046375048028103445 44.40584064298352 0.02635628470071982 0.031784530526925987 0.023575598080035846 0.063545901487986237
decision_type=2 2 2 2 2 2 2 2 2 2 2 2 2 2 2 2 2 2 2 2 2 2 2 2 2 2 2 2 2 2
left_child=1 20 5 8 -5 17 -7 11 -4 10 -10 12 16 14 -13 -14 -8 -3 -19 -2 21 23 -22 26 25 -25 27 28 29 -1
right_child=19 2 3 4 -6 6 7 -9 9 -11 -12 13 15 -15 -16 -17 -18 18 -20 -21 22 -23 -24 24 -26 -27 -28 -29 -30 -31
leaf_value=0.0010894013276064344 0.0036536663715239798 0.00090685015463310738 0.0014647244273320488 -0.0075136984216755843 -0.00055992552091514594 -0.0051456731697544465 -0.0031286312048049536 0.0079048358594420651 -0.0077813404408516368 -0.010807693119027786 0.0014641827787272633 -0.0022352513716635634 0.012934250044636428 -0.0046622860082966644 0.0072286427784193728 0.0034753961240589293 0.0046388464255465401 -0.0021080655821909505 -0.0093852165964958476 8.6842093012039971e-05 0.0038587562336520418 -0.0059842252027797142 -0.0035880432389075721 0.0067594725745342048 0.0070294659284667847 -0.0034242375035371101 0.0035316867723416256 -0.0026204782946874262 0.0066285302777859302 -0.0018173496831349993
leaf_weight=246 63 46 23 29 380 30 34 29 32 35 32 41 20 43 27 23 27 45 23 3360 127 37 31 24 45 35 65 145 33 255
leaf_count=246 63 46 23 29 380 30 34 29 32 35 32 41 20 43 27 23 27 45 23 3360 127 37 31 24 45 35 65 145 33 255
internal_value=3.13467e-13 -0.00026604 -0.000991286 -0.00184068 -0.00105298 0.000171151 0.00122414 0.00200731 -0.00448139 -0.00586281 -0.00315858 0.00121183 0.00343745 -0.000873426 0.00152247 0.00787486 0.000309433 -0.00235972 -0.00456945 0.000152489 0.000372983 1.1513e-05 0.00239768 0.00027312 0.00344909 0.000718289 -0.000170833 -0.000525271 4.36518e-05 -0.000390083
internal_weight=5385 1962 919 531 409 388 274 244 122 99 64 215 104 111 68 43 61 114 68 3423 1043 885 158 848 104 59 744 679 534 501
internal_count=5385 1962 919 531 409 388 274 244 122 99 64 215 104 111 68 43 61 114 68 3423 1043 885 158 848 104 59 744 679 534 501
is_linear=0
shrinkage=0.05


Tree=82
num_leaves=31
num_cat=0
split_feature=4 5 14 5 8 1 12 6 3 0 1 11 11 4 3 0 12 6 5 11 3 2 1 8 11 12 11 11 11 1
split_gain=0.0891396 0.259775 0.469498 0.41479 0.348287 0.384435 0.345303 0.417232 0.689525 0.323411 0.312585 0.408213 0.369271 0.3102 0.301691 0.284523 0.265197 0.259667 0.344239 0.559891 0.412831 0.969814 0.50807 0.351175 0.307813 0.339854 0.274544 0.389091 0.29514 0.301629
threshold=0.37268022773285342 61.784449251438311 3.8805688663696638 70.188934322883213 -0.89870847791344732 -0.15658195991045701 1.4661762691507341 0.044489310843539742 -0.23863061993885329 0.00062529983024650637 0.1815667620495737 -0.32418291770138513 0.15934485984699617 0.49386851414570809 0.99926150325431085 -0.044450908396778337 0.46190532574069526 0.032303926165316833 49.51819687013262 -0.65077220821777837 -0.10642563195390091 0.040206198051068294 0.33234236593202565 0.52468178279224742 -1.0781762139206854 -0.57575087934988589 0.71345322266431022 0.49697553750225854 0.030894066319038297 -0.14006761405902038
decision_type=2 2 2 2 2 2 2 2 2 2 2 2 2 2 2 2 2 2 2 2 2 2 2 2 2 2 2 2 2 2
left_child=17 2 4 -3 5 -2 7 8 -6 16 11 13 -13 -9 -5 -14 -10 24 23 -20 -21 -22 -23 26 25 -1 27 28 -19 -30
right_child=1 3 -4 14 6 -7 -8 10 9 -11 -12 12 15 -15 -16 -17 -18 18 19 20 21 22 -24 -25 -26 -27 -28 -29 29 -31
leaf_value=-0.0071295552576581649 0.0021634809480145061 -0.0049766219779211161 0.006215087603777647 -0.0028776088818198162 -0.0088565504799286536 -0.0044744671989147642 -0.0050711445443864384 0.0013113409843902256 -0.00037387290121570452 0.0025517477761380948 0.0081727148344119382 -0.0050391188298817731 0.0060281160118227659 0.0076023266909437046 0.0057030070666223773 -0.0021084586690579142 -0.0069347419263795021 -0.0015330223406734248 0.0076954354936985868 0.0071255445286321148 -0.0084837718938405703 0.0053497625057989696 -0.0038399078129302891 0.005542032879644207 2.4472142232814426e-05 -0.0010327076197427232 0.0024557353432208082 -0.0070516544897109281 -0.0017108608665876092 0.0063287118582853255
leaf_weight=30 29 73 28 21 24 88 28 43 67 78 21 32 22 36 20 21 20 148 46 24 26 53 21 28 4121 96 68 25 20 28
leaf_count=30 29 73 28 21 24 88 28 43 67 78 21 32 22 36 20 21 20 148 46 24 26 53 21 28 4121 96 68 25 20 28
internal_value=-1.04292e-12 -0.000548575 -8.83788e-05 -0.00271634 -0.000435131 -0.00282916 0.000279414 0.000690995 -0.000937911 0.000213891 0.00245021 0.00166987 -0.000972145 0.00417812 0.00130806 0.00205444 -0.00188212 7.54378e-05 0.00116899 0.00298426 0.00123657 -0.000176787 0.00274188 0.000195505 -4.99592e-05 -0.00248434 -0.000322498 -0.00117734 -0.000428064 0.00297889
internal_weight=5385 651 537 114 509 117 392 364 189 165 175 154 75 79 41 43 87 4734 487 170 124 100 74 317 4247 126 289 221 196 48
internal_count=5385 651 537 114 509 117 392 364 189 165 175 154 75 79 41 43 87 4734 487 170 124 100 74 317 4247 126 289 221 196 48
is_linear=0
shrinkage=0.05


Tree=83
num_leaves=31
num_cat=0
split_feature=12 10 1 1 12 8 11 8 11 12 2 11 7 13 9 11 8 2 11 2 8 9 10 7 4 4 8 6 10 4
split_gain=0.092354 0.11107 0.291997 0.340623 0.335714 0.332924 0.301811 0.550681 0.532638 0.290994 0.77237 0.323771 0.298269 0.23617 0.232911 0.176987 0.37367 0.261594 0.250273 0.279088 0.292532 0.404698 0.416606 0.400855 0.18326 0.932808 0.411407 0.373606 0.358143 0.365508
threshold=2.460419036470459 0.95221155130031587 0.12867687530653951 0.18597564569154515 1.6703724373601863 0.055083130793602393 0.59399543358137763 0.97409948215038311 0.24794276775377744 -0.56691642837595047 -0.2187005191298427 -0.55761951583184965 0.13607300472833392 0.68533788782841831 1.3999089205520205 -1.757648981140433 -1.2003001013940218 0.13317181240934098 -1.0781762139206854 0.47923119941988407 1.3530332963216438 0.91473110970389715 0.26937035285259797 0.12741754333260844 0.20464161247435114 0.19743500631158439 3.3733633743804838 0.022009125136834104 0.62459648470472751 0.18602759276682876
decision_type=2 2 2 2 2 2 2 2 2 2 2 2 2 2 2 2 2 2 2 2 2 2 2 2 2 2 2 2 2 2
left_child=1 15 4 -4 6 -5 7 8 9 14 -11 12 -12 -13 -3 16 -1 -18 19 20 21 22 -17 -23 25 26 27 28 -20 -30
right_child=-2 2 3 5 -6 -7 -8 -9 -10 10 11 13 -14 -15 -16 18 17 -19 24 -21 -22 23 -24 -25 -26 -27 -28 -29 29 -31
leaf_value=0.0083150565996766099 0.003309327399446851 -0.00693175895139575 -0.0067873541468706656 -0.0039896030180357599 -0.0056908082571074685 0.0032367508725396226 -0.004446226310184492 0.0061745025152557115 0.0077023999672383081 0.0073952210818727816 -0.0022148324450587528 -0.0078364838121665857 0.0050653643721792234 -0.00066788840042136149 3.410129807889462e-05 -0.0079580172968025387 -0.0033075638885538168 0.003599276785449735 -1.1052797609433863e-05 -0.0060093321750173349 -0.0058786608324153354 -0.0026808198188142535 0.00099276986976082511 0.0045398344833142406 0.00034861708348125372 -0.0033746141883220595 0.007060904510407931 -0.0037902008862264699 0.001393429197560181 0.0088642175013030119
leaf_weight=20 21 30 39 37 24 28 28 43 20 30 34 27 24 20 20 26 26 29 1538 32 25 29 26 57 2766 217 21 62 64 22
leaf_count=20 21 30 39 37 24 28 28 43 20 30 34 27 24 20 20 26 26 29 1538 32 25 29 26 57 2766 217 21 62 64 22
internal_value=3.6271e-12 -1.2956e-05 -0.000810168 -0.0030932 -1.87154e-05 -0.000876712 0.00047451 0.00103008 -4.89976e-05 -0.000886986 0.000319839 -0.0017017 0.000797663 -0.00478602 -0.00414541 5.19782e-05 0.00246245 0.000334225 1.497e-05 -0.00174018 -0.000902062 -5.04654e-07 -0.00348262 0.00210496 8.79452e-05 -0.000286804 0.000105729 1.90988e-05 0.000164528 0.00330456
internal_weight=5385 5364 404 104 300 65 276 248 205 185 135 105 58 47 50 4960 75 55 4885 195 163 138 52 86 4690 1924 1707 1686 1624 86
internal_count=5385 5364 404 104 300 65 276 248 205 185 135 105 58 47 50 4960 75 55 4885 195 163 138 52 86 4690 1924 1707 1686 1624 86
is_linear=0
shrinkage=0.05


Tree=84
num_leaves=31
num_cat=0
split_feature=10 7 9 14 7 7 5 12 7 13 9 1 13 9 8 8 9 8 13 7 3 7 7 9 10 14 10 9 14 12
split_gain=0.0899445 0.257505 0.393916 0.389279 0.456704 0.421616 0.44481 0.472223 0.414769 0.336834 0.485799 0.569096 0.322293 0.347664 0.610162 0.491578 0.307521 0.292207 0.283719 0.282233 0.32328 0.278955 0.272843 0.274349 0.254378 0.576533 0.404702 0.29811 0.32181 0.386074
threshold=-0.65600776405159522 0.21892544269147673 1.8759038194036137 -0.6054762339512697 0.14120265244048055 0.1351836582538356 65.857734599163436 0.30657322986633168 0.12741754333260844 0.94365604166821981 1.7227636600898244 0.10894344700259041 -1.4066333971591736 0.79018398032306492 -0.059106788105975243 0.33915190913539855 2.3154402166548507 -0.21596613236026105 -0.62537729926174046 0.10190352646716909 0.18869391010611239 0.32065306497681501 0.092680890953501072 1.2403585259114533 -0.46479482749747231 1.3663899832248123 -0.49789233938165506 0.98219092032577371 0.71106183339191531 0.05307875847690062
decision_type=2 2 2 2 2 2 2 2 2 2 2 2 2 2 2 2 2 2 2 2 2 2 2 2 2 2 2 2 2 2
left_child=1 2 3 4 -1 8 7 -7 12 10 11 -3 -5 15 17 -14 -4 19 -16 20 -15 -12 23 -20 25 27 -27 -2 29 -29
right_child=24 9 16 5 -6 6 -8 -9 -10 -11 21 -13 13 14 18 -17 -18 -19 22 -21 -22 -23 -24 -25 -26 26 -28 28 -30 -31
leaf_value=-0.0013228436212309382 -0.0015253637150572316 0.0033471981720186966 -0.0074544446984011878 0.0036974920141624244 -0.0097133743576705463 0.0019461927543803353 -0.0027832275678126798 0.0094588012721102972 -0.0074078990672917476 -0.0036759378181563484 0.0085933831680033903 -0.0060960296377608626 -0.00044035425047446089 -0.0037067453741379411 -0.010054234431590885 0.0072613083829100311 -0.00074387175301390308 0.0050134815120448676 -0.0030502776710570538 -0.0049811380851114626 0.0037673597749418178 0.001829169886359186 0.00019081244403919715 -0.0097888666812492447 -4.0127358399903597e-05 0.0024036385794324396 0.0089484421569587923 0.0063400731383201972 -0.0021848196466453373 6.2195511534810072e-05
leaf_weight=55 172 39 38 41 23 107 37 26 23 27 35 27 102 23 20 26 31 27 44 29 39 27 33 23 3994 151 28 48 40 50
leaf_count=55 172 39 38 41 23 107 37 26 23 27 35 27 102 23 20 26 31 27 44 29 39 27 33 23 3994 151 28 48 40 50
internal_value=4.04083e-12 -0.00045556 -0.000840386 -0.0004741 -0.00379697 -4.21262e-05 0.00206584 0.00341482 -0.000875506 0.00139906 0.00246956 -0.00051594 -0.000506354 -0.000977277 -0.0021074 0.00112405 -0.00443955 0.000445618 -0.00461787 -0.000909683 0.000994708 0.00564768 -0.00353059 -0.00536352 9.16607e-05 0.00116806 0.00342741 -0.000136523 0.0015945 0.00313707
internal_weight=5385 902 747 678 78 600 170 133 430 155 128 66 407 366 238 128 69 118 120 91 62 62 100 67 4483 489 179 310 138 98
internal_count=5385 902 747 678 78 600 170 133 430 155 128 66 407 366 238 128 69 118 120 91 62 62 100 67 4483 489 179 310 138 98
is_linear=0
shrinkage=0.05


Tree=85
num_leaves=31
num_cat=0
split_feature=6 11 6 11 0 9 9 9 3 6 9 6 3 7 2 1 9 6 12 9 11 12 3 0 0 9 3 8 7 1
split_gain=0.0900751 0.129555 0.115034 0.276842 0.157121 0.27541 0.274216 0.237158 0.504081 0.408241 0.29051 0.442993 0.292343 0.230817 0.21363 0.200667 0.21076 0.22339 0.259655 0.212832 0.534769 0.276172 0.249876 0.400444 0.391423 0.234302 0.227121 0.637625 0.303978 0.291073
threshold=0.073321599255601513 2.7353199451782335 0.060518572701877306 -0.20141009541688146 0.23798266055230924 1.7012194285397395 1.0719894804546211 1.8759038194036137 0.10857411076109526 0.035134568594909175 2.075985840892753 0.036553036986381772 0.36255135004622835 0.16864539711793144 0.31542685795211639 -0.34752118840955692 1.7907325204937521 0.027114147741001512 1.0000000180025095e-35 1.7227636600898244 0.7228831486604953 -0.24264337810751271 -0.40700131322992417 -0.17366792745860113 -0.10262919676404751 0.93020618726391069 -0.30734469502310235 -0.41857832185865085 0.095564293361926997 -0.12691696891197138
decision_type=2 2 2 2 2 2 2 2 2 2 2 2 2 2 2 2 2 2 2 2 2 2 2 2 2 2 2 2 2 2
left_child=1 2 4 -4 7 6 -6 15 9 -9 12 14 -10 -13 -12 -1 19 -18 -19 22 21 -21 24 25 -17 -24 27 -25 -29 -28
right_child=-2 -3 3 -5 5 -7 -8 8 10 -11 11 13 -14 -15 -16 16 17 18 -20 20 -22 -23 23 26 -26 -27 29 28 -30 -31
leaf_value=-0.0042866610507998198 -0.0032682417049294428 0.0040295071620494128 -0.00065036350602491039 0.0061986817587167025 0.0038568723988386673 0.0059517544849465292 -0.002740577993811005 -0.0017086436087265613 -0.0093056662691136209 0.0055782547214295007 0.0062529459968209272 -0.0083977395735148879 -0.0027030175551772118 -0.0019243870011996476 -0.00081276915481557027 0.0078725716672264617 -0.00073993552941828975 0.0085788899789685791 0.0011444655809706697 -0.0080949101441850271 0.0041960861145829169 -0.0019015931255287593 -0.0076016976360093668 -0.010252997017814777 -8.9106397507222082e-05 -0.0008119170204736293 0.0013997428378912226 0.0040590865123603078 -0.0021738536282062109 -1.9665842743200835e-05
leaf_weight=27 21 20 36 25 28 30 36 40 30 37 20 21 38 40 23 26 30 23 24 30 24 45 27 20 38 24 396 27 71 4108
leaf_count=27 21 20 36 25 28 30 36 40 30 37 20 21 38 40 23 26 30 23 24 30 24 45 27 20 38 24 396 27 71 4108
internal_value=-5.78729e-12 1.27951e-05 -2.23748e-06 0.00215662 -2.71647e-05 0.00199877 0.000145807 -6.3865e-05 -0.00156947 0.00179285 -0.00307469 -0.0014131 -0.00561595 -0.00415292 0.00247361 1.20248e-05 3.56487e-05 0.00263096 0.00478259 -5.67438e-06 -0.00230013 -0.00437892 4.22782e-05 -2.20239e-07 0.00314533 -0.00440651 4.83995e-05 -0.00211702 -0.000456615 0.000105131
internal_weight=5385 5364 5344 61 5283 94 64 5189 249 77 172 104 68 61 43 4940 4913 77 47 4836 99 75 4737 4673 64 51 4622 118 98 4504
internal_count=5385 5364 5344 61 5283 94 64 5189 249 77 172 104 68 61 43 4940 4913 77 47 4836 99 75 4737 4673 64 51 4622 118 98 4504
is_linear=0
shrinkage=0.05


Tree=86
num_leaves=31
num_cat=0
split_feature=11 0 8 7 13 7 10 8 11 12 4 6 3 11 11 4 0 5 11 12 12 10 11 6 5 0 7 4 6 2
split_gain=0.0930912 0.447037 0.413139 0.349361 0.376218 0.376593 0.334168 0.3134 0.388832 0.465443 0.233386 0.390028 0.203376 0.199238 0.519934 0.398582 0.262812 0.337289 0.394399 0.245953 0.295542 0.437013 0.30242 0.270881 0.26416 0.243657 0.238227 0.405633 0.345973 0.3081
threshold=1.5269215890232772 0.17915313189024942 0.022276345001248286 0.12454534953916423 -0.88594159845669818 0.089918728443928661 -0.77821638895357004 -1.0506496926356452 2.0665915526571026 -0.63443036376554163 0.24542614740082577 0.020928388830125523 0.043083989449238975 0.71345322266431022 0.60600295751954503 0.16607759800285801 0.18581863287644432 70.188934322883213 1.0285012327582435 1.1311869424054819 0.71100182592985017 0.62459648470472751 0.81789917952839863 0.026519190917985731 67.714757680799238 -0.0014100440842850779 0.083210060821664322 0.20128266395338876 0.025537219877742098 0.015813761178633316
decision_type=2 2 2 2 2 2 2 2 2 2 2 2 2 2 2 2 2 2 2 2 2 2 2 2 2 2 2 2 2 2
left_child=13 2 7 4 5 -4 -6 -2 9 -9 11 -11 -5 14 -1 -16 17 19 -19 20 21 24 -22 -24 26 -21 27 29 -29 -15
right_child=1 -3 3 12 6 -7 -8 8 -10 10 -12 -13 -14 16 15 -17 -18 18 -20 25 22 -23 23 -25 -26 -27 -28 28 -30 -31
leaf_value=3.6409884959744635e-05 -0.0036745838225922655 0.0056266668401658533 -0.0023617257162186437 -0.0094554437422910004 -0.00061041885055601597 0.0072250718716531997 -0.0091375756403431294 -0.006126392510486767 0.0059206051317773562 0.0046715086082085256 0.0062103433153507387 -0.0049650836819117626 -0.0036521087141914502 0.0036687112252952328 -0.0076819910720411335 -0.0015888794702768794 -0.003705907295542685 0.007188884755610055 -1.7370849245173091e-05 0.00019328322461141008 -0.0074292632327838384 0.0073085198605743543 0.0017309445930136877 -0.0044934262971168962 -0.0052160376217216253 0.0065347280296863932 -9.0977659350739405e-05 0.0060655692088845622 -0.00037753118908610838 -0.0012555762513161259
leaf_weight=3810 36 25 21 26 27 20 20 24 37 21 22 21 36 45 31 200 33 43 34 28 22 24 44 29 20 33 442 74 29 108
leaf_count=3810 36 25 21 26 27 20 20 24 37 21 22 21 36 45 31 200 33 43 34 28 22 24 44 29 20 33 442 74 29 108
internal_value=2.3523e-12 -0.000805869 -0.00132295 -0.00321097 -0.00118554 0.00231476 -0.004239 0.000436065 0.00161993 -0.000188306 0.00203848 -0.000146788 -0.00608577 5.36288e-05 -0.000103241 -0.00240657 0.000682508 0.000831039 0.0040069 0.000558721 0.000335333 0.000671516 -0.00229044 -0.000741751 0.000449667 0.0036239 0.000612008 0.00182576 0.00425149 0.000192744
internal_weight=5385 336 311 150 88 41 47 161 125 88 64 42 62 5049 4041 231 1008 975 77 898 837 742 95 73 718 61 698 256 103 153
internal_count=5385 336 311 150 88 41 47 161 125 88 64 42 62 5049 4041 231 1008 975 77 898 837 742 95 73 718 61 698 256 103 153
is_linear=0
shrinkage=0.05


Tree=87
num_leaves=31
num_cat=0
split_feature=9 9 5 5 9 7 7 0 11 13 12 8 9 3 6 11 9 9 8 3 11 13 0 0 6 8 8 9 13 8
split_gain=0.092464 0.179322 0.722602 0.374095 0.12541 0.377391 0.3138 0.410589 0.322176 0.347957 0.420244 0.220377 0.188612 0.489672 0.546163 0.222817 0.205491 0.116361 0.378811 0.437494 0.487306 0.394693 0.550044 0.437199 0.40893 0.428697 0.338108 0.331403 0.652531 0.443871
threshold=3.1941319933717818 2.5526878248007505 64.099206283900742 49.72979241666993 1.8759038194036137 0.21892544269147673 0.18272450993593786 -0.069460616320494037 -0.98863720928763132 0.2657889251026791 -0.39448917054855492 -0.079417349803636975 1.7768819187834659 -0.092348684195191141 0.027114147741001512 -0.17434564769125857 1.7616545439659861 1.552245382533513 -0.64181835504522933 0.58113441702408397 0.064163719866626834 -0.9506322310667269 -0.061752542971748751 -0.036379045008463999 0.023074022360897204 0.026506890969954407 0.075670469949862831 1.2684222236776992 0.43171628776113691 0.080381609829345321
decision_type=2 2 2 2 2 2 2 2 2 2 2 2 2 2 2 2 2 2 2 2 2 2 2 2 2 2 2 2 2 2
left_child=1 4 3 -3 12 6 7 -6 -9 10 -10 -7 16 -14 -15 -16 17 27 19 20 -19 26 -23 -24 -25 -26 -20 -1 29 -29
right_child=-2 2 -4 -5 5 11 -8 8 9 -11 -12 -13 13 14 15 -17 -18 18 21 -21 -22 22 23 24 25 -27 -28 28 -30 -31
leaf_value=0.00012562890532967746 -0.0033112984860227223 0.0017603903945366092 -0.0051869612606242309 0.011090224395905223 0.0035079960218354247 -0.00094061301642796031 -0.007259280846587249 -0.0081909686003042298 -0.002631672061979771 -0.0055659092089626943 0.0067251824680715812 0.0048404932679498901 -0.0043167554368467439 -0.00045215156615564697 0.0043311045211537379 0.011454663115243117 -0.0049465518799566089 -0.0084730063521419648 0.0091880371023354869 0.0039087530147905152 -0.00014784280688334735 -0.0049242299489883918 0.0087990115978755067 0.0044588037561309538 -0.0048630210082046691 0.0013909726092125553 0.0017879335774165211 -0.00078968636275679395 0.0012602931666593794 -0.0037727669709281711
leaf_weight=3810 21 22 20 21 32 32 28 23 30 32 20 34 23 38 23 21 21 32 29 24 39 36 20 59 40 87 33 307 218 210
leaf_count=3810 21 22 20 21 32 32 28 23 30 32 20 34 23 38 23 21 21 32 29 24 39 36 20 59 40 87 33 307 218 210
internal_value=-1.92681e-12 1.29637e-05 0.00266483 0.00631682 -1.85525e-05 -0.0011579 -0.00243607 -0.00145031 -0.00296141 -0.00149458 0.00111107 0.00203753 3.33586e-05 0.00213044 0.0039388 0.00773098 -1.09906e-05 9.97356e-06 0.000828657 -0.00192728 -0.00390003 0.00168989 0.00077798 0.00177448 0.00101916 -0.000578789 0.00524927 -6.18976e-05 -0.00103397 -0.00200138
internal_weight=5385 5364 63 43 5301 231 165 137 105 82 50 66 5070 105 82 44 4965 4944 399 95 71 304 242 206 186 127 62 4545 735 517
internal_count=5385 5364 63 43 5301 231 165 137 105 82 50 66 5070 105 82 44 4965 4944 399 95 71 304 242 206 186 127 62 4545 735 517
is_linear=0
shrinkage=0.05


Tree=88
num_leaves=31
num_cat=0
split_feature=1 1 14 2 13 5 2 2 11 5 3 14 12 7 11 11 10 12 5 13 6 12 13 13 10 3 2 10 13 10
split_gain=0.0860708 0.219944 0.360215 0.290964 0.283661 0.188888 0.178438 0.356355 0.32958 0.350414 0.345001 0.702052 0.58459 0.397067 0.434618 0.381935 0.685318 0.648953 0.38835 0.370137 0.602861 0.473176 0.377446 0.458148 0.358308 0.577665 0.334535 0.313884 0.312872 0.29793
threshold=-0.047419749206102195 -0.05338846451796813 1.1197621162400293 0.28091443212929296 0.65969047392939439 59.971471793518127 0.054789943601554876 0.050851178112428903 -1.2596548089556203 56.26197766980858 0.2376520755205174 1.4845618101984659 -0.079727936249842243 0.11393258862268209 -0.86369434893875086 -0.77483175814794669 0.81002147857028828 -0.14260608840226355 46.996927513666144 -0.41695386877146862 0.022953775142872192 0.25727081337263752 0.89019434952786458 1.0992322978186277 0.20964965230661312 0.097631358487086276 -0.040453096320856412 0.49658356011921589 0.15811152902653083 -0.1421542811028606
decision_type=2 2 2 2 2 2 2 2 2 2 2 2 2 2 2 2 2 2 2 2 2 2 2 2 2 2 2 2 2 2
left_child=1 3 4 5 -3 -1 7 8 9 -2 13 12 -12 15 -15 -10 17 18 29 20 21 -19 -21 -24 -16 26 27 -26 -28 -17
right_child=6 2 -4 -5 -6 -7 -8 -9 10 -11 11 -13 -14 14 24 16 -18 19 -20 22 -22 -23 23 -25 25 -27 28 -29 -30 -31
leaf_value=0.00017190352381768156 -0.00048609709302926886 -0.0020874324733657496 0.0084749654911103704 -0.0055340438573197887 0.0046644796251452394 0.0039990702739239421 0.00011252173600712724 -0.0059963800339028241 -0.0056853090205954181 -0.0084799520725097801 0.0021824896524776705 -0.00065755786531650651 0.012770299097015101 0.00478567411394223 -0.0010942535097932533 -0.0041822233099352429 0.0070845897636091755 -0.0071539794083773384 0.0048710816898664654 -0.0024457882222866712 0.0072755085050382404 0.0026318176571900648 0.0064427611104951338 -0.0020554955982203995 -0.0058578498641271952 -0.011950079449230717 -0.0021082576073240488 0.0011366990974770402 -0.010846426717138716 0.003474172942029933
leaf_weight=1399 29 35 21 22 28 33 2578 30 27 26 32 94 22 23 231 27 36 21 91 291 33 30 29 35 23 21 20 53 21 24
leaf_count=1399 29 35 21 22 28 33 2578 30 27 26 32 94 22 23 231 27 36 21 91 291 33 30 29 35 23 21 20 53 21 24
internal_value=6.23918e-12 0.000316146 0.0028038 0.00017243 0.000913417 0.000260099 -0.000126393 -0.000611753 -0.000481374 -0.00426501 -0.000305614 0.00195254 0.00649604 -0.000628207 -0.00188286 0.000135492 0.000390211 -2.45875e-05 0.00291358 -0.000974975 0.00200968 -0.00139763 -0.0016812 0.00179528 -0.00229851 -0.00431433 -0.00294381 -0.000980072 -0.00658391 -0.000579213
internal_weight=5385 1538 84 1454 63 1432 3847 1269 1239 55 1184 148 54 1036 392 644 617 581 142 439 84 51 355 64 369 138 117 76 41 51
internal_count=5385 1538 84 1454 63 1432 3847 1269 1239 55 1184 148 54 1036 392 644 617 581 142 439 84 51 355 64 369 138 117 76 41 51
is_linear=0
shrinkage=0.05


Tree=89
num_leaves=31
num_cat=0
split_feature=10 10 14 9 4 9 9 5 0 1 4 5 7 7 9 11 9 10 13 9 1 13 9 4 10 5 3 11 10 14
split_gain=0.0840021 0.226806 0.521867 0.36948 0.401786 0.353379 0.334208 0.312526 0.261263 0.233458 0.275529 0.223068 0.334769 0.214616 0.320279 0.385323 0.500051 0.3182 0.293993 0.403135 0.50437 0.291406 0.289371 0.281938 0.475472 0.513275 0.373556 0.413036 0.370945 0.319624
threshold=-0.65600776405159522 -0.46479482749747231 1.7640962616789546 0.97631006571003554 0.29038957280057592 0.5180201044338254 0.38772259905779566 45.289104267355825 0.051105893834799361 -0.036954854602272151 0.24993140209055478 47.764549409125777 0.11444030431553051 0.21892544269147673 1.8759038194036137 0.18740908078210858 1.3292594501379447 -1.113328714117044 0.94365604166821981 1.7227636600898244 0.10894344700259041 0.52774817940076491 0.5180201044338254 0.22385122024296414 -0.8852461437175958 53.457633194985554 0.31032383390222479 0.80454244034612932 -0.9150236375863211 1.044077721952904
decision_type=2 2 2 2 2 2 2 2 2 2 2 2 2 2 2 2 2 2 2 2 2 2 2 2 2 2 2 2 2 2
left_child=13 2 3 5 9 6 -2 -6 11 -5 -11 12 -7 14 15 16 17 -1 19 20 -15 -19 -17 26 -25 -26 27 29 -29 -24
right_child=1 -3 -4 4 7 8 -8 -9 -10 10 -12 -13 -14 18 -16 22 -18 21 -20 -21 -22 -23 23 24 25 -27 -28 28 -30 -31
leaf_value=0.0037426377317254867 -0.0020518597494810823 -3.5859978079229096e-05 0.0037773354919395357 0.00053789557729798712 0.0030846175471586842 0.0018150835298001767 0.005901800441123279 -0.0047653233261371504 0.0013591251539764927 0.0033035120015290189 0.010192406900404466 -0.0059555778922737793 -0.0060932529703479864 0.0031701647891448099 -0.0040369436090839086 0.0028644034105194051 0.006395016899105252 -0.0030839123642629565 -0.0034883988952195202 0.0051481187775460702 -0.005719848815351725 0.0036207067624976241 -0.0094895944260060799 0.0011230607959577998 -0.00075370909812461052 -0.0083178181850323187 -0.0069801967735919693 -0.0031309242439555361 0.0030265633911624843 -0.0011222280286458067
leaf_weight=41 25 3994 133 38 21 32 28 32 32 47 21 57 23 39 69 41 41 71 27 62 27 21 25 171 70 33 45 47 51 21
leaf_count=41 25 3994 133 38 21 32 28 32 32 47 21 57 23 39 69 41 41 71 27 62 27 21 25 171 70 33 45 47 51 21
internal_value=-8.27479e-12 8.85811e-05 0.00110498 0.000106596 0.00189957 -0.00134053 0.00215007 -0.00165497 -0.00262526 0.00367685 0.00543096 -0.00376366 -0.00149204 -0.000440254 -0.000791574 -0.000461294 0.00156736 7.91369e-05 0.00125288 0.002253 -0.000466659 -0.00155351 -0.00116166 -0.00151818 -0.000493446 -0.00317716 -0.00300378 -0.00176115 7.34826e-05 -0.00566971
internal_weight=5385 4483 489 356 159 197 53 53 144 106 68 112 55 902 747 678 174 133 155 128 66 92 504 463 274 103 189 144 98 46
internal_count=5385 4483 489 356 159 197 53 53 144 106 68 112 55 902 747 678 174 133 155 128 66 92 504 463 274 103 189 144 98 46
is_linear=0
shrinkage=0.05


Tree=90
num_leaves=31
num_cat=0
split_feature=9 9 5 5 10 14 9 13 12 0 11 8 12 11 6 10 6 6 8 11 12 5 0 9 9 8 12 3 5 5
split_gain=0.0873934 0.165369 0.656694 0.331704 0.145378 0.317051 0.245895 0.215015 0.205643 0.168536 0.166759 0.377749 0.251247 0.148319 0.125993 0.0979948 0.226454 0.346533 0.225824 0.243551 0.466874 0.453704 0.540536 0.496014 0.452505 0.415224 0.432295 0.363271 0.362062 0.344697
threshold=3.1941319933717818 2.5526878248007505 64.099206283900742 49.72979241666993 1.4207461531037213 1.1343174229087924 0.71087765856147678 -1.0744332363918263 -0.56691642837595047 0.024593949992226197 -1.757648981140433 -1.2003001013940218 -1.2169818906093302 -1.7004354215420714 0.03827986622725605 -0.65600776405159522 0.017044103607916718 0.015300145020371735 -2.2578072968949141 0.18740908078210858 -1.8366014335827863 58.127504237701181 0.026217344526466849 1.0130983638251922 1.9840219321160844 -0.65839053946896153 -0.55594577434554127 0.037538155826858495 54.989443733847004 53.248944072777142
decision_type=2 2 2 2 2 2 2 2 2 2 2 2 2 2 2 2 2 2 2 2 2 2 2 2 2 2 2 2 2 2
left_child=1 4 3 -3 10 6 -6 -8 -9 -10 11 -1 -13 -12 -14 16 17 -15 -18 24 -21 22 25 -23 27 -22 -27 -20 -24 -28
right_child=-2 2 -4 -5 5 -7 7 8 9 -11 13 12 14 15 -16 -17 18 -19 19 20 21 23 28 -25 -26 26 29 -29 -30 -31
leaf_value=0.007687285291435926 -0.0032192248673666088 0.001750156831588935 -0.0049259434314444664 0.010535502389428162 0.0031857290538027886 -0.0073928150971187285 0.0021462632002882086 -0.0073381441423580763 -0.0035338046244130688 0.0020220434348586771 -0.004307317161001265 0.0046981575390831996 0.0012318665627390148 0.0013128890880142099 -0.0040040761111649103 0.00010648541784042915 -0.0030552950657259386 -0.0058521770902734719 -0.0032403126591816545 0.0035559662831489182 0.0028839175235480072 -8.8320096626623798e-05 0.0011972939464612864 -0.006413777478852533 -0.0045020398166444571 -0.0051892839820969761 0.00070415917095184956 0.0033943556330711614 0.0087187394538583863 -0.006296870713343933
leaf_weight=23 21 22 20 21 32 20 26 21 39 21 20 22 20 27 27 4181 65 45 24 61 50 55 48 71 27 76 108 147 24 21
leaf_count=23 21 22 20 21 32 20 26 21 39 21 20 22 20 27 27 4181 65 45 24 61 50 55 48 71 27 76 108 147 24 21
internal_value=4.92657e-12 1.26032e-05 0.00255921 0.00604067 -1.7662e-05 -0.00150671 -0.000659786 -0.00180985 -0.00307971 -0.00158926 2.8382e-05 0.00213798 0.000288214 -1.00503e-05 -0.00177602 7.03624e-06 -0.000482713 -0.00316528 -0.000234136 2.34142e-05 -0.000550539 -0.00110351 -0.000121269 -0.00365267 0.00151337 -0.00120147 -0.00219791 0.00246317 0.00370444 -0.000435543
internal_weight=5385 5364 63 43 5301 159 139 107 81 60 5142 92 69 5050 47 5030 849 72 777 712 514 453 327 126 198 255 205 171 72 129
internal_count=5385 5364 63 43 5301 159 139 107 81 60 5142 92 69 5050 47 5030 849 72 777 712 514 453 327 126 198 255 205 171 72 129
is_linear=0
shrinkage=0.05


Tree=91
num_leaves=31
num_cat=0
split_feature=12 10 4 3 1 12 10 12 1 8 12 4 11 12 5 5 11 8 11 13 8 9 9 11 8 10 12 9 4 9
split_gain=0.0857069 0.143848 0.296379 0.424331 0.399473 0.175874 0.150612 0.302208 0.283062 0.272161 0.409373 0.478085 0.393663 0.476911 0.482039 0.59642 0.358525 0.314047 0.259675 0.225719 0.26987 0.257448 0.393335 0.22273 0.273583 0.220561 0.328899 0.34398 0.423518 0.326674
threshold=-3.0624098081889826 -1.3348222310386684 0.2567395944969757 1.0780212388963233 0.15219704797579073 -0.6585723412847021 -0.65600776405159522 -1.8366014335827863 0.43324657879919498 -0.084110206224710146 1.1311869424054819 0.41957366717311745 0.18740908078210858 -0.62550139124431703 53.457633194985554 50.222798532047271 0.6190532318016424 -0.14122961054236699 -0.17434564769125857 -0.72201177033915054 -2.400584641274587 1.6427525856451826 1.205118447484735 1.1240338227135831 0.76907586862112298 -0.16894152701339252 -1.0988849400563374 1.1953678943303012 0.32742457353975613 0.78392341735049764
decision_type=2 2 2 2 2 2 2 2 2 2 2 2 2 2 2 2 2 2 2 2 2 2 2 2 2 2 2 2 2 2
left_child=-1 2 -2 4 5 -4 7 -3 9 17 11 12 18 -14 15 -15 -16 19 -11 -9 -21 22 -22 -18 -25 -8 27 29 -29 -27
right_child=1 6 3 -5 -6 -7 25 8 -10 10 -12 -13 13 14 16 -17 23 -19 -20 20 21 -23 -24 24 -26 26 -28 28 -30 -31
leaf_value=-0.0031144228636879813 0.0055026428241237435 0.0032394716637613981 -0.0014989454581430465 0.0059460683465003966 -0.0067610346704605031 0.0041967066328810606 0.00061532386157425387 0.0016820075427226369 -0.0063991382039840453 -0.0016183164783240278 0.0052571549080312257 0.0044148085638880735 -0.0076658966996806816 -0.0021101578532789762 -0.0091369753633625799 0.0078736461565962861 0.00012492414334209988 0.0054682984741197694 0.0045637064153337499 -0.0055612587175952891 0.00032788865720157336 0.0036147435428574683 -0.0059943252681371045 -0.0089246983741126645 -0.0011255815244195137 -0.0031569122281556918 -2.4776709131405429e-05 -9.2500958591699601e-05 -0.0084291884156230557 0.0022250889250749932
leaf_weight=22 36 46 33 25 25 23 1345 105 23 49 20 26 56 52 30 21 37 27 26 30 89 32 34 23 22 59 2951 25 39 54
leaf_count=22 36 46 33 25 25 23 1345 105 23 49 20 26 56 52 30 21 37 27 26 30 89 32 34 23 22 59 2951 25 39 54
internal_value=9.67425e-14 1.27759e-05 0.00158296 0.000251744 -0.00150576 0.00084034 -2.99297e-05 -0.000686636 -0.000943902 -0.000759115 -0.00169586 -0.00210247 -0.00263871 -0.00362319 -0.00239946 0.000761895 -0.00445998 0.000310612 0.000524785 -0.000169587 -0.00122049 -0.000380343 -0.00141972 -0.00274889 -0.0051118 7.98884e-05 -0.000150342 -0.00224381 -0.00517267 -0.000584982
internal_weight=5385 5363 142 106 81 56 5221 748 702 679 362 342 316 241 185 73 112 317 75 290 185 155 123 82 45 4473 3128 177 64 113
internal_count=5385 5363 142 106 81 56 5221 748 702 679 362 342 316 241 185 73 112 317 75 290 185 155 123 82 45 4473 3128 177 64 113
is_linear=0
shrinkage=0.05


Tree=92
num_leaves=31
num_cat=0
split_feature=1 2 14 2 5 2 13 8 7 8 8 0 2 3 0 2 0 2 14 2 14 10 2 14 13 7 11 11 5 13
split_gain=0.0855912 0.350594 0.363805 0.262403 0.303154 0.251206 0.241192 0.234256 0.214131 0.412747 0.365185 0.286772 0.270142 0.253062 0.176769 0.166357 0.160219 0.375767 0.153157 0.435839 0.402925 0.256288 0.427713 0.313699 0.305245 0.568715 0.406236 0.342165 0.339277 0.415548
threshold=-0.15283365359768522 0.062972374064982031 0.83799578376329886 -0.19346090360576843 45.842948569478487 -0.04218624047776403 -0.25326132491175829 2.0317819641823411 0.1325009688126407 1.064507472347185 0.61570637746381529 -0.041770864599240114 -0.26626919127540283 -0.35513144729238316 -0.17366792745860113 -0.10034273991874469 -0.050129020109899995 -0.131489029409914 0.16030020717009211 -0.18595769226020883 0.14824324303036404 0.51249404543808441 -0.131489029409914 0.25926960503289959 -0.010646899701046845 0.19403254277560175 -2.0085951795615622 0.53404661741248793 57.632617302310415 0.73309192205325291
decision_type=2 2 2 2 2 2 2 2 2 2 2 2 2 2 2 2 2 2 2 2 2 2 2 2 2 2 2 2 2 2
left_child=1 2 3 7 5 6 -5 8 10 11 12 13 -1 14 -10 -6 17 -8 20 -20 -2 22 -21 -24 25 27 -26 -23 -28 -30
right_child=18 -3 -4 4 15 -7 16 -9 9 -11 -12 -13 -14 -15 -16 -17 -18 -19 19 21 -22 24 23 -25 26 -27 28 -29 29 -31
leaf_value=0.0095075586903840305 -0.00038955630390401669 0.0065253840036651432 -0.0053045288763112495 0.0050796443177387116 0.0024367756746790335 -0.0033341274563489219 -0.0021611636620946229 -0.0053290537600828849 0.004581042271680557 0.0058045648504048593 -0.0025228024035206312 -0.0074175471626222143 0.0013879857868665741 -0.0029980929364242142 -0.0012493999818196664 0.0083289772272109996 -0.0033162205384790222 0.0063648515962995596 0.0060237416937466599 -0.0060232229979225891 -0.0075345117691904308 -0.0063124855837913751 0.0029057303597722706 0.00019514076918922729 0.0057589763085599301 0.0022716195277142819 -0.0023508374219828685 -0.0004178691149822303 0.0034866103233817296 -0.0022837579071235199
leaf_weight=20 1471 24 27 40 23 28 28 22 26 20 23 20 21 66 26 25 22 24 31 27 20 83 111 2781 27 41 143 35 78 52
leaf_count=20 1471 24 27 40 23 28 28 22 26 20 23 20 21 66 26 25 22 24 31 27 20 83 111 2781 27 41 143 35 78 52
internal_value=2.91255e-12 0.000633605 0.000326875 0.000677216 0.00207046 0.000909276 0.00195152 -0.000407688 8.0015e-05 -0.000908298 0.00251991 -0.00188118 0.00534875 -0.000942809 0.00166582 0.00550563 0.000260635 0.00177392 -6.2714e-05 0.000122156 -0.000485397 6.79967e-05 0.000240697 0.000299178 -0.00103029 -0.00280142 -9.15907e-05 -0.00456408 -0.000670218 0.00117846
internal_weight=5385 485 461 434 190 142 114 244 222 158 64 138 41 118 52 48 74 52 4900 3409 1491 3378 2919 2892 459 159 300 118 273 130
internal_count=5385 485 461 434 190 142 114 244 222 158 64 138 41 118 52 48 74 52 4900 3409 1491 3378 2919 2892 459 159 300 118 273 130
is_linear=0
shrinkage=0.05


Tree=93
num_leaves=31
num_cat=0
split_feature=6 4 10 8 5 11 7 9 11 10 5 11 9 4 5 13 8 0 7 8 7 7 10 4 12 6 12 0 7 8
split_gain=0.0827129 0.120841 0.210839 0.213626 0.205328 0.147357 0.135715 0.460124 0.501076 0.650965 0.586625 0.405133 0.37489 0.42123 0.35381 0.33363 0.300767 0.252966 0.241758 0.226509 0.20809 0.510052 0.438023 0.398536 0.599607 0.370468 0.356473 0.294083 0.27052 0.47878
threshold=0.011113522153326229 0.12707851606120596 0.13899323349505524 -0.0099153173082422979 60.374611441574224 -0.12973528501106243 0.054362542166979728 0.38772259905779566 -0.72928458107043304 0.11584195160071752 54.593037838309492 1.0285012327582435 0.5180201044338254 0.19466989817051225 61.1801653600374 0.69452164953318685 1.0000000180025095e-35 -0.0047768653910429939 0.039851513264657704 -0.27879484895834389 0.061020241599394377 0.063195809891155447 0.13387230055058638 0.20335372676062427 -0.021422217312244907 0.024160622807146075 -0.12107973975476044 -0.0020469189437115616 0.06765335584687461 -1.0233365840928978
decision_type=2 2 2 2 2 2 2 2 2 2 2 2 2 2 2 2 2 2 2 2 2 2 2 2 2 2 2 2 2 2
left_child=-1 2 4 -4 5 -2 7 -3 -9 11 15 12 -10 14 17 19 -13 18 -14 -11 23 22 26 24 -8 27 -22 -25 29 -23
right_child=1 6 3 -5 -6 -7 20 8 9 10 -12 16 13 -15 -16 -17 -18 -19 -20 -21 21 28 -24 25 -26 -27 -28 -29 -30 -31
leaf_value=0.0030595420320010322 0.0019196757022291421 -0.0043158168570162393 0.0048853499301185366 -0.0023351065975259102 -0.0068477458463838473 -0.0039486115514908151 -0.0074828152339905503 -0.0063366317143663774 0.005045092123327777 0.0087150574273740251 5.9798391620543874e-05 0.0090381783300212456 0.0053950173454359179 -0.007015827880240977 0.004524493009472887 0.011896936552455793 0.00047070644795894624 -0.0035212061574150413 -0.0014612545065271357 0.002289272935013287 0.0013574945872001675 0.0052400974370539191 -0.0017918902193438651 0.0082601142708550804 -0.00083024372906601506 -0.0034327226404387221 0.0093263191064276423 0.0005939201548181731 2.3961891164553342e-05 -0.0030021678517506509
leaf_weight=22 20 39 20 21 26 23 50 20 26 24 44 21 20 28 30 26 20 70 36 32 23 20 24 22 105 26 36 29 4334 148
leaf_count=22 20 39 20 21 26 23 50 20 26 24 44 21 20 28 30 26 20 70 36 32 23 20 24 22 105 26 36 29 4334 148
internal_value=-5.35374e-12 -1.25508e-05 -0.00165269 0.00118707 -0.00334009 -0.00121918 2.17944e-05 0.000866538 0.00137564 0.00178478 0.00471722 0.000312712 -0.000574882 -0.00136901 -0.000355477 0.00721632 0.00485892 -0.00151737 0.000987414 0.00504318 -5.46657e-05 1.92577e-05 0.00390319 -0.00151561 -0.00297623 0.00142462 0.00621983 0.00390091 -5.23474e-05 -0.00202095
internal_weight=5385 5363 110 41 69 43 5253 436 397 377 126 251 210 184 156 82 41 126 56 56 4817 4585 83 232 155 77 59 51 4502 168
internal_count=5385 5363 110 41 69 43 5253 436 397 377 126 251 210 184 156 82 41 126 56 56 4817 4585 83 232 155 77 59 51 4502 168
is_linear=0
shrinkage=0.05


Tree=94
num_leaves=31
num_cat=0
split_feature=11 0 8 9 8 9 11 13 5 4 11 11 4 13 13 3 5 13 14 5 13 0 5 10 11 11 7 13 6 3
split_gain=0.0853225 0.39378 0.353097 0.30475 0.276123 0.352352 0.704461 0.262262 0.219356 0.348213 0.175024 0.449118 0.345503 0.243285 0.732405 0.336979 0.370844 0.383526 0.306792 0.289426 0.317537 0.274667 0.289877 0.266323 0.260708 0.375342 0.607411 0.461359 0.4209 0.356774
threshold=1.5269215890232772 0.17915313189024942 0.022276345001248286 1.0719894804546211 -1.0506496926356452 0.84847882575803679 1.8611477860053753 -0.73777620976461045 61.784449251438311 0.24289032182959788 0.71345322266431022 0.60600295751954503 0.16607759800285801 0.51016897639378322 0.6240518565684412 0.4934176992378943 69.891179699653463 -0.48985105091392606 2.132597316478098 41.197142628632143 0.87660168997917531 0.024593949992226197 63.182146177217312 -0.32833118881518164 0.87920264553831162 0.97079287714087736 0.071683383969431816 -0.50452452285906357 0.021148556084105662 0.37424687710077781
decision_type=2 2 2 2 2 2 2 2 2 2 2 2 2 2 2 2 2 2 2 2 2 2 2 2 2 2 2 2 2 2
left_child=10 2 4 8 -2 -6 7 -7 9 -4 11 -1 -13 15 -15 16 24 -18 -17 -16 -21 -20 -23 -24 29 -26 27 -27 -28 -12
right_child=1 -3 3 -5 5 6 -8 -9 -10 -11 13 12 -14 14 19 18 17 -19 21 20 -22 22 23 -25 25 26 28 -29 -30 -31
leaf_value=3.4106355071960178e-05 -0.0034890791401267053 0.0052657178342342377 -0.0034560510917799551 -0.0054771049632964773 0.0059130087247908567 -0.00044507547079221063 0.0044605266718215058 -0.007843249540776016 -0.005220670106990094 0.0041790333692915743 0.001729742639115331 -0.0071480298204527754 -0.0014751185817294754 -0.0080568747444739273 0.0050101613027176695 -0.0062193472439853043 -0.00049405050813220439 0.0079859952721744783 -0.0041172738780357668 0.0017991740173080339 -0.0040214097992117915 0.0052849906434615452 -0.0045005743717774754 0.0032404010265599937 -0.0023601389047209678 0.00021806279197335245 -0.0035422899701202716 0.007561434293377467 0.0010568307939464367 0.0079144497850426928
leaf_weight=3810 36 25 28 68 33 23 44 25 22 32 171 31 200 31 28 26 20 40 31 53 42 30 25 20 97 35 65 55 212 27
leaf_count=3810 36 25 28 68 33 23 44 25 22 32 171 31 200 31 28 26 20 40 31 53 42 30 25 20 97 35 65 55 212 27
internal_value=2.35215e-12 -0.000771511 -0.00125682 -0.00300225 0.000369364 0.0014806 -0.000109291 -0.00429829 -0.00094994 0.000615994 5.13424e-05 -9.56861e-05 -0.00223642 0.000640769 -0.00118845 0.000970628 0.00139531 0.00515931 -0.00135224 0.000542614 -0.000774137 -0.000158416 0.00147791 -0.00106014 0.00105416 0.000405985 0.00113709 0.00470568 -2.23853e-05 0.00257311
internal_weight=5385 336 311 150 161 125 92 48 82 60 5049 4041 231 1008 154 854 722 60 132 123 95 106 75 45 662 464 367 90 277 198
internal_count=5385 336 311 150 161 125 92 48 82 60 5049 4041 231 1008 154 854 722 60 132 123 95 106 75 45 662 464 367 90 277 198
is_linear=0
shrinkage=0.05


Tree=95
num_leaves=31
num_cat=0
split_feature=9 9 2 6 11 11 1 1 3 3 10 10 13 9 2 2 3 3 2 6 6 11 3 3 9 4 8 3 11 8
split_gain=0.0844608 0.158624 0.300267 0.202215 0.249299 0.301743 0.169027 0.171987 0.370721 0.789864 0.170621 0.314307 0.380713 0.184281 0.202341 0.166075 0.481341 0.464343 0.478335 0.385232 0.323195 0.326582 0.291012 0.305384 0.2719 0.254888 0.252478 0.289855 0.626928 0.485812
threshold=3.1941319933717818 2.2130170572706911 1.0671052427260728 0.052227816622274326 -0.034591485959648331 -0.90239690465035027 0.63013447765011488 0.3856622777669661 0.41975210272628888 0.72868524829200987 -1.4112032685981826 -1.7273025358401359 -0.52297705313948895 2.0392903620048513 0.054789943601554876 0.38929503317421704 0.99926150325431085 0.80037212135898572 0.30477238753734742 0.03059008924651381 0.024899503897314077 0.2134762844390565 0.46789105324616137 0.22941862636302826 1.4844675419010922 0.23424040981221436 -5.556186926987257 0.58113441702408397 -0.6692557959238471 0.13997869938821905
decision_type=2 2 2 2 2 2 2 2 2 2 2 2 2 2 2 2 2 2 2 2 2 2 2 2 2 2 2 2 2 2
left_child=1 2 6 4 5 -3 7 10 -9 -10 11 12 -1 15 -15 16 17 18 26 20 24 -22 23 -17 -20 -25 -12 -28 -29 -30
right_child=-2 3 -4 -5 -6 -7 -8 8 9 -11 13 -13 -14 14 -16 22 -18 -19 19 -21 21 -23 -24 25 -26 -27 27 28 29 -31
leaf_value=0.0042692817092217783 -0.0031647495925426483 -0.00035580513276494086 -0.0052889787764460955 0.0051280992934621423 -0.0031791325472295285 0.0067697922485725334 0.0045851963758468629 -0.0070849212033122222 0.0059049601480364797 -0.0049480023254689426 -0.0035676313282844299 0.0064658971856637248 -0.0040519855398867674 0.00030850801794301896 -0.006479850460005843 -0.00014616173544996665 -0.0057412204760554676 0.0040554840326903095 -0.00099770959138206056 0.0039459011771462186 -0.011044189816510137 -0.0030237910120437545 1.0308235663535964e-05 0.0090728665444268185 -0.0072632380697177732 0.0025869191944807289 3.5943709232370352e-07 0.0098281598194380829 0.0031904692909248719 -0.0031854542521846559
leaf_weight=27 21 39 27 33 30 24 20 27 30 38 48 29 28 21 23 38 37 69 129 22 22 30 184 28 20 33 4156 23 82 47
leaf_count=27 21 39 27 33 30 24 20 27 30 38 48 29 28 21 23 38 37 69 129 22 22 30 184 28 20 33 4156 23 82 47
internal_value=1.15476e-12 1.239e-05 -2.97809e-05 0.00176549 0.000572308 0.00235871 -2.53113e-06 -2.02068e-05 -0.00212809 -0.000159931 1.90884e-05 0.00225388 3.30002e-05 -1.83662e-05 -0.00323995 1.01663e-05 -6.08847e-05 -1.56669e-05 -7.70142e-05 -0.00233563 -0.00302316 -0.00641704 0.0011864 0.00337227 -0.00183872 0.00556408 3.86128e-05 7.87938e-05 0.00222335 0.000867458
internal_weight=5385 5364 5238 126 93 63 5211 5191 95 68 5096 84 55 5012 44 4968 4685 4648 4579 223 201 52 283 99 149 61 4356 4308 152 129
internal_count=5385 5364 5238 126 93 63 5211 5191 95 68 5096 84 55 5012 44 4968 4685 4648 4579 223 201 52 283 99 149 61 4356 4308 152 129
is_linear=0
shrinkage=0.05


Tree=96
num_leaves=31
num_cat=0
split_feature=6 11 6 13 0 13 3 4 13 5 8 8 11 1 1 3 7 1 13 1 13 2 11 6 0 0 3 0 10 3
split_gain=0.0807841 0.106736 0.0940684 0.252283 0.148179 0.196531 0.299278 0.174511 0.266569 0.37982 0.406704 0.387763 0.349176 0.291421 0.246435 0.285385 0.301252 0.301761 0.407997 0.389484 0.414275 0.355517 0.198281 0.196994 0.208514 0.196637 0.534349 0.241706 0.317258 0.210418
threshold=0.073321599255601513 2.7353199451782335 0.060518572701877306 -0.60047696995582356 0.25625928207082044 0.72330412652074283 0.75170169531297326 0.37268022773285342 -0.60047696995582356 59.251247317121589 -0.79921057767977144 1.550258585171991 -0.45256816199277178 -0.10758288705417061 0.34506675588896935 0.82064186910924219 0.12277059593146071 0.049490054189514361 -0.036248835788548435 0.18597564569154515 0.37289337059194322 -0.045445417165324013 -1.4435825871188805 0.039563687503690277 -0.071151957414205644 -0.13364615548839678 -0.25511448942888038 -0.12229685470370298 -0.13235583373413581 0.072808421981998231
decision_type=2 2 2 2 2 2 2 2 2 2 2 2 2 2 2 2 2 2 2 2 2 2 2 2 2 2 2 2 2 2
left_child=1 2 4 -4 7 6 -6 23 9 10 -9 12 -12 -14 15 16 -10 18 -18 20 -19 22 -20 25 -25 26 -1 28 -27 -28
right_child=-2 -3 3 -5 5 -7 -8 8 14 -11 11 -13 13 -15 -16 -17 17 19 21 -21 -22 -23 -24 24 -26 27 29 -29 -30 -31
leaf_value=-0.0085246790125966081 -0.0030951016538199923 0.0036579769849777221 0.0062319572676311843 -0.00046434280080481983 0.0040485912749621397 0.0055003294371999802 -0.0040250492197546088 -0.0052370250994420572 -0.0048346662940457466 -0.0071556000890476371 0.0071961789508350194 -0.0050789568340405822 -0.0039718847628682852 0.0035887614537317026 -0.0038388468575878787 0.005192681598210974 0.0053800364779308446 -0.010555395749397576 0.002425415483303368 0.0025128957889974119 -0.00050040269714026224 0.0036676943229064238 -0.0032999936414266663 0.00045196782655996989 0.0057127394247800112 -0.0014400091394782067 0.0017993659842759373 7.9423377372112053e-06 0.0066372797967145045 -0.0037462122272700071
leaf_weight=25 21 20 22 39 24 28 22 46 30 35 24 24 25 26 39 28 50 20 20 25 21 44 62 48 31 20 50 4459 31 26
leaf_count=25 21 20 22 39 24 28 22 46 30 35 24 24 25 26 39 28 50 20 20 25 21 44 62 48 31 20 50 4459 31 26
internal_value=1.44154e-12 1.21173e-05 -1.52739e-06 0.00195072 -2.40689e-05 0.00219763 0.000187285 -5.56307e-05 -0.000925607 -0.0024807 -0.00135227 0.000452768 0.00222292 -0.000117438 -9.98963e-05 0.000386167 -0.000108621 0.000477252 0.00155846 -0.00240597 -0.00540528 4.19623e-05 -0.00190355 4.06417e-05 0.00251632 -1.77398e-06 -0.00218367 4.70888e-05 0.00346972 -9.78055e-05
internal_weight=5385 5364 5344 61 5283 74 46 5209 519 180 145 99 75 51 339 300 272 242 176 66 41 126 82 4690 79 4611 101 4510 51 76
internal_count=5385 5364 5344 61 5283 74 46 5209 519 180 145 99 75 51 339 300 272 242 176 66 41 126 82 4690 79 4611 101 4510 51 76
is_linear=0
shrinkage=0.05


Tree=97
num_leaves=31
num_cat=0
split_feature=7 9 13 7 11 0 0 10 9 9 9 12 12 12 10 3 13 9 10 13 3 11 2 13 14 3 13 12 13 11
split_gain=0.0766513 0.294928 0.308639 0.267988 0.259753 0.52629 0.687977 0.370594 0.3851 0.358762 0.375852 0.487548 0.619058 0.674564 0.479027 0.545352 0.513696 0.467057 0.358744 0.353732 0.450484 0.350259 0.549619 0.477697 0.337636 0.607088 0.477052 0.379797 0.35378 0.394909
threshold=0.091375758556354006 1.7616545439659861 0.36662328651762771 0.092680890953501072 0.2134762844390565 0.083265040881434396 0.044535560383674018 -0.75003804489490833 1.5896367141957228 0.13506675528868331 0.99672727546241824 -0.18601470818945087 0.090484541174955566 0.48878631355462493 0.49658356011921589 0.21090762074803429 0.89019434952786458 0.44102866849692957 0.50461527105549109 1.1529174088506606 0.016759813712628139 0.36864994120936895 -0.040453096320856412 0.47182756914199325 0.63239019112087191 0.099224339255107333 0.49940347450330796 0.2933798539817577 -0.79803441097385941 0.95814149942999027
decision_type=2 2 2 2 2 2 2 2 2 2 2 2 2 2 2 2 2 2 2 2 2 2 2 2 2 2 2 2 2 2
left_child=1 4 -3 -2 5 6 9 -6 21 -1 14 -12 -13 -14 15 16 -11 -18 -8 20 -19 22 -9 -24 25 -23 28 -28 -26 -30
right_child=3 2 -4 -5 7 -7 18 8 -10 10 11 12 13 -15 -16 -17 17 19 -20 -21 -22 24 23 -25 26 -27 27 -29 29 -31
leaf_value=-0.0058739848767540292 0.00337372052571958 -0.0082962892220719998 -0.00041431844993321986 8.2238626393432032e-05 -0.0017380688566648252 0.0072728546895086763 -0.0028565746437379858 0.0094592110504611183 0.0075364736352293267 -0.0029944632357101391 0.0017166549638391307 -0.0080265194754642645 0.00181383596243361 -0.0051032601497494265 0.0041675537569625751 0.0028758253580536287 -0.0044533637352287773 0.0012384837120771408 -0.0091418417769351182 -8.7377781930722686e-05 0.011723687619503056 0.00071600485680939081 -0.00072956154836869127 0.0058143554488196969 -0.0038440084015881576 0.008720975290410795 -0.0099745506769977517 -0.00076715101354888509 -0.00057553608159728869 0.0038739850526326339
leaf_weight=28 63 23 27 3360 166 20 120 26 21 163 78 46 77 65 84 115 25 20 28 38 21 266 83 42 54 26 24 21 187 68
leaf_count=28 63 23 27 3360 166 20 120 26 21 163 78 46 77 65 84 115 25 20 28 38 21 266 83 42 54 26 24 21 187 68
internal_value=4.88563e-12 -0.000249167 -0.00404003 0.000142818 -0.000150034 -0.000750143 -0.000926861 0.000415923 0.000853041 -0.000319512 -0.000107046 -0.00160664 -0.00298546 -0.00135244 0.000748948 -2.78776e-06 -0.00124264 0.00150301 -0.00404568 0.00338793 0.00660895 0.00067694 0.00284496 0.00146919 0.000170174 0.00142878 -0.000867995 -0.00567776 -0.000167543 0.000611003
internal_weight=5385 1962 50 3423 1912 928 908 984 818 760 732 266 188 142 466 382 267 104 148 79 41 797 151 125 646 292 354 45 309 255
internal_count=5385 1962 50 3423 1912 928 908 984 818 760 732 266 188 142 466 382 267 104 148 79 41 797 151 125 646 292 354 45 309 255
is_linear=0
shrinkage=0.05


Tree=98
num_leaves=31
num_cat=0
split_feature=8 8 14 12 12 0 7 12 1 9 12 10 0 9 8 0 4 5 4 7 13 13 1 4 4 8 13 13 1 14
split_gain=0.0766009 0.206955 0.313576 0.436291 0.556287 0.346381 0.378506 0.626757 0.504726 0.381838 0.417142 0.385123 0.36882 0.308991 0.306473 0.303683 0.461514 0.285534 0.27144 0.346316 0.2685 0.529518 0.262621 0.222529 0.215408 0.193693 0.265451 0.4113 0.361342 0.374422
threshold=-0.79921057767977144 -0.92532001154775134 2.0933630483520407 0.50193024084853854 -0.057786217190327636 0.074953676889383938 0.06765335584687461 0.20549720289081994 -0.038259331579421289 0.49194045558679445 -0.39448917054855492 0.95221155130031587 0.010823182278759893 1.0907803760679773 -1.3714002302823698 -0.10262919676404751 0.30512544832343574 49.177134691589465 0.32742457353975613 0.13714311054535575 -0.44569605488578218 0.39449313177267992 0.041682446504510813 0.16264997048488231 0.23514931476162859 -0.29026967798204389 0.41703369918254934 0.84277198650170049 -0.036954854602272151 -0.41114453084825181
decision_type=2 2 2 2 2 2 2 2 2 2 2 2 2 2 2 2 2 2 2 2 2 2 2 2 2 2 2 2 2 2
left_child=1 2 5 4 -4 6 7 17 -8 -10 12 15 22 -6 -7 -12 20 -1 19 23 -17 24 -11 -3 -22 26 -2 -28 29 -29
right_child=25 18 3 -5 13 14 8 -9 9 10 11 -13 -14 -15 -16 16 -18 -19 -20 -21 21 -23 -24 -25 -26 -27 27 28 -30 -31
leaf_value=0.0033427991327785313 0.0015963823043346898 -0.00597498742420049 0.00039986697857842806 -0.0049612433849168681 0.010410938036095885 -0.0003625035407908616 0.00037809839885767361 0.0085652547991938062 -0.0068523904670857727 -0.010773545479320962 0.0054581448354798813 -0.0072215296533249792 0.0013092621741816403 0.0029143524977068109 0.008285844358033501 0.0042615179185356419 -0.0067813201091037351 -0.0044960326103207007 0.0028107857378199697 -0.008768404387713721 -0.0053779257989178108 0.0043179361819938727 -0.004297061111274347 0.00028082232879982755 0.00085851108637143621 -5.4131626566496977e-05 -0.002714543197689964 0.0023086703737222013 0.0030310143918578268 -0.0070252465655688537
leaf_weight=21 441 21 94 21 28 21 256 27 45 23 23 20 20 27 20 35 26 26 20 24 45 33 49 44 20 3703 111 21 98 22
leaf_count=21 441 21 94 21 28 21 256 27 45 23 23 20 20 27 20 35 26 26 20 24 45 33 49 44 20 3703 111 21 98 22
internal_value=3.88179e-12 -0.00039758 -0.000143025 0.00178585 0.00273679 -0.00060487 -0.000878269 0.00249411 -0.00129769 -0.00256318 -0.00190667 -0.000635639 -0.00469742 0.0067308 0.0038562 8.80857e-05 -0.000688715 -0.000993576 -0.0024527 -0.00363551 0.00050232 -0.00084025 -0.00636594 -0.00174029 -0.00345902 8.94465e-05 0.000856647 -0.00043789 0.00135437 -0.00246682
internal_weight=5385 989 880 170 149 710 669 74 595 339 294 202 92 55 41 182 159 47 109 89 133 98 72 65 65 4396 693 252 141 43
internal_count=5385 989 880 170 149 710 669 74 595 339 294 202 92 55 41 182 159 47 109 89 133 98 72 65 65 4396 693 252 141 43
is_linear=0
shrinkage=0.05


Tree=99
num_leaves=31
num_cat=0
split_feature=6 7 5 9 13 0 7 13 13 3 8 6 8 5 3 6 1 13 3 5 11 5 11 0 12 12 12 9 6 11
split_gain=0.0783742 0.0848761 0.368224 0.2778 0.287592 0.262546 0.23977 0.238668 0.352267 0.341143 0.267777 0.429487 0.433198 0.362646 0.352378 0.677328 0.461949 0.326851 0.537218 0.476504 0.331109 0.327655 0.312631 0.305434 0.299163 0.290605 0.401831 0.522455 0.322992 0.303456
threshold=0.011113522153326229 0.091375758556354006 71.883069766354325 1.7616545439659861 0.36662328651762771 0.098994946424668454 0.092680890953501072 1.6191024203996072 1.3767282497673758 -0.049245331799445173 -0.0051668748308229253 0.02635628470071982 -0.05264879595661686 49.604534154879204 -0.030712393272090851 0.024971476056830071 0.071246122456111741 -0.30548649977239639 0.26013566017929496 53.340384931340154 -0.90239690465035027 55.479172993416178 -0.13826235547419516 0.0023582476573094095 -1.2645860906475641 0.73807229677831498 0.096737973202370417 0.55359833067334197 0.016021223886119564 -0.11205218323522374
decision_type=2 2 2 2 2 2 2 2 2 2 2 2 2 2 2 2 2 2 2 2 2 2 2 2 2 2 2 2 2 2
left_child=-1 2 3 5 -5 7 -3 8 10 -9 11 12 14 -14 16 24 22 18 19 23 -19 -21 -2 -12 -16 26 27 -22 -27 -28
right_child=1 6 -4 4 -6 -7 -8 9 -10 -11 17 -13 13 -15 15 -17 -18 20 -20 21 25 -23 -24 -25 -26 28 29 -29 -30 -31
leaf_value=0.0029782157931053503 0.0061644509457983079 0.0031936022512141678 -0.005024009157787078 -0.0081359552092511549 -0.0004346639866492263 0.0056195680238306529 8.0227833492309801e-05 -0.0012435321754310281 -0.0062554823603325829 0.00681528455481447 -3.8073581410571935e-05 0.0042949789175902734 0.0083498399870424907 0.0012305483951250901 0.0052770440628671133 -0.0085548958755680363 0.0093634539144113651 -0.0060037086640174191 -0.0062888901589366678 -0.008956512312094371 -0.0052132119304068129 -0.0014683987906513117 -0.0011355112747035243 0.007147530288923354 -0.00053155440449093776 0.0015125804816812484 -0.00026401761458076249 0.00027235612373345493 -0.0042745921416335727 0.0032052919694615413
leaf_weight=22 20 63 40 22 27 20 3360 24 24 29 50 67 27 53 23 26 20 24 65 21 56 48 55 21 612 36 104 193 73 160
leaf_count=22 20 63 40 22 27 20 3360 24 24 29 50 67 27 53 23 26 20 24 65 21 56 48 55 21 612 36 104 193 73 160
internal_value=1.01424e-12 -1.22172e-05 -0.000276435 -0.000176486 -0.00389239 -7.81177e-05 0.000137529 -0.000140353 -0.000238912 0.00316601 -0.000156587 0.000443153 0.000134454 0.00363331 -0.000235796 -0.000645033 0.00261163 -0.000792974 -0.00253246 -0.000788396 -0.000240972 -0.00374739 0.000811145 0.00208725 -0.000321164 -1.86151e-05 0.000479559 -0.000961346 -0.00236323 0.00183859
internal_weight=5385 5363 1940 1900 49 1851 3423 1831 1778 53 1754 903 836 80 756 661 95 851 205 140 646 69 75 71 635 622 513 249 109 264
internal_count=5385 5363 1940 1900 49 1851 3423 1831 1778 53 1754 903 836 80 756 661 95 851 205 140 646 69 75 71 635 622 513 249 109 264
is_linear=0
shrinkage=0.05


Tree=100
num_leaves=31
num_cat=0
split_feature=11 11 9 5 8 8 11 12 9 13 9 11 11 11 8 9 5 9 8 13 10 10 13 5 5 1 9 1 8 1
split_gain=0.0753755 0.240711 0.258728 0.271159 0.183064 0.278687 0.304908 0.466658 0.210965 0.234732 0.180344 0.151351 0.279752 0.575947 0.454195 0.392973 1.02487 0.360063 0.331378 0.327934 0.276092 0.508884 0.261389 0.545527 0.387696 0.282543 0.506423 0.476947 0.472984 0.439865
threshold=1.5269215890232772 1.5972471537231654 0.40858406860995594 70.188934322883213 0.022276345001248286 -1.8505234243022299 2.0665915526571026 -0.63443036376554163 1.0719894804546211 -0.060752002821993771 0.68626918582077978 0.78381478601015886 0.40759016460195152 0.37767294495211456 -1.4559965285354501 0.61470018582989683 52.191985369424934 0.66425748745556945 -0.059106788105975243 0.45544802323648326 -1.7273025358401359 -1.4112032685981826 -1.247224765198131 58.677763239228398 41.929966159241197 0.068248757260591222 0.40858406860995594 0.031976860828909277 0.036926801205153549 0.097412166865546004
decision_type=2 2 2 2 2 2 2 2 2 2 2 2 2 2 2 2 2 2 2 2 2 2 2 2 2 2 2 2 2 2
left_child=11 -2 -3 4 5 -4 7 -7 10 -10 -6 12 13 20 -14 16 19 -17 -15 -16 -1 -22 23 24 -13 27 -27 -24 -29 -28
right_child=1 2 3 -5 8 6 -8 -9 9 -11 -12 22 14 18 15 17 -18 -19 -20 -21 21 -23 25 -25 -26 26 29 28 -30 -31
leaf_value=-0.0045134618624367495 -0.0042659145718928248 0.004996117904507132 -0.0048844622535398237 0.0043210654798895116 -0.0037634819111024794 -0.0065951836586464196 0.0045752600356354384 0.0017842431996811044 -0.0080708617078406476 -0.0015368941515960077 0.0022859639953821897 -0.0047483167568729686 -0.0046336914269124617 0.008917688472761906 0.0048994808702263991 0.0064787235332741631 -0.006076000730396853 -0.00018447151676723116 0.0016199351461338145 -0.0024934656704620767 0.007841314357661066 3.248860431519129e-05 0.00092380112558986547 -0.0067930959165096285 0.0031927854626202117 -0.0037338822505262217 0.0071985936923218627 -0.0069587560614482284 0.00074002568389436134 0.0019351700710121022
leaf_weight=33 42 22 24 25 22 24 40 54 28 27 28 22 74 28 40 21 94 587 35 24 21 3210 404 35 51 32 49 42 38 209
leaf_count=33 42 22 24 25 22 24 40 54 28 27 28 22 74 28 40 21 94 587 35 24 21 3210 404 35 51 32 49 42 38 209
internal_value=1.7539e-12 -0.000725146 -0.000219322 -0.000641159 -0.00114341 2.70988e-05 0.00102606 -0.000794042 -0.00272638 -0.00486328 -0.000375792 4.82569e-05 -7.76885e-05 0.000128165 -0.000893015 -0.000531644 -0.00275322 4.56717e-05 0.00486338 0.00212713 3.67683e-05 8.32423e-05 0.000643285 -0.00166101 0.000799577 0.000964814 0.00219896 0.000225349 -0.00330183 0.00293481
internal_weight=5385 336 294 272 247 142 118 78 105 55 50 5049 4167 3327 840 766 158 608 63 64 3264 3231 882 108 73 774 290 484 80 258
internal_count=5385 336 294 272 247 142 118 78 105 55 50 5049 4167 3327 840 766 158 608 63 64 3264 3231 882 108 73 774 290 484 80 258
is_linear=0
shrinkage=0.05


Tree=101
num_leaves=31
num_cat=0
split_feature=1 2 14 2 4 11 11 14 4 5 3 11 3 2 7 0 4 9 4 1 9 2 2 11 11 11 9 4 9 10
split_gain=0.0755333 0.322918 0.322908 0.222706 0.37128 0.335638 0.408385 0.326163 0.295996 0.278947 0.223344 0.336736 0.206444 0.280451 0.380864 0.190152 0.273324 0.16352 0.157403 0.309252 0.267832 0.244509 0.368158 0.348635 0.44968 0.280325 0.386861 0.244144 0.252812 0.284752
threshold=-0.15283365359768522 0.062972374064982031 0.83799578376329886 -0.19346090360576843 0.47617535539810102 -0.57762725528658609 -0.034591485959648331 -0.93444303974948095 0.37622141420428329 45.842948569478487 -0.0053343039600091671 -0.45256816199277178 -0.25511448942888038 -0.13992039107802853 0.13846977675475106 -0.13364615548839678 0.26538948990337458 1.3013587553447516 0.37268022773285342 -0.11311155584015391 0.57009168426794032 -0.20135286892962714 -0.16815610716352239 -0.52638560201669538 0.064163719866626834 0.47852000374125353 1.1299176497337842 0.36149330467157575 2.5526878248007505 1.214989245906599
decision_type=2 2 2 2 2 2 2 2 2 2 2 2 2 2 2 2 2 2 2 2 2 2 2 2 2 2 2 2 2 2
left_child=1 2 3 4 5 7 -7 -1 15 10 12 -12 -5 -14 -15 -8 -17 -11 21 -20 -21 23 -23 -2 -25 -26 -27 28 29 -24
right_child=18 -3 -4 9 -6 6 8 -9 -10 17 11 -13 13 14 -16 16 -18 -19 19 20 -22 22 27 24 25 26 -28 -29 -30 -31
leaf_value=-0.0012431359219857874 0.0067065454495605081 0.0062496640312019736 -0.0050046050524408074 -0.0018698018732602182 0.0039087975486403427 0.0047449054941535 -0.0042823258876090965 -0.0087663635984063151 -0.0066452260383150791 0.002167039521357409 0.0030598817067220806 -0.0053734388057913246 0.0079717848061894372 -0.0030516452447045595 0.0060562220148064876 -0.0020023909383312319 0.0044829608654254121 0.0080087748169898991 -0.0049043342894451187 -0.0045314482241672911 -0.00014579332003745822 -0.0028835859116886492 4.1058952533356619e-05 -0.0046561606452866855 0.0075148353945802566 0.0047530850968681851 -0.0043712233148870015 0.0037517452240122527 0.0056152773695066572 -0.0028666916889474228
leaf_weight=34 32 24 27 23 42 35 21 25 22 23 20 29 24 24 22 33 32 25 44 38 415 110 4014 28 22 26 21 44 20 86
leaf_count=34 32 24 27 23 42 35 21 25 22 23 20 29 24 24 22 33 32 25 44 38 415 110 4014 28 22 26 21 44 20 86
internal_value=2.51139e-12 0.000595215 0.00030084 0.000630902 -0.000368576 -0.00125793 5.12148e-05 -0.00443094 -0.00146989 0.00191444 0.000800582 -0.00193127 0.00223994 0.00359029 0.00130429 -0.000145965 0.0011904 0.00520961 -5.89141e-05 -0.000902394 -0.000513685 3.62959e-05 -2.84364e-05 0.00218099 0.000688025 0.00285668 0.000676266 4.69879e-05 7.4225e-06 -1.99329e-05
internal_weight=5385 485 461 434 244 202 143 59 108 190 142 49 93 70 46 86 65 48 4900 497 453 4403 4274 129 97 69 47 4164 4120 4100
internal_count=5385 485 461 434 244 202 143 59 108 190 142 49 93 70 46 86 65 48 4900 497 453 4403 4274 129 97 69 47 4164 4120 4100
is_linear=0
shrinkage=0.05


Tree=102
num_leaves=31
num_cat=0
split_feature=12 10 2 2 14 11 2 5 0 11 2 14 11 9 13 13 2 11 0 7 11 13 7 9 6 11 1 2 7 9
split_gain=0.0770964 0.0883975 0.28807 0.309832 0.226715 0.141429 0.311488 0.259661 0.214327 0.162388 0.313254 0.278051 0.429445 0.331989 0.242506 0.261513 0.221883 0.213271 0.147855 0.64327 0.314203 0.380512 0.396095 0.408946 0.407833 0.366539 0.513011 0.264007 0.249237 0.179662
threshold=2.460419036470459 1.4207461531037213 -0.1439010445376421 0.026123522677234615 1.063144715365437 -1.757648981140433 0.13317181240934098 52.784378635901241 0.004995782644587555 -1.0781762139206854 0.47923119941988407 -0.23963736966372332 -1.1736647110851488 0.86749948639330388 0.47182756914199325 -0.24483163058227073 -0.20135286892962714 -1.0349910112594141 0.14954611964186129 0.16987129250183888 -0.52638560201669538 -0.052314126858945688 0.27883400139063469 1.1085319472045299 0.043313965811332601 0.46308180308098207 0.21132371059878499 0.88626148036357477 0.21892544269147673 1.2684222236776992
decision_type=2 2 2 2 2 2 2 2 2 2 2 2 2 2 2 2 2 2 2 2 2 2 2 2 2 2 2 2 2 2
left_child=1 5 -3 -4 -5 6 8 -8 -1 10 11 12 16 -13 15 -15 -7 -11 27 -20 -21 22 23 -22 -24 26 -23 29 -25 -19
right_child=-2 2 3 4 -6 9 7 -9 -10 17 -12 13 -14 14 -16 -17 -18 18 19 20 21 25 24 28 -26 -27 -28 -29 -30 -31
leaf_value=0.0022542737245273134 0.0030236310369911651 0.0019069421963364471 -0.0060032889379986699 0.0015298463287763298 -0.0048905073991045364 0.0029390621193063756 0.0090248997811050637 0.0013349092201046322 -0.0044512288052250045 0.005076152834087788 -0.0057533286467386299 -0.0046985549563985504 -0.0092037258855998515 0.0029672457370907069 0.0047411424554108334 -0.0046376596484333276 -0.0036683299268285433 0.00011337612214834384 0.0068450148461297869 0.0042593318431709817 -0.010345758765470238 0.0043745734339329196 0.0051934595778584487 0.001856819211971015 -0.0043858074303716422 0.0054754447081665457 -0.0050809556954845908 0.0047980360819825105 -0.006036796018015593 -0.00060342809825620616
leaf_weight=26 21 51 42 44 20 24 21 23 22 21 34 21 20 26 48 20 27 3381 42 39 24 26 25 20 20 38 32 28 20 1179
leaf_count=26 21 51 42 44 20 24 21 23 22 21 34 21 20 26 48 20 27 3381 42 39 24 26 25 20 20 38 32 28 20 1179
internal_value=-6.08519e-12 -1.18375e-05 -0.00118077 -0.00266637 -0.000476514 2.34079e-05 0.00196641 0.00500513 -0.000819082 -1.15396e-05 -0.00134043 -0.000533772 -0.00299411 0.000985221 0.002255 -0.000339235 -0.000558969 4.81858e-05 2.65224e-05 0.00112952 0.000145704 -0.000636889 -0.00265851 -0.0051859 0.000936008 0.00165849 -0.00084227 -4.22345e-05 -0.00208999 -7.19555e-05
internal_weight=5385 5364 157 106 64 5207 92 44 48 5115 220 186 71 115 94 46 51 4895 4874 286 244 205 109 64 45 96 58 4588 40 4560
internal_count=5385 5364 157 106 64 5207 92 44 48 5115 220 186 71 115 94 46 51 4895 4874 286 244 205 109 64 45 96 58 4588 40 4560
is_linear=0
shrinkage=0.05


Tree=103
num_leaves=31
num_cat=0
split_feature=1 4 3 8 4 6 1 0 7 1 3 10 7 3 5 1 14 2 13 8 13 6 4 4 4 8 6 10 8 5
split_gain=0.0757443 0.206963 0.386684 0.180705 0.359951 0.37913 0.458871 0.233918 0.60014 0.236452 0.44234 0.355447 0.325342 0.462146 0.298965 0.180427 0.313576 0.261237 0.257045 0.178306 0.238485 0.182616 0.48688 0.809602 0.454708 0.402627 0.385306 0.36455 0.34326 0.38519
threshold=-0.047419749206102195 0.64212017830514778 2.3962819260993498 2.90867223837787 0.20721183498684895 0.026246700876373371 0.094883767540701505 0.16350174606030246 0.16391334848627634 0.11704043160348977 0.34512127009658994 0.037071739946833111 0.22515468254656903 0.72868524829200987 68.755399319396261 -0.05338846451796813 1.1197621162400293 0.28091443212929296 0.65969047392939439 2.4189098644513773 0.088017944905391041 0.022009125136834104 0.20669828824040593 0.19743500631158439 0.21135412636396886 -0.094009412995128924 0.022330192226531872 0.40932571662090206 -1.0005560052434646 57.908613222717342
decision_type=2 2 2 2 2 2 2 2 2 2 2 2 2 2 2 2 2 2 2 2 2 2 2 2 2 2 2 2 2 2
left_child=15 2 3 7 -5 -6 -7 19 -9 -10 11 -11 -12 -14 -15 17 18 -1 -17 21 -21 22 23 -2 25 -23 -26 -25 -28 -30
right_child=1 -3 -4 4 5 6 -8 8 9 10 12 -13 13 14 -16 16 -18 -19 -20 20 -22 24 -24 27 26 -27 28 -29 29 -31
leaf_value=0.00024947870407135138 0.00018696666977005097 -0.0038400617638930075 0.0066836739136349596 0.0037348460497172633 -0.0070945202958029828 0.0043168286721293738 -0.0040974901417855083 0.008117357976734638 0.0039647872902845082 -0.00021643773348921019 -0.0037025775922381364 -0.0091061651838985694 0.0082894738349649638 -0.0045349956536665558 0.0037422454469682033 -0.0020706651413014959 0.0078410036196666106 -0.0052407038630917675 0.0043566795631444881 0.0065443695209029583 -0.00058054785064693239 -0.0014952229711020159 0.0018755501332196286 -0.0024369493557757083 -0.0048110621307600049 -0.0078567227164871595 -0.0016643743955005244 -0.0087355749164190564 0.00093131108212375711 -0.0010224610440100995
leaf_weight=1432 1335 37 21 23 39 26 43 30 38 23 23 22 27 20 24 35 21 22 28 23 24 72 332 154 47 38 314 27 686 399
leaf_count=1432 1335 37 21 23 39 26 43 30 38 23 23 22 27 20 24 35 21 22 28 23 24 72 332 154 47 38 314 27 686 399
internal_value=2.16928e-12 -0.000118568 -8.2428e-05 -0.000119928 -0.00194458 -0.00315408 -0.000926877 -5.4584e-05 0.00157797 0.000469597 -0.000485922 -0.00456253 0.00146564 0.00313986 -2.01369e-05 0.000296575 0.0025497 0.000166409 0.000785933 -0.000152509 0.00290611 -0.00019474 0.000141305 -0.00023849 -0.000593848 -0.00369283 -0.000358102 -0.00337652 -0.000208503 0.000212827
internal_weight=5385 3847 3810 3789 131 108 69 3658 207 177 139 45 94 71 44 1538 84 1454 63 3451 47 3404 1848 1516 1556 110 1446 181 1399 1085
internal_count=5385 3847 3810 3789 131 108 69 3658 207 177 139 45 94 71 44 1538 84 1454 63 3451 47 3404 1848 1516 1556 110 1446 181 1399 1085
is_linear=0
shrinkage=0.05


Tree=104
num_leaves=31
num_cat=0
split_feature=9 9 5 0 1 7 2 1 1 5 0 6 10 5 11 9 2 0 0 7 5 12 12 6 11 6 1 9 4 7
split_gain=0.0744886 0.131309 0.406878 0.259141 0.265593 0.251359 0.245866 0.15514 0.152236 0.330994 0.237348 0.189752 0.152959 0.347148 0.204273 0.154988 0.167784 0.162087 0.207496 0.136462 0.321806 0.3089 0.376902 0.306053 0.316691 0.284073 0.272716 0.286788 0.256834 0.264704
threshold=3.1941319933717818 2.2130170572706911 63.709835040209143 -0.021511224126786185 -0.017641954250524446 0.18137464828440591 1.0671052427260728 0.63013447765011488 0.3856622777669661 65.27470769090182 0.1548296969685197 0.034027697576529722 -1.4112032685981826 43.361526513671429 0.98233260330775285 2.0392903620048513 0.054789943601554876 0.23798266055230924 0.28518075825271078 0.21670028712214087 24.608044460766099 0.62678568836929838 -0.88451318565428316 0.037685754379484022 -0.096495750345948025 0.048602087358685681 -0.27831625110295377 1.1028922549110554 0.25484361703560593 0.24049375278895788
decision_type=2 2 2 2 2 2 2 2 2 2 2 2 2 2 2 2 2 2 2 2 2 2 2 2 2 2 2 2 2 2
left_child=1 6 3 5 -5 -3 7 8 12 11 -11 -10 13 -1 -15 17 -17 19 -19 25 -21 22 23 -22 -25 26 27 -14 -24 -30
right_child=-2 2 -4 4 -6 -7 -8 -9 9 10 -12 -13 15 14 -16 16 -18 18 -20 20 21 -23 28 24 -26 -27 -28 -29 29 -31
leaf_value=-0.0036160052102059124 -0.0029720541355865346 -0.0034386526846157555 -0.003475997587277865 0.0010903256767917247 0.0082832960905789427 0.0043062447826378051 -0.0047857312347601962 0.0043931644270196564 0.0047388631198555234 -0.0083876178134232766 -0.0014922746528799717 -0.0017952173016965391 -0.0075829552302214623 0.006584212342825007 0.00092356824005643528 0.00025930585162270637 -0.0059222554383070577 0.0054710477334447213 -0.0011037845653481782 0.0050209224181757732 -0.0070883794987325515 -0.003995218218740406 0.0040843225908507265 0.002065639380581321 -0.0053475437238812455 0.0037718708699970857 5.8078331500434967e-05 0.00052396726794540888 -0.0031662857079539789 0.00092337359888941474
leaf_weight=20 21 22 30 21 33 20 27 20 20 24 26 25 24 34 30 21 23 30 20 22 33 79 42 34 25 51 4392 20 55 141
leaf_count=20 21 22 30 21 33 20 27 20 20 24 26 25 24 34 30 21 23 30 20 22 33 79 42 34 25 51 4392 20 55 141
internal_value=-9.62156e-13 1.16356e-05 0.00160667 0.003195 0.00548603 0.000249394 -2.67329e-05 -2.07491e-06 -1.9009e-05 -0.00200216 -0.00480204 0.00110882 1.7961e-05 0.00213393 0.00393079 -1.75021e-05 -0.00297196 8.66461e-06 0.00284111 -2.01322e-05 -0.000869939 -0.00118681 -0.000514491 -0.00323232 -0.00107554 6.14963e-05 1.88387e-05 -0.00389799 0.000536099 -0.000224235
internal_weight=5385 5364 126 96 54 42 5238 5211 5191 95 50 45 5096 84 64 5012 44 4968 50 4918 431 409 330 92 59 4487 4436 44 238 196
internal_count=5385 5364 126 96 54 42 5238 5211 5191 95 50 45 5096 84 64 5012 44 4968 50 4918 431 409 330 92 59 4487 4436 44 238 196
is_linear=0
shrinkage=0.05


Tree=105
num_leaves=31
num_cat=0
split_feature=14 14 14 3 14 0 5 3 12 6 11 11 3 6 14 6 14 1 5 5 2 3 11 12 11 3 2 13 1 6
split_gain=0.0719117 0.234065 0.176114 0.391009 0.284491 0.180197 0.229888 0.52705 0.359212 0.247303 0.286481 0.241337 0.194856 0.165649 0.140609 0.535905 0.39542 0.18714 0.332835 0.20351 0.194656 0.13906 0.155481 0.1172 0.110953 0.102181 0.356187 0.318702 0.294492 0.282635
threshold=-1.6202666333043423 -1.7798262716792377 -1.3013503589565611 -0.40700131322992417 -1.2507343092034913 -0.17366792745860113 32.411446967394092 0.20817807412549941 0.83079182417827557 0.028827628736604289 -0.13826235547419516 0.62844704841983723 -0.33959954147786253 0.02266098052154358 -0.87334804575994307 0.030408132146673445 -0.78643252034687772 -0.082480331770544577 45.929653934491 46.717441273416902 -0.03265222208165313 -0.32912436277673329 0.11034067587986278 0.26506322672766214 0.32769308911736683 -0.16911563015460837 -0.15665702966049602 1.0044851161395525 -0.0051171240732155723 0.036553036986381772
decision_type=2 2 2 2 2 2 2 2 2 2 2 2 2 2 2 2 2 2 2 2 2 2 2 2 2 2 2 2 2 2
left_child=1 -1 3 -2 -4 21 7 8 9 10 -7 -12 -8 -5 15 17 23 18 -14 -19 -21 -6 -23 -16 -15 26 28 29 -18 -28
right_child=2 -3 4 13 5 6 12 -9 -10 -11 11 -13 14 24 16 -17 25 19 -20 20 -22 22 -24 -25 -26 -27 27 -29 -30 -31
leaf_value=-0.0016337139436721126 0.0030559374988079072 0.0056598825337873266 0.0056944768177345402 -0.0080937515641562648 0.0007798736848469291 0.0056517447391524912 -0.0025718307349126084 -0.0035170177308221661 0.0093035682215399686 0.0055225239799206929 -0.0040405419115400456 0.0027202099053697153 -0.0058433599601467627 -0.0051854725339494298 -0.0017941042188216339 0.0072593649907503281 -0.0032348357917120064 0.0055297634685816978 0.0022108582111642415 -0.0031931400075554846 0.0034248297696467494 -0.0057092428127569813 -0.00084667233149370849 -0.0067104161035752416 -0.00010442520407113162 -3.2218243099136608e-05 0.0082553735261576052 -0.0011740777802725253 0.0036280269903892822 0.0012504825446133813
leaf_weight=22 25 22 22 20 28 20 74 36 21 37 33 22 29 21 22 32 54 23 23 25 20 35 31 27 22 4531 36 26 22 24
leaf_count=22 25 22 22 20 28 20 74 36 21 37 33 22 29 21 22 32 54 23 23 25 20 35 31 27 22 4531 36 26 22 24
internal_value=2.0676e-13 0.00201308 -1.65841e-05 -0.00223487 2.05774e-05 -3.28529e-06 3.6412e-05 0.00184992 0.00330263 0.00217746 0.000527222 -0.00133624 -2.52795e-05 -0.0043344 1.32257e-05 0.00151016 -3.4757e-05 -2.29587e-05 -0.00228092 0.00170372 -0.00025182 -0.0021727 -0.00342531 -0.00450309 -0.00258587 1.18972e-05 0.00124577 0.00344976 -0.00124822 0.00545342
internal_weight=5385 44 5341 88 5253 5231 5137 169 133 112 75 55 4968 63 4894 152 4742 120 52 68 45 94 66 49 43 4693 162 86 76 60
internal_count=5385 44 5341 88 5253 5231 5137 169 133 112 75 55 4968 63 4894 152 4742 120 52 68 45 94 66 49 43 4693 162 86 76 60
is_linear=0
shrinkage=0.05


Tree=106
num_leaves=31
num_cat=0
split_feature=1 4 3 1 0 7 10 4 8 5 4 3 2 0 8 2 6 4 13 6 1 1 6 1 10 2 6 13 6 6
split_gain=0.0713417 0.189327 0.359169 0.17158 0.354484 0.189412 0.48502 0.355196 0.626824 0.391577 0.517634 0.255102 0.533788 0.227255 0.202201 0.189225 0.179003 0.353547 0.305533 0.268547 0.550041 0.377316 0.344063 0.32481 0.322563 0.337775 0.484278 0.396683 0.368067 0.290688
threshold=-0.047419749206102195 0.64212017830514778 2.3962819260993498 -0.014518648232659857 0.046336755418679661 0.059318654854555716 0.12712351744540487 0.2567395944969757 -1.4559965285354501 48.90979619634718 0.29692053746438501 -0.11089077005534319 -0.061052282284327235 0.022891275480851906 -0.20660773083963163 -0.030195314447791385 0.022009125136834104 0.20280143067519157 -1.2947380168388001 0.01965735065250597 -0.0073835294589942304 -0.0012570387719419982 0.019822019244275086 0.2481676834125395 -0.76613373784895822 0.038376636214259692 0.018967616258016486 0.96776318365609815 0.018104370842269433 0.011822574511009057
decision_type=2 2 2 2 2 2 2 2 2 2 2 2 2 2 2 2 2 2 2 2 2 2 2 2 2 2 2 2 2 2
left_child=-1 2 3 4 5 6 -2 8 -7 10 -9 -10 -13 14 -14 -6 18 -18 -5 20 -20 -21 -23 24 -22 26 27 28 -26 -27
right_child=1 -3 -4 16 15 7 -8 9 11 -11 -12 12 13 -15 -16 -17 17 -19 19 21 23 22 -24 -25 25 29 -28 -29 -30 -31
leaf_value=0.00028782710166296081 -0.002399897075933861 -0.0036744736204225876 0.0064404260278457699 0.0046805501088965683 -0.0013109025619924069 0.0032769737813364841 0.0057903928998192513 0.0028571012745877461 -0.0094602848170325174 0.0044377964628594261 -0.0063232401358511523 0.0027407119132112712 -0.0069643381540663548 -0.010023022959718393 -0.0022740564563449614 0.0040933917364505447 -0.004273523393099562 -0.00023077245696330039 0.0056375545391347259 -0.0039432901285181288 -0.0033032152185852115 0.005982797824600268 0.0012156386444282501 -0.0036027655104653986 -0.0025905915159904463 0.0057111143367365004 -0.007835351851665312 0.0044047203569789421 0.003641443676315248 0.00043245150868227109
leaf_weight=1538 51 37 21 40 25 29 28 28 24 35 34 25 40 21 54 46 56 1577 40 32 74 42 383 71 154 27 27 32 28 766
leaf_count=1538 51 37 21 40 25 29 28 28 24 35 34 25 40 21 54 46 56 1577 40 32 74 42 383 71 154 27 27 32 28 766
internal_value=-2.5689e-12 -0.000115071 -8.05046e-05 -0.000116646 -0.00104491 -0.00166744 0.000502991 -0.00225869 -0.00349924 0.000209604 -0.00217728 -0.00469747 -0.00388099 -0.00532049 -0.00426992 0.00219047 5.31206e-06 -0.000369409 0.000361909 0.000258839 -0.000128686 0.00129252 0.00168675 -0.000324318 -0.000114237 0.000113988 -0.00152529 -0.000729157 -0.00163182 0.000612179
internal_weight=5385 3847 3810 3789 440 369 79 290 193 97 62 164 140 115 94 71 3349 1633 1716 1676 1219 457 425 1179 1108 1034 241 214 182 793
internal_count=5385 3847 3810 3789 440 369 79 290 193 97 62 164 140 115 94 71 3349 1633 1716 1676 1219 457 425 1179 1108 1034 241 214 182 793
is_linear=0
shrinkage=0.05


Tree=107
num_leaves=31
num_cat=0
split_feature=9 9 8 1 10 12 1 9 14 1 6 2 14 13 1 12 6 13 12 7 13 12 9 7 13 13 6 13 7 8
split_gain=0.0680508 0.123032 0.240797 0.175032 0.115732 0.266954 0.265092 0.29043 0.341379 0.244333 0.0960921 0.314319 0.331032 0.524296 0.334187 0.327967 0.274696 0.372825 0.642541 0.417355 0.406225 0.392451 0.232319 0.219066 0.290075 0.305464 0.329068 0.290519 0.242109 0.20574
threshold=3.1941319933717818 2.5526878248007505 0.24290718016575405 0.2827241316824593 1.4207461531037213 -0.739687262488955 0.095857915887160097 0.76233228040092149 -0.53028165197273991 0.19971951516149714 0.041454883759733448 1.0671052427260728 1.621160563525593 0.14653213068754681 0.030138496448759992 1.4661762691507341 0.037685754379484022 -0.37546331343285005 -0.1791776443472016 0.21892544269147673 0.63069944717595916 0.32302047524176308 1.377036824064539 0.18390711688197686 1.0762842644301338 -0.60047696995582356 0.053485465542501831 -0.24483163058227073 0.14980542169148323 0.15276888738401298
decision_type=2 2 2 2 2 2 2 2 2 2 2 2 2 2 2 2 2 2 2 2 2 2 2 2 2 2 2 2 2 2
left_child=1 4 3 -3 10 -6 7 -7 -9 -8 16 12 14 22 15 23 -1 19 20 21 -19 -18 -14 28 25 26 -25 -27 -12 -16
right_child=-2 2 -4 -5 5 6 9 8 -10 -11 11 -13 13 -15 29 -17 17 18 -20 -21 -22 -23 -24 24 -26 27 -28 -29 -30 -31
leaf_value=3.957006866887926e-05 -0.0028407214032042595 0.0076602172128678791 -0.0020122538701715796 0.001124462611041963 -0.006086760565638543 0.0056596599929034713 -0.0077356497291475538 0.0037918774626002866 -0.0035675470985006546 -0.00017921907989227256 0.00080626132324911081 -0.0045067934749218139 -0.0025995053151356327 0.010664351216771386 -0.005370831595999854 -0.0048082017316482964 -0.0094297526730224498 0.0083767959475517274 -0.0050684977261185211 0.001310992481497427 -0.00032043559316160354 -0.0012330501137868218 0.0044712322690219691 -0.0042712473430700842 -0.0041758111755674085 0.0092388112377375358 0.0033562650904059412 0.001917080642306246 0.0072157766642596795 0.00079967765645547358
leaf_weight=4592 21 21 22 20 25 25 20 26 40 23 26 26 21 22 35 20 40 25 34 24 29 23 26 31 24 20 26 42 34 22
leaf_count=4592 21 21 22 20 25 25 20 26 40 23 26 26 21 22 35 20 40 25 34 24 29 23 26 31 24 20 26 42 34 22
internal_value=-3.42754e-12 1.11214e-05 0.00220769 0.00447204 -1.49838e-05 -0.00134356 -0.000458631 0.00107009 -0.00066838 -0.00369384 2.60981e-05 0.000796744 0.00119185 0.00429389 0.000427419 0.00130073 -3.45253e-05 -0.00197879 0.00031589 -0.00429984 0.00370606 -0.00643731 0.00131197 0.0019026 0.00083866 0.00184998 -0.000792031 0.00427893 0.00443832 -0.00298923
internal_weight=5385 5364 63 41 5301 159 134 91 66 43 5142 375 349 69 280 223 4767 175 88 87 54 63 47 203 143 119 57 62 60 57
internal_count=5385 5364 63 41 5301 159 134 91 66 43 5142 375 349 69 280 223 4767 175 88 87 54 63 47 203 143 119 57 62 60 57
is_linear=0
shrinkage=0.05


Tree=108
num_leaves=31
num_cat=0
split_feature=2 7 2 2 9 1 6 13 8 3 10 0 2 3 6 3 6 2 8 10 3 2 3 10 2 7 0 4 7 0
split_gain=0.0685963 0.12474 0.0971275 0.454924 0.177317 0.16435 0.351269 0.389877 0.378917 0.140256 0.27808 0.255857 0.22037 0.219169 0.379411 0.253402 0.404636 0.241456 0.319133 0.232673 0.182882 0.581616 0.520239 0.199826 0.182373 0.180577 0.164919 0.132522 0.16874 0.445159
threshold=-0.49817649926425994 0.47367579540529897 0.88626148036357477 1.0671052427260728 2.2130170572706911 0.3856622777669661 0.033831806535276433 0.32872314938492075 0.19696631502328113 0.99926150325431085 -0.46479482749747231 0.23798266055230924 0.35713409057201245 0.75170169531297326 0.029502214846286488 0.6681018909855192 0.020736041460190022 0.45378242161147214 0.11874466199079377 -0.23268183655238633 0.59375621918934007 0.17854776389922902 0.63388735003279484 0.084051653946982843 0.53692848641797264 0.17972346125189245 0.048711966262732671 0.64212017830514778 0.1996004029143835 -0.10680543673353947
decision_type=2 2 2 2 2 2 2 2 2 2 2 2 2 2 2 2 2 2 2 2 2 2 2 2 2 2 2 2 2 2
left_child=-1 2 5 -4 -5 9 7 -7 -8 11 -11 13 -12 15 17 20 -17 18 -15 -18 27 -22 26 -24 25 -16 -23 28 -2 -30
right_child=1 -3 3 4 -6 6 8 -9 -10 10 12 -13 -14 14 24 16 19 -19 -20 -21 21 22 23 -25 -26 -27 -28 -29 29 -31
leaf_value=0.0027862488715486092 4.9417020964549884e-05 -0.0029045682387879575 0.0082492616632953292 -0.0039046869410768801 0.0018895656276013582 0.00434940190273611 -0.0014006256323420641 -0.0033399807114619763 -0.0098720205990089627 0.0017417637718608603 -0.0070095835501948998 0.0039943346623104161 -0.00065338622964918611 0.0045295502159845187 0.0096912922327528194 0.0034169798689184802 -0.0014770832526582209 -0.0046062864869347081 -0.0020829428006739668 -0.0072895291754523197 0.0073783231539917837 0.0053671019024808305 -0.0073790981949296902 -0.00063306767981322043 0.00087223667302168914 0.0032784011525412403 -0.00038691924186423426 0.0036713328600550691 0.00097723965822542835 -0.0021554837825111316
leaf_weight=22 4119 37 20 23 31 34 33 32 22 32 30 41 25 37 23 21 33 23 36 36 35 33 23 21 20 21 20 24 185 293
leaf_count=22 4119 37 20 23 31 34 33 32 22 32 30 41 25 37 23 21 33 23 36 36 35 33 23 21 20 21 20 24 185 293
internal_value=-3.24108e-12 -1.14297e-05 8.66908e-06 0.00180749 -0.000578357 -1.6676e-05 -0.00183806 0.000621216 -0.00478918 2.6276e-05 -0.0019642 6.06083e-05 -0.0041204 2.83711e-05 0.00184909 -3.17806e-05 -0.00266011 -0.000138929 0.00126859 -0.00450966 1.7988e-05 0.00185306 -0.000140595 -0.0041594 0.00483111 0.00663059 0.00319577 -3.44312e-05 -5.37783e-05 -0.000943028
internal_weight=5385 5363 5326 74 54 5252 121 66 55 5131 87 5044 55 5003 160 4843 90 96 73 69 4753 132 97 44 64 44 53 4621 4597 478
internal_count=5385 5363 5326 74 54 5252 121 66 55 5131 87 5044 55 5003 160 4843 90 96 73 69 4753 132 97 44 64 44 53 4621 4597 478
is_linear=0
shrinkage=0.05


Tree=109
num_leaves=31
num_cat=0
split_feature=11 0 9 7 13 2 6 5 4 1 4 4 11 11 4 13 13 0 5 5 13 5 14 0 0 9 14 1 12 12
split_gain=0.0723361 0.308023 0.285867 0.442768 0.28155 0.254709 0.223846 0.427126 0.318744 0.15631 0.173412 0.250064 0.140161 0.365824 0.299241 0.209607 0.642533 0.271087 0.311687 0.258762 0.288527 0.29162 0.242636 0.526579 0.585612 0.383125 0.346828 0.340911 0.218135 0.290045
threshold=1.5269215890232772 0.17915313189024942 0.8010635192134582 0.0652452189020334 -1.0912436185000909 -0.057647566268300636 0.020455878055868324 61.784449251438311 0.22385122024296414 0.099368676405649739 0.26436416571624294 0.3176264553779265 0.71345322266431022 0.60600295751954503 0.16607759800285801 0.51016897639378322 0.6240518565684412 0.18581863287644432 73.405544017099473 41.197142628632143 0.95426334509023636 55.604817281157288 1.4703677522088776 0.11148407659757066 0.078593857378565737 1.0615792303629334 1.1772804350955648 -0.013069738543531105 0.17239263205157154 -0.12858422767744584
decision_type=2 2 2 2 2 2 2 2 2 2 2 2 2 2 2 2 2 2 2 2 2 2 2 2 2 2 2 2 2 2
left_child=12 2 4 -4 5 -2 -5 8 -8 10 -10 -12 13 -1 -15 17 -17 18 22 -18 21 -21 23 24 26 -26 28 -24 29 -14
right_child=1 -3 3 6 -6 -7 7 -9 9 -11 11 -13 15 14 -16 16 19 -19 -20 20 -22 -23 27 -25 25 -27 -28 -29 -30 -31
leaf_value=3.2841019068335567e-05 0.0030607390345539897 0.0046291471873410048 0.0035448439836758996 0.00083499897737056023 0.003875917277640683 -0.0040503312628168394 -0.0076076413110758249 -0.0097244200726541198 -0.006073774573936438 0.0018574717592585973 0.0028941121033352357 -0.0043299593427218496 0.0014663132431836715 -0.0065873251344460331 -0.0013078464508871547 -0.0075563847492899627 0.0047224883372629332 -0.0041462547306974342 0.0058002464593190587 -0.0012861472256004047 -0.0044376707170158628 0.0059133136623793032 -0.0057305959768460266 0.0081953613751533424 -0.0085486356262117619 0.00073592811124399303 0.0064074006753371054 0.00017907185267894852 0.0022798033684850215 -0.002119616934926146
leaf_weight=3810 20 25 29 30 47 34 26 26 24 27 23 25 151 31 200 31 28 26 33 39 34 22 28 27 25 20 34 190 230 90
leaf_count=3810 20 25 29 30 47 34 26 26 24 27 23 25 151 31 200 31 28 26 33 39 34 22 28 27 25 20 34 190 230 90
internal_value=-1.55719e-12 -0.000710375 -0.0011396 -0.00219089 0.00104625 -0.0014166 -0.00310987 -0.00389362 -0.00268082 -0.0013869 -0.00260354 -0.000868425 4.72739e-05 -8.4299e-05 -0.00201635 0.00057474 -0.00112316 0.000880918 0.00103878 0.000498228 -0.000746817 0.00131038 0.00084113 0.00137804 0.00104338 -0.00442216 0.0015304 -0.000579968 0.00117835 0.000127169
internal_weight=5385 336 311 210 101 54 181 151 125 99 72 48 5049 4041 231 1008 154 854 828 123 95 61 795 577 550 45 505 218 471 241
internal_count=5385 336 311 210 101 54 181 151 125 99 72 48 5049 4041 231 1008 154 854 828 123 95 61 795 577 550 45 505 218 471 241
is_linear=0
shrinkage=0.05


Tree=110
num_leaves=31
num_cat=0
split_feature=11 9 14 8 14 9 8 0 8 14 11 13 12 1 10 3 1 3 14 3 12 11 8 11 7 8 0 14 14 13
split_gain=0.0718296 0.321382 0.24547 0.636184 0.309443 0.47292 0.565661 0.304015 0.277627 0.346307 0.254034 0.450748 0.304475 0.243894 0.450972 0.28914 0.465977 0.371279 0.267037 0.283823 0.298845 0.243428 0.431294 0.409146 0.340372 0.282057 0.279492 0.338987 0.409737 0.333612
threshold=-0.065265438735305381 0.032540427306703312 2.5570055772591131 0.15906974338321136 2.2299625111396195 1.3132082132904987 -0.31528277573897839 0.098994946424668454 -0.075080154121304102 4.6481031230115821 -0.26492881554794767 1.4281406969897932 1.0383104456448471 -0.11111670929548688 0.16617410514889622 0.24010401358608938 0.15219704797579073 0.30210155780062692 0.95421097633906005 -0.10642563195390091 0.15006400711387485 0.40759016460195152 -1.5129708288116304 0.37767294495211456 0.21892544269147673 -0.059106788105975243 -0.0072319148008312397 3.0702493598394374 4.4220459731771706 0.92707115159465137
decision_type=2 2 2 2 2 2 2 2 2 2 2 2 2 2 2 2 2 2 2 2 2 2 2 2 2 2 2 2 2 2
left_child=1 -1 4 8 10 6 -6 -5 9 -4 -3 12 13 14 -12 16 18 -17 19 -15 -21 23 24 26 -23 -25 29 -28 -29 -2
right_child=21 2 3 7 5 -7 -8 -9 -10 -11 11 -13 -14 15 -16 17 -18 -19 -20 20 -22 22 -24 25 -26 -27 27 28 -30 -31
leaf_value=-0.0052814299946710953 -0.00085128945260131794 0.00015870937666303365 0.0037579031042380101 -0.0047270547861800252 0.0047020928451308504 -0.0087278614096619467 -0.0046643300214782362 0.00099076934931601628 0.0080489512188015155 -0.0032251856670799579 -0.0018505820523827309 0.0048059871761481571 -0.0069904817827045919 -0.0072320465058568987 0.007779592396691442 0.0044941887259483341 0.0025306287888638879 -0.0020077531836486069 -0.0080980223803115755 -0.0044196408055722711 -1.9599974891820618e-05 -0.0038553708899281593 3.058997793609256e-05 0.0083693045914904878 0.0014237993024289609 0.0016365059930831195 0.0015359366486644688 -0.004469185655202287 0.003670836017805745 0.003670054296445516
leaf_weight=31 437 1296 92 46 27 27 40 47 27 22 31 29 25 31 20 37 37 54 28 70 86 129 1889 28 40 35 605 52 22 45
leaf_count=31 437 1296 92 46 27 27 40 47 27 22 31 29 25 31 20 37 37 54 28 70 86 129 1889 28 40 35 605 52 22 45
internal_value=5.93664e-12 -0.000228128 -0.000152524 0.00137272 -0.000346706 -0.00314116 -0.000889801 -0.0018374 0.00349003 0.00241029 -0.000196087 -0.00122246 -0.00163971 -0.00130019 0.00192596 -0.00177988 -0.00265224 0.000635894 -0.00354418 -0.00286232 -0.00199398 0.000146177 -0.000185912 0.000704542 -0.00260586 0.00462886 0.000491595 0.00114522 -0.00204918 -0.000429172
internal_weight=5385 2103 2072 234 1838 94 67 93 141 114 1744 448 419 394 51 343 252 91 215 187 156 3282 2058 1224 169 63 1161 679 74 482
internal_count=5385 2103 2072 234 1838 94 67 93 141 114 1744 448 419 394 51 343 252 91 215 187 156 3282 2058 1224 169 63 1161 679 74 482
is_linear=0
shrinkage=0.05


Tree=111
num_leaves=31
num_cat=0
split_feature=7 5 9 12 0 4 4 4 5 8 12 2 12 8 9 3 9 4 11 11 2 2 2 3 8 12 10 7 11 10
split_gain=0.0700067 0.269099 0.250683 0.249723 0.245458 0.409288 0.220233 0.524895 0.472874 0.356111 0.479191 0.565779 0.428054 0.377727 0.373807 0.316707 0.534324 0.533549 0.572015 0.298143 0.296412 0.461597 0.459337 0.429627 0.294418 0.266898 0.266661 0.253626 0.644713 0.361256
threshold=0.091375758556354006 71.883069766354325 1.7616545439659861 0.17893452232430596 -0.062671219110263118 0.18169269064332441 0.20504450872913302 0.19408735700848942 60.082174038913728 0.015805225651243791 0.79235529760429746 -0.18245386232118274 0.12150122865341585 -1.8505234243022299 0.69312230715561751 0.20556606980305439 0.85637466327980005 0.23891373053310686 0.49697553750225854 1.4745988036916102 0.067608664863410897 0.13107710939164599 0.02488601625140752 0.11181371862110524 0.29359354408380195 -0.14260608840226355 -0.40265410238558746 0.080574609633956559 0.19501191499510998 0.20964965230661312
decision_type=2 2 2 2 2 2 2 2 2 2 2 2 2 2 2 2 2 2 2 2 2 2 2 2 2 2 2 2 2 2
left_child=1 2 4 -4 5 -1 7 19 25 13 11 -11 15 -8 -14 17 -17 18 -13 27 22 -22 23 -15 -16 -9 -18 29 -29 -6
right_child=-2 -3 3 -5 6 -7 9 8 -10 10 -12 12 14 20 24 16 26 -19 -20 -21 21 -23 -24 -25 -26 -27 -28 28 -30 -31
leaf_value=0.0021974315806613143 0.00013648754527730039 -0.0042463094913173559 -0.0065317064306388301 0.00068116962211206555 -9.4355804951093804e-05 -0.005077535640006757 -0.0033101574362566079 0.0012647003990908464 -0.0097927260254933087 0.0085138742718845611 -0.0052072423721917652 0.0095932049271853087 0.0065987234083669521 0.0011670607377966054 -0.0048338013316970322 -0.0095976926120264205 -0.0048133362751369459 -0.0037819642732601342 -0.0018204971948372469 -0.0054168760854129997 -0.0052399724643692027 0.0022982881646440192 0.010789227599035139 0.0088170885341241952 0.0030518205756128861 -0.0034098350520760409 0.0028076600021449852 -0.0053070274568521062 0.0020127021092256263 0.0022213585537088957
leaf_weight=29 3423 41 30 20 629 58 30 45 22 20 44 23 35 78 20 28 22 41 21 24 24 132 23 24 29 95 24 65 56 230
leaf_count=29 3423 41 30 20 629 58 30 45 22 20 44 23 35 78 20 28 22 41 21 24 24 132 23 24 29 95 24 65 56 230
internal_value=-2.89819e-12 -0.000238123 -0.000152576 -0.00364656 -5.92038e-05 -0.00265255 6.72652e-05 -0.000337179 -0.00297817 0.000830343 -0.000377692 0.000430294 -0.000235021 0.00202284 0.00265217 -0.00176033 -0.00415196 0.000321797 0.00414576 8.89563e-05 0.0025922 0.00113856 0.00440634 0.00296707 -0.000166801 -0.00190731 -0.000837164 0.000223793 -0.00191938 0.000525684
internal_weight=5385 1962 1921 50 1871 87 1784 1166 162 618 307 263 243 311 84 159 74 85 44 1004 281 156 125 102 49 140 46 980 121 859
internal_count=5385 1962 1921 50 1871 87 1784 1166 162 618 307 263 243 311 84 159 74 85 44 1004 281 156 125 102 49 140 46 980 121 859
is_linear=0
shrinkage=0.05


Tree=112
num_leaves=31
num_cat=0
split_feature=12 6 10 10 5 13 10 7 4 5 13 13 9 6 14 7 7 10 7 13 12 7 8 2 14 8 8 13 4 4
split_gain=0.0703861 0.0808554 0.0987789 0.2209 0.326233 0.289836 0.107899 0.288329 0.423108 0.280281 0.236483 0.250632 0.245557 0.206307 0.24123 0.265999 0.28775 0.282088 0.548604 0.533657 0.419603 0.328179 0.259536 0.260101 0.226029 0.205282 0.278193 0.308162 0.192921 0.300122
threshold=2.460419036470459 0.073321599255601513 -1.4112032685981826 -1.7273025358401359 42.613019369509203 -0.32369621829620426 -0.65600776405159522 0.27883400139063469 0.46726782205286016 62.305146132546902 1.2748335076451183 0.78669956989513812 0.5180201044338254 0.017830503329361199 -0.50812725969661265 0.13714311054535575 0.1253355371402525 -0.77821638895357004 0.090464604100864862 0.071231682774000563 -0.4292639774076627 0.085938029147872616 -0.89870847791344732 0.27010241191044942 1.1197621162400293 1.550258585171991 -0.084110206224710146 -0.1486969813171384 0.29467105175282454 0.23168101929004423
decision_type=2 2 2 2 2 2 2 2 2 2 2 2 2 2 2 2 2 2 2 2 2 2 2 2 2 2 2 2 2 2
left_child=1 2 3 4 -1 -6 7 9 -9 10 11 12 -4 -14 28 16 17 18 20 21 -16 -19 -17 -24 -20 26 -11 -28 29 -15
right_child=-2 -3 6 -5 5 -7 -8 8 -10 25 -12 -13 13 14 15 22 -18 19 24 -21 -22 -23 23 -25 -26 -27 27 -29 -30 -31
leaf_value=-0.0055075502333541719 0.0028890529381377355 -0.0031845180690288546 0.0037583247813231802 0.0042921686068523764 0.0052214141810933753 -0.0016725611662672412 6.1372061956564033e-05 0.0069383758450082197 -0.0015312090564262252 0.0012851796112954617 0.0042498995836537613 -0.0046635524069036675 -0.0035816640423979823 -0.0048996101810850883 -0.0056255541013420698 -0.0012091124824319896 -0.0057900903262197972 -0.00072571625378692437 0.0077899597990777232 0.0041778817959129818 0.0015125007758961147 -0.0089330397963780783 0.0019508375083806659 0.0081245754340973989 0.0015924312648296888 0.0015598674863576889 -0.0077761130583263484 -0.0014063137358114606 -0.0059699781922002634 0.0033593032932416958
leaf_weight=21 21 20 34 43 30 31 4456 30 29 20 26 36 53 22 35 39 25 21 31 20 50 29 59 24 28 20 49 31 30 22
leaf_count=21 21 20 34 43 30 31 4456 30 29 20 26 36 53 22 35 39 25 21 31 20 50 29 59 24 28 20 49 31 30 22
internal_value=3.48873e-12 -1.13106e-05 5.6517e-07 0.00138958 -0.000132506 0.00171792 -3.27031e-05 -0.000582112 0.00277536 -0.000863491 -0.000411256 -0.000628442 -0.000350159 -0.000636405 -0.000277558 0.000255536 -0.000714165 -0.000121183 0.0011445 -0.00272487 -0.0014267 -0.00548596 0.0021552 0.00373601 0.00484876 -0.00306437 -0.00398922 -0.00530782 -0.00287819 -0.000770153
internal_weight=5385 5364 5344 125 82 61 5219 763 59 704 584 558 522 488 435 361 239 214 144 70 85 50 122 83 59 120 100 80 74 44
internal_count=5385 5364 5344 125 82 61 5219 763 59 704 584 558 522 488 435 361 239 214 144 70 85 50 122 83 59 120 100 80 74 44
is_linear=0
shrinkage=0.05


Tree=113
num_leaves=31
num_cat=0
split_feature=14 14 14 4 9 14 9 3 8 9 14 7 12 1 2 6 4 7 14 9 10 7 9 2 12 2 14 3 4 10
split_gain=0.0668688 0.209084 0.146761 0.380592 0.435841 0.247757 0.226224 0.125273 0.492386 0.547657 0.235539 0.217873 0.196639 0.110353 0.299144 0.309337 0.399263 0.451689 0.287731 0.551703 0.396829 0.302103 0.260301 0.234575 0.26614 0.261759 0.194612 0.515937 0.425202 0.214685
threshold=-1.6202666333043423 -1.7798262716792377 -1.3013503589565611 0.24005122570047024 0.60502875657969213 -1.2507343092034913 0.91473110970389715 -0.30734469502310235 -0.82220666470038217 1.552245382533513 -0.9915252897493142 0.17638779958695219 -0.61513209937797231 -0.12361532388608641 -0.19346090360576843 0.02762306432531304 0.42449553535879808 0.19267557485540152 0.87077160503788364 1.2805235332246487 -0.77821638895357004 0.15147427464940774 1.1847100733220572 -0.20135286892962714 -1.0091396801988852 -0.24668854290320633 -1.0394665389877442 -0.23110206197942737 0.31966721436690831 0.52167990467040359
decision_type=2 2 2 2 2 2 2 2 2 2 2 2 2 2 2 2 2 2 2 2 2 2 2 2 2 2 2 2 2 2
left_child=1 -1 3 6 -5 -4 -2 8 -7 10 11 -10 -12 14 15 -9 17 22 20 -20 -16 -22 -17 24 -15 -26 -25 28 -28 -29
right_child=2 -3 5 4 -6 7 -8 13 9 -11 12 -13 -14 23 18 16 -18 -19 19 -21 21 -23 -24 26 25 -27 27 29 -30 -31
leaf_value=-0.001505492191856981 -0.0086020264270094526 0.0053879229732873768 0.0053128625562583864 0.0062235131084559143 -0.0037291090766137301 -0.0081677209464428215 -0.001401819388847798 0.00271251620277046 -0.0030643917107954621 0.006397143051028252 -0.0012149105705320836 0.0040711527933245117 -0.0075510947984488057 -0.0026882011321417635 -0.0035285666155436173 -0.0042848109328015539 0.0036167735593732107 -0.0078844919643597678 0.0033496865957903751 -0.0067650297523609224 0.001279470840858392 0.0045568248288611231 0.0027245268261489961 -0.0036137891396020466 1.8452216059930864e-05 0.0058663188684731724 0.010175375261513348 2.2041940003720273e-05 0.00095724925270368314 -0.00096221273896762239
leaf_weight=22 24 22 22 22 22 23 20 39 20 25 25 23 24 21 29 27 22 40 26 28 174 118 26 39 31 50 22 3719 29 651
leaf_count=22 24 22 22 22 22 23 20 39 20 25 25 23 24 21 29 27 22 40 26 28 174 118 26 39 31 50 22 3719 29 651
internal_value=-6.89088e-14 0.00194122 -1.5992e-05 -0.002041 0.0012472 1.79316e-05 -0.00532921 -4.33728e-06 -0.00147985 -0.000165143 -0.00194837 0.000752295 -0.00431835 3.62387e-05 0.000719851 -0.00113555 -0.00244055 -0.00387346 0.0014818 -0.00189498 0.00204986 0.00260388 -0.000846268 -4.30316e-05 0.0023278 0.00362825 -9.72524e-05 -6.62312e-05 0.0049337 -0.000124583
internal_weight=5385 44 5341 88 44 5253 44 5231 140 117 92 43 49 5091 529 154 115 93 375 54 321 292 53 4562 102 81 4460 4421 51 4370
internal_count=5385 44 5341 88 44 5253 44 5231 140 117 92 43 49 5091 529 154 115 93 375 54 321 292 53 4562 102 81 4460 4421 51 4370
is_linear=0
shrinkage=0.05


Tree=114
num_leaves=31
num_cat=0
split_feature=8 4 7 1 5 9 8 8 3 3 5 14 1 3 1 5 5 5 10 8 13 13 8 1 10 7 10 1 2 1
split_gain=0.067753 0.318349 0.270922 0.313705 0.276491 0.224249 0.208622 0.28935 0.207839 0.392986 0.33577 0.405597 0.276874 0.293643 0.298898 0.297474 0.280639 0.252172 0.423238 0.242026 0.236835 0.214227 0.203679 0.201331 0.196787 0.183431 0.178755 0.177655 0.229795 0.169551
threshold=1.947342004994961 0.19798743254012063 0.13846977675475106 0.069319890445792468 76.955245729652404 0.84847882575803679 0.7168533012247259 0.76907586862112298 0.29050109745087443 0.44324272009618099 66.2262653050892 1.1061248767893614 0.095857915887160097 0.2376520755205174 -0.020468912956327075 57.211042025409427 53.114941415503743 58.127504237701181 -0.15757594429371138 1.1777252162739444 -0.036248835788548435 0.088017944905391041 0.70004884665010259 0.012840692830972224 0.2756275995615623 0.10326917565929337 -0.20602821219411357 0.030138496448759992 0.0084638416052192928 0.19659561193232769
decision_type=2 2 2 2 2 2 2 2 2 2 2 2 2 2 2 2 2 2 2 2 2 2 2 2 2 2 2 2 2 2
left_child=6 5 -3 23 -5 -2 22 25 10 20 12 19 13 14 15 16 21 -11 -19 -12 -10 26 29 -4 -20 -8 -9 28 -16 -1
right_child=1 2 3 4 -6 -7 7 8 9 17 11 -13 -14 -15 27 -17 -18 18 24 -21 -22 -23 -24 -25 -26 -27 -28 -29 -30 -31
leaf_value=-0.00018700315129867645 0.0063806886598467829 -0.0034240800484050329 0.00063994182120402773 -0.003201585819296466 0.0023312412535546924 6.0537011086125859e-05 0.00013000170700252055 0.0071620760485529905 -0.0065459160347070017 0.0059322503014382997 0.0026247306458222178 -0.0024474908619941701 -0.0038903672631610841 0.0054789492965585766 -0.0075736586897013087 0.0064316726856094852 -0.0030255312326913464 0.0040671530671210756 -0.0059380522601444417 0.0082316287903507288 -0.0011607280110332127 -0.00029610956242928903 -0.004991888330273685 0.0061697290418669583 0.0003556674384921992 0.0059259868573484035 0.0017182116366089566 0.00042912321977126293 -0.00065455678462361297 0.00069962664790367663
leaf_weight=3639 25 98 93 102 29 32 20 25 35 22 39 21 34 31 24 26 39 36 27 38 49 60 21 20 23 43 38 39 24 633
leaf_count=3639 25 98 93 102 29 32 20 25 35 22 39 21 34 31 24 26 39 36 27 38 49 60 21 20 23 43 38 39 24 633
internal_value=9.3493e-13 -0.000626947 -0.00120353 -0.000311666 -0.00197676 0.00283253 5.01709e-05 0.000855155 0.000532071 -0.000839598 0.00113335 0.00371193 0.000390114 0.000865723 0.000345686 0.00146705 0.000670257 0.00115537 -6.66227e-05 0.00539177 -0.00340456 0.00184209 -7.97742e-05 0.00161867 -0.00304294 0.00408599 0.00387848 -0.00207749 -0.00411411 -5.56275e-05
internal_weight=5385 399 342 244 131 57 4986 693 630 192 438 98 340 306 275 188 162 108 86 77 84 123 4293 113 50 63 63 87 48 4272
internal_count=5385 399 342 244 131 57 4986 693 630 192 438 98 340 306 275 188 162 108 86 77 84 123 4293 113 50 63 63 87 48 4272
is_linear=0
shrinkage=0.05


Tree=115
num_leaves=31
num_cat=0
split_feature=12 12 11 5 13 11 0 4 11 12 5 2 5 7 14 4 11 13 0 5 5 5 13 5 12 5 11 11 8 5
split_gain=0.0685665 0.10958 0.389159 0.310988 0.133076 0.123533 0.193588 0.28236 0.281703 0.258364 0.243911 0.222946 0.342683 0.398373 0.293267 0.290189 0.0965659 0.259497 0.685932 0.328483 0.312482 0.37072 0.468616 0.282287 0.281142 0.274232 0.257179 0.460911 0.375069 0.262576
threshold=-3.0624098081889826 -1.9891225161687138 0.15934485984699617 53.248944072777142 -0.14085732609638849 1.5269215890232772 0.16350174606030246 0.40507779608335887 1.5972471537231654 -0.63443036376554163 53.612053807485971 0.079665817786093066 40.845241342680957 0.13183629431612578 1.0122721937449506 0.26436416571624294 0.78381478601015886 -1.247224765198131 0.082184552152483895 41.929966159241197 64.641368088814644 37.666958933642377 -1.1151408975233343 62.620758884653362 0.75851138733215684 66.914814621550519 0.40759016460195152 0.37767294495211456 -1.3714002302823698 49.830707579503432
decision_type=2 2 2 2 2 2 2 2 2 2 2 2 2 2 2 2 2 2 2 2 2 2 2 2 2 2 2 2 2 2
left_child=-1 2 4 -4 -2 16 7 8 -7 10 -10 12 -11 15 -13 -14 26 18 19 -18 21 -19 -23 -24 25 -22 27 -3 -28 -30
right_child=1 5 3 -5 -6 6 -8 -9 9 11 -12 14 13 -15 -16 -17 17 20 -20 -21 24 22 23 -25 -26 -27 28 -29 29 -31
leaf_value=-0.0027856444738889961 -0.0052037131227552899 5.44622076837166e-05 0.0071741868622068848 0.00046000413678805622 0.00049512664831819994 -0.0048806098902499997 0.0033077710890211166 -0.0068085501309145579 -0.006001923877192894 0.0046210557640403169 0.0010368602257221939 0.0063088188611083867 -0.0033567972204262583 -0.0081214890603653403 -9.5579344540452349e-05 0.004258471594618062 -0.0047314698674849106 0.0036682736805329721 -0.0085087259117114771 0.0025837399212545473 0.0073600590322166681 0.0069029469184739428 -0.00015134763543610461 -0.0060688634768926676 0.0083485149113195281 0.00090631446782349346 -0.0041709444207795477 0.0043731146689785262 0.0008337953307275942 -0.0011550733320137964
leaf_weight=22 20 3195 35 34 21 38 24 22 32 22 20 33 29 22 39 22 21 75 28 57 20 23 500 21 21 93 77 63 246 510
leaf_count=22 20 3195 35 34 21 38 24 22 32 22 20 33 29 22 39 22 21 75 28 57 20 23 500 21 21 93 77 63 246 510
internal_value=8.16704e-13 1.14272e-05 0.00157327 0.00386575 -0.0022848 -2.12785e-05 -0.00100131 -0.00137198 -0.000906593 -0.000217037 -0.0032947 0.000741276 -0.000849161 -0.00249772 0.00283977 -7.17793e-05 3.87111e-05 0.000520656 -0.00179559 0.00061426 0.000846714 0.000372808 -8.15297e-05 -0.000389866 0.00303587 0.00204857 -6.24844e-05 0.000137972 -0.000846502 -0.000507902
internal_weight=5385 5363 110 69 41 5253 303 279 257 219 52 167 95 73 72 51 4950 859 106 78 753 619 544 521 134 113 4091 3258 833 756
internal_count=5385 5363 110 69 41 5253 303 279 257 219 52 167 95 73 72 51 4950 859 106 78 753 619 544 521 134 113 4091 3258 833 756
is_linear=0
shrinkage=0.05


Tree=116
num_leaves=31
num_cat=0
split_feature=11 14 5 8 8 5 13 14 2 2 8 11 13 5 5 1 5 8 1 13 7 8 11 11 14 11 3 14 13 4
split_gain=0.0653893 0.244201 0.643029 0.375736 0.438559 0.357357 0.307868 0.259098 0.401754 0.424958 0.277924 0.210289 0.406444 0.257404 0.512923 0.391438 0.336847 0.300588 0.336733 0.42741 0.256429 0.241601 0.215398 0.207769 0.451089 0.269795 0.238792 0.222132 0.205018 0.485255
threshold=-0.065265438735305381 2.5570055772591131 44.522901985955492 0.16457132928928589 -0.15915299049391315 73.733748229043456 0.088017944905391041 2.2299625111396195 0.36250090033446575 0.21406282568818505 -0.17511672018693167 -0.26492881554794767 1.4281406969897932 64.942610416592473 49.51819687013262 0.17387159324932547 45.842948569478487 0.14526784894218772 -0.10915069826763678 0.34474562577170881 0.082691939948492124 -0.031877995118078671 -0.17434564769125857 -0.034591485959648331 0.28270946424094684 -0.023049962899004042 0.26366254647690962 -1.6202666333043423 0.15811152902653083 0.22385122024296414
decision_type=2 2 2 2 2 2 2 2 2 2 2 2 2 2 2 2 2 2 2 2 2 2 2 2 2 2 2 2 2 2
left_child=1 7 -3 4 6 -5 -4 11 9 10 -9 28 13 14 16 21 17 18 -13 -20 -21 -16 -18 24 -2 -25 -26 -27 29 -1
right_child=23 2 3 5 -6 -7 -8 8 -10 -11 -12 12 -14 -15 15 -17 22 -19 19 20 -22 -23 -24 25 26 27 -28 -29 -30 -31
leaf_value=0.0041111720017598654 -0.0016367547841380455 0.0094414950221438296 -0.0040568119870370315 -0.0038418338546762246 0.0062682569651356483 0.0032686465701165924 0.0024681462566756335 0.00035236895729956979 -0.0087096667646066016 0.0044821478223995024 -0.007283455015231784 0.0035201320511155897 0.0045277787982646762 0.0012807695905035926 -0.0081277777712481722 0.0012192460608535581 0.0063498291867570243 -0.0072514752624556426 -0.0061352459457702938 0.0039975063975102136 -0.0029694394944235684 -0.0037266534522929218 -0.00045854078295330214 -0.0055736795943673884 0.0088774736970663078 0.0047149411008621644 0.001768472993613354 7.435510877284467e-05 -0.00036566463177718713 2.1983528275957412e-05
leaf_weight=95 36 22 29 67 44 24 48 22 23 23 26 35 29 66 48 28 26 20 40 28 25 89 21 21 27 26 21 3151 918 307
leaf_count=95 36 22 29 67 44 24 48 22 23 23 26 35 29 66 48 28 26 20 40 28 25 89 21 21 27 26 21 3151 918 307
internal_value=-6.08613e-12 -0.000217661 0.00130506 0.000460714 0.00228617 -0.00196654 1.06945e-05 -0.000408307 -0.0029665 -0.00110603 -0.0037837 -0.000272831 -0.00119979 -0.0015897 -0.00211595 -0.00416768 -0.000379868 -0.00155095 -0.000660242 -0.0022335 0.000711211 -0.00526865 0.00330779 0.00013947 0.00259413 7.4995e-05 0.00576729 0.000112333 4.66895e-05 0.000988334
internal_weight=5385 2103 234 212 121 91 77 1869 94 71 48 1775 455 426 360 165 195 148 128 93 53 137 47 3282 84 3198 48 3177 1320 402
internal_count=5385 2103 234 212 121 91 77 1869 94 71 48 1775 455 426 360 165 195 148 128 93 53 137 47 3282 84 3198 48 3177 1320 402
is_linear=0
shrinkage=0.05


Tree=117
num_leaves=31
num_cat=0
split_feature=12 12 7 5 0 9 9 7 5 0 13 10 0 10 9 9 7 9 3 2 11 2 2 5 12 9 4 0 5 12
split_gain=0.0666442 0.0756768 0.381084 0.361443 0.303225 0.29638 0.407137 0.280343 0.272075 0.52197 0.53012 0.324551 0.295809 0.292647 0.275725 0.297896 0.2612 0.34623 0.239691 0.313522 0.278974 0.231193 0.221102 0.23553 0.273844 0.351337 0.230228 0.202877 0.189988 0.175244
threshold=2.460419036470459 0.71100182592985017 0.19588275574142444 31.917461176401869 0.14571647238779475 0.25575175984984405 0.37259955967946473 0.20796435071780892 52.958707915461282 0.012340416157566316 1.0587829048163109 0.051541863942375955 0.028704449320998474 0.13899323349505524 0.72708691205991316 1.1085319472045299 0.22973901237951114 1.5041451963111248 0.28295655579930395 0.14737140626974124 0.12202713317651197 0.21813262129848712 -0.44163151895948077 26.078018204724682 0.61959068769704329 1.6192528448031902 0.27160881983393137 -0.10470833794097743 29.017105785451935 0.64489210441390687
decision_type=2 2 2 2 2 2 2 2 2 2 2 2 2 2 2 2 2 2 2 2 2 2 2 2 2 2 2 2 2 2
left_child=1 22 3 -3 5 -5 -7 -4 12 11 13 -10 21 14 -11 -16 -9 27 19 20 -15 -8 -1 -24 28 26 29 -18 -25 -26
right_child=-2 2 7 4 -6 6 8 16 9 10 -12 -13 -14 18 15 -17 17 -19 -20 -21 -22 -23 23 24 25 -27 -28 -29 -30 -31
leaf_value=0.004669748676510958 0.0028112083407385007 0.0054710817707959436 -0.007813711672982511 -0.0056374496708695709 0.0056984989797153199 0.0060642328895628463 -0.00047752449323227425 0.0020313820899313978 -0.0099297597001378364 -0.0011951057609015457 -0.0060277036391198635 -0.0024602227943074525 0.0044529000674152662 0.0018938002398326285 0.0070701550429639153 0.00037862164939850057 -0.0017949770337768963 0.0018479648469523951 -0.0044440100307110699 0.0051623394793790323 -0.0063574426947161566 0.004145009965868667 -0.0035535237400068178 0.0031957899311395445 -0.00065258728909409712 0.0070215940700265869 -0.0033688523974269632 -0.00811967377376277 -3.5159032773350684e-05 0.0032061713870943469
leaf_weight=26 21 29 24 26 21 25 275 31 26 36 37 33 42 21 39 29 21 22 40 23 20 30 45 46 45 29 25 32 4181 85
leaf_count=26 21 29 24 26 21 25 275 31 26 36 37 33 42 21 39 29 21 22 40 23 20 30 45 46 45 29 25 32 4181 85
internal_value=-5.712e-13 -1.10058e-05 -0.000434365 -2.24025e-06 -0.000221779 -0.000398881 -0.000197398 -0.00293404 -0.00043786 -0.00152993 -0.000513218 -0.00575188 0.000518884 0.000467724 0.00234319 0.00421641 -0.00182921 -0.00342492 -0.00140775 0.000489918 -0.0021312 -2.2849e-05 7.23058e-05 4.54805e-05 8.21967e-05 0.00197045 0.0010254 -0.00561366 1.519e-09 0.00187045
internal_weight=5385 5364 882 752 723 702 676 130 651 304 245 59 347 208 104 68 106 75 104 64 41 305 4482 4456 4411 184 155 53 4227 130
internal_count=5385 5364 882 752 723 702 676 130 651 304 245 59 347 208 104 68 106 75 104 64 41 305 4482 4456 4411 184 155 53 4227 130
is_linear=0
shrinkage=0.05


Tree=118
num_leaves=31
num_cat=0
split_feature=9 9 5 8 2 9 9 12 2 6 2 10 3 11 4 13 12 7 11 7 12 3 8 5 11 4 2 7 8 13
split_gain=0.0655779 0.111391 0.343728 0.225475 0.183696 0.169918 0.145112 0.2288 0.144772 0.363731 0.299199 0.279087 0.374481 0.2872 0.289329 0.273199 0.244093 0.237539 0.362704 0.223129 0.205432 0.205051 0.223427 0.365869 0.217893 0.201545 0.182306 0.332819 0.339537 0.306493
threshold=3.1941319933717818 2.2130170572706911 63.709835040209143 0.022276345001248286 1.0671052427260728 2.5526878248007505 2.0392903620048513 -0.53563702905384547 0.38929503317421704 0.047464703268222337 0.30477238753734742 0.45348548451085596 0.84240663894904577 -0.62739143603623748 0.30898700136664242 1.0262137975852725 0.20549720289081994 0.099646634727418151 0.31450478777800889 0.20513308886392945 -0.40638182875700196 0.16122165781975809 -0.84113157131488703 50.222798532047271 -0.17434564769125857 0.27382908102072767 0.27837340572156749 0.074003120115343018 -0.51326187869723772 -0.19474783695744799
decision_type=2 2 2 2 2 2 2 2 2 2 2 2 2 2 2 2 2 2 2 2 2 2 2 2 2 2 2 2 2 2
left_child=1 4 3 5 6 -3 8 -8 10 11 26 12 13 -10 17 21 -13 -15 -19 -16 -14 -12 -23 -24 -25 -26 -1 -28 -29 -30
right_child=-2 2 -4 -5 -6 -7 7 -9 9 -11 15 16 20 14 19 -17 -18 18 -20 -21 -22 22 23 24 25 -27 27 28 29 -31
leaf_value=-4.4858415728737263e-06 -0.0027886278572536653 -0.00092006384875276126 -0.0031916091094414396 0.0062879762654616082 -0.0041379583965021156 0.0043875403171405201 0.0017532285861670974 -0.004916772117010422 0.0067161326907807968 0.0066836501256777696 0.0025720607136573755 0.00052321859434045651 -0.0052998300745255422 -0.00019416968759689428 -0.0050317680314183244 -0.0061494580792107933 -0.0053915608138071771 0.008135812719895814 0.0013685445544648579 0.0020537122950190678 0.00029030089527146803 -0.0053795806317151916 0.0044059916882327309 0.0017620504018850626 -0.0037855041102681421 0.0017082965074223468 -0.0027621322933680799 -0.0021035643887113444 0.0012848583166487515 0.0077801209708143557
leaf_weight=4388 21 38 30 33 27 25 20 36 32 26 33 37 27 43 25 30 33 36 44 20 42 34 27 32 101 20 29 22 32 42
leaf_count=4388 21 38 30 33 27 25 20 36 32 26 33 37 27 43 25 30 33 36 44 20 42 34 27 32 101 20 29 22 32 42
internal_value=1.13085e-12 1.09174e-05 0.00148001 0.00293989 -2.44215e-05 0.00118613 -3.10784e-06 -0.00253463 2.43927e-05 0.000984279 -4.87511e-05 0.000547159 0.00127899 0.00237476 0.00154783 -0.00164381 -0.00226518 0.00280289 0.00441382 -0.00188267 -0.00189714 -0.00109656 -0.00166228 -0.000960126 -0.00190709 -0.00287744 4.91505e-05 0.001932 0.00335002 0.00497136
internal_weight=5385 5364 126 96 5238 63 5211 56 5155 365 4790 339 269 200 168 277 70 123 80 45 69 247 214 180 153 121 4513 125 96 74
internal_count=5385 5364 126 96 5238 63 5211 56 5155 365 4790 339 269 200 168 277 70 123 80 45 69 247 214 180 153 121 4513 125 96 74
is_linear=0
shrinkage=0.05


Tree=119
num_leaves=31
num_cat=0
split_feature=6 4 5 10 5 10 7 0 7 1 10 10 13 12 7 13 1 5 4 0 0 7 7 10 4 12 6 7 7 8
split_gain=0.0668455 0.111973 0.169602 0.197586 0.140894 0.173409 0.121108 0.251297 0.362165 0.391425 0.360145 0.331897 0.256297 0.252953 0.264457 0.226139 0.324268 0.300613 0.219146 0.208309 0.203302 0.188969 0.427955 0.365539 0.338223 0.475862 0.321388 0.284591 0.236827 0.377755
threshold=0.011113522153326229 0.12707851606120596 43.229871957827946 -0.28330198005960122 54.593037838309492 0.15297021712851036 0.054362542166979728 -0.0047768653910429939 0.038551283229137694 0.13950879366016092 0.12712351744540487 -0.61253398948013482 0.25814745233554554 0.50193024084853854 0.039851513264657704 -0.38394887933704236 0.012840692830972224 54.593037838309492 0.17894618338244231 0.010150675402483602 0.026973837358644896 0.061020241599394377 0.063195809891155447 0.13387230055058638 0.20280143067519157 -0.021422217312244907 0.024160622807146075 0.062249697210819889 0.06765335584687461 -1.0233365840928978
decision_type=2 2 2 2 2 2 2 2 2 2 2 2 2 2 2 2 2 2 2 2 2 2 2 2 2 2 2 2 2 2
left_child=-1 2 -2 -4 -5 -6 7 10 19 15 11 -3 -11 14 -13 -10 17 -17 -16 -9 -18 24 23 27 25 -8 -26 -23 29 -24
right_child=1 6 3 4 5 -7 21 8 9 12 -12 13 -14 -15 18 16 20 -19 -20 -21 -22 22 28 -25 26 -27 -28 -29 -30 -31
leaf_value=0.0027504630429162225 0.0025747192371636633 0.0056827455293387182 -0.0068985007540322846 -0.0048101551015861336 -0.002454703537348126 0.0034772888295595879 -0.0068098238608799884 -0.0070818997449420681 0.0043099756267937746 0.0083969878188023973 0.0051273189523592874 0.0049961093551246453 0.00092555979182097061 -0.0058929031621664761 0.0015846602132786878 -0.0012735487414627441 0.0029123708349177426 -0.0088010476813429883 -0.005571694805985317 -0.00068967582657933238 -0.0021196469430887033 0.0094744290294194664 0.0045621277112513781 -0.0016249258712074761 0.0035093135799308169 -0.00087416283819878203 -0.003299069003416942 0.0025041595610673542 2.5804156462187989e-05 -0.0027590980633347599
leaf_weight=22 20 24 20 20 28 22 50 26 22 24 68 22 22 20 23 36 49 21 20 25 34 27 20 24 52 104 26 32 4334 148
leaf_count=22 20 24 20 20 28 22 50 26 22 24 68 22 22 20 23 36 49 21 20 25 34 27 20 24 52 104 26 32 4334 148
internal_value=8.71331e-12 -1.12829e-05 -0.00159009 -0.00251561 -0.00126335 0.000155373 2.1778e-05 0.00081977 -0.000172561 0.000753259 0.00227183 0.000490418 0.0048237 -0.000975651 0.000537349 -0.000402544 -0.00114308 -0.00404684 -0.00174388 -0.00394846 0.000851062 -5.04505e-05 1.99947e-05 0.00357764 -0.00144265 -0.00280133 0.00123985 0.00569394 -4.5595e-05 -0.00188752
internal_weight=5385 5363 110 90 70 50 5253 436 259 208 177 109 46 85 65 162 140 57 43 51 83 4817 4585 83 232 154 78 59 4502 168
internal_count=5385 5363 110 90 70 50 5253 436 259 208 177 109 46 85 65 162 140 57 43 51 83 4817 4585 83 232 154 78 59 4502 168
is_linear=0
shrinkage=0.05


Tree=120
num_leaves=31
num_cat=0
split_feature=10 10 1 7 7 10 7 5 3 2 4 7 13 13 7 8 4 9 13 7 11 7 11 9 5 7 8 4 2 4
split_gain=0.0642823 0.122763 0.288889 0.373899 0.248098 0.101914 0.265564 0.240562 0.258563 0.247237 0.23855 0.237792 0.20992 0.220949 0.25103 0.337742 0.323782 0.329673 0.23356 0.243045 0.473716 0.376834 0.242902 0.410972 0.212362 0.195626 0.194368 0.288203 0.188628 0.2725
threshold=-2.403453854810635 -1.4112032685981826 -0.019272963319953037 0.24765628904410031 0.14696777907528222 -0.65600776405159522 0.27352263992128595 62.305146132546902 -0.20874680268954057 -0.17872267168237096 0.44703334633878905 0.14120265244048055 1.2748335076451183 0.85520162559005164 0.13714311054535575 -0.73314504536535796 0.29872607926265943 0.5180201044338254 -1.4066333971591736 0.10133201969315529 0.9048754641449942 0.091833625941782474 1.0285012327582435 0.83467274851336615 49.604534154879204 0.17784817173081804 1.0957013075314956 0.2324746577410943 0.27010241191044942 0.3467863289998197
decision_type=2 2 2 2 2 2 2 2 2 2 2 2 2 2 2 2 2 2 2 2 2 2 2 2 2 2 2 2 2 2
left_child=-1 2 -2 4 -4 6 7 8 11 -10 -8 -3 13 14 16 25 17 -11 -19 21 -21 22 24 -24 -20 -16 27 -9 29 -17
right_child=1 5 3 -5 -6 -7 10 26 9 12 -12 -13 -14 -15 15 28 -18 18 19 20 -22 -23 23 -25 -26 -27 -28 -29 -30 -31
leaf_value=-0.0026972133115949959 -0.0025201062390503167 -0.00063314514862011296 0.0024889789841836319 -0.0021478460281682404 0.0091367200240492826 6.7720792940024712e-05 0.0055696196606731981 -0.0019897928400538288 0.0045198183140850497 0.0050232117585837848 -0.0003635613739283549 -0.0066605212989573684 0.0043518673952506939 -0.0053195145467053295 0.0016255955074236474 0.0052054766472429039 -0.0055565131681838209 0.0037186964958285298 -1.230691119122344e-05 -0.00081577341496834863 -0.01051353469141759 0.0058865940175019211 0.006723327394242265 -0.0016629681689664722 -0.0048286488020676185 -0.0049693904250212341 0.0012357502406382043 -0.0078487071497816471 0.0076289148302748806 -0.0021207942669703205
leaf_weight=22 30 36 32 23 25 4483 32 65 28 25 36 30 23 23 22 30 35 24 37 34 20 20 21 48 60 23 23 31 22 22
leaf_count=22 30 36 32 23 25 4483 32 65 28 25 36 30 23 23 22 30 35 24 37 34 20 20 21 48 60 23 23 31 22 22
internal_value=3.53759e-12 1.10645e-05 0.0016642 0.00323331 0.00540465 -2.35528e-05 -0.000554955 -0.000843953 -0.000425782 -4.95587e-05 0.00242852 -0.00337286 -0.0003112 -0.000541351 -0.000293275 0.00167067 -0.0010146 -0.000464543 -0.000984217 -0.00145451 -0.00440754 -0.000597177 -0.00137835 0.000889383 -0.00299149 -0.00174518 -0.00289264 -0.00388173 0.00374788 0.0021059
internal_weight=5385 5363 110 80 57 5253 770 702 583 517 68 66 489 466 443 119 324 289 264 240 54 186 166 69 97 45 119 96 74 52
internal_count=5385 5363 110 80 57 5253 770 702 583 517 68 66 489 466 443 119 324 289 264 240 54 186 166 69 97 45 119 96 74 52
is_linear=0
shrinkage=0.05


Tree=121
num_leaves=31
num_cat=0
split_feature=12 12 11 0 1 10 3 12 1 13 11 6 7 13 7 7 12 7 10 12 6 6 6 12 6 11 11 13 1 1
split_gain=0.0644408 0.0927559 0.337424 0.249886 0.221242 0.179199 0.171554 0.126418 0.298067 0.117203 0.101023 0.215702 0.250703 0.263785 0.343752 0.32955 0.474598 0.176417 0.163648 0.133146 0.11127 0.110741 0.418275 0.528634 0.257555 0.319782 0.471597 0.406621 0.242944 0.373045
threshold=-3.0624098081889826 -1.9891225161687138 0.15934485984699617 -0.015694335707867043 0.74090086638812858 -1.4112032685981826 1.9196260482772387 -1.7483322376753418 -0.038259331579421289 -0.14085732609638849 1.5269215890232772 0.038810740353533157 0.13183629431612578 -0.73777620976461045 0.086443369361228525 0.11190171859616022 -0.34242340726108322 0.15147427464940774 -0.65600776405159522 -0.079727936249842243 0.022404089800241198 0.036779831585268173 0.035535525254786156 -0.079727936249842243 0.039563687503690277 0.13068220175741915 -0.79242156211619152 -0.58489944477956402 0.093068796361320053 0.18597564569154515
decision_type=2 2 2 2 2 2 2 2 2 2 2 2 2 2 2 2 2 2 2 2 2 2 2 2 2 2 2 2 2 2
left_child=-1 2 9 -4 6 -5 7 8 -3 -2 21 12 13 15 20 16 -12 -14 -19 -20 -15 22 -9 -24 25 26 -23 -27 -26 -30
right_child=1 4 3 5 -6 -7 -8 10 -10 -11 11 -13 17 14 -16 -17 -18 18 19 -21 -22 24 23 -25 28 27 -28 -29 29 -31
leaf_value=-0.0027005368584385992 -0.0048837580624967814 0.0025014838336833885 0.0075745350383222112 0.0046539871110802605 -0.0046198792970524385 -0.0017343922568809078 0.0035439574337728765 8.3294059968275062e-05 -0.0048870961138536822 0.00046443501930861246 0.0048318816564494266 0.0032523244178654363 -0.0076336922694463282 -0.0022928636166311446 -0.0066732490049867801 0.0064768539518117911 -0.0037917650104739155 -0.0056559145244439914 -0.0030281707155518237 0.0023723224554920482 0.0027411129447105138 0.00013946266399751255 0.0078836157798576039 -0.00051861336558229395 0.00070625003185030924 -0.0034239349327981473 -0.0074931031558662653 0.0052101349532604219 -0.0062668903996901852 -0.00014395277654795453
leaf_weight=22 20 21 25 21 26 23 34 4188 39 21 27 28 20 21 29 25 39 24 25 21 23 34 39 36 328 30 50 25 35 86
leaf_count=22 20 21 25 21 26 23 34 4188 39 21 27 28 20 21 29 25 39 24 25 21 23 34 39 36 328 30 50 25 35 86
internal_value=-6.38879e-12 1.10781e-05 0.00144804 0.0035827 -1.90124e-05 0.00131461 3.87308e-06 -1.93048e-05 -0.00230109 -0.00214444 7.36716e-06 -0.00091263 -0.00137176 -0.000208082 -0.00244697 0.00158795 -0.00026391 -0.00349224 -0.00230896 -0.000562728 0.000338533 6.08487e-05 0.000149572 0.00385055 -0.000582397 -0.00246315 -0.00440373 0.000500642 -1.58335e-07 -0.00191505
internal_weight=5385 5363 110 69 5253 44 5227 5193 60 41 5133 282 254 164 73 91 66 90 70 46 44 4851 4263 75 588 139 84 55 449 121
internal_count=5385 5363 110 69 5253 44 5227 5193 60 41 5133 282 254 164 73 91 66 90 70 46 44 4851 4263 75 588 139 84 55 449 121
is_linear=0
shrinkage=0.05


Tree=122
num_leaves=31
num_cat=0
split_feature=11 9 14 5 8 8 0 10 14 8 11 8 11 8 7 0 10 14 12 9 8 10 10 9 9 4 5 11 9 11
split_gain=0.0608343 0.27803 0.200615 0.575984 0.324036 0.401303 0.316213 0.289447 0.2452 0.252423 0.194212 0.359836 0.328728 0.308016 0.283513 0.252392 0.36907 0.499096 0.44136 0.414063 0.349385 0.328801 0.272991 0.388757 0.250897 0.374794 0.331407 0.397506 0.377188 0.287062
threshold=-0.065265438735305381 0.032540427306703312 2.5570055772591131 44.522901985955492 0.15906974338321136 -0.77535970759658113 0.098994946424668454 0.14488825848505912 2.2966518350663283 -0.17511672018693167 0.40759016460195152 -1.5129708288116304 0.388480371261059 -0.059106788105975243 0.21892544269147673 -0.0072319148008312397 -0.53299773240164572 1.9851164709833273 -1.0091396801988852 0.91124921973678419 0.37238154008805197 -0.43662524654730023 0.3467323552237796 1.52352375404656 1.552245382533513 0.22581271111205495 34.971239908235688 0.85576331287540119 1.3687366821589488 0.62844704841983723
decision_type=2 2 2 2 2 2 2 2 2 2 2 2 2 2 2 2 2 2 2 2 2 2 2 2 2 2 2 2 2 2
left_child=1 -1 8 -4 5 7 -6 -5 -3 -10 12 14 15 -14 -12 -2 18 21 -17 -19 -20 -18 23 -21 26 -26 27 -13 -28 -30
right_child=10 2 3 4 6 -7 -8 -9 9 -11 11 24 13 -15 -16 16 17 19 20 22 -22 -23 -24 -25 25 -27 28 -29 29 -31
leaf_value=-0.0049100793687806982 -0.00039098282172754105 -0.00020371393518083263 0.0089398294883060517 -0.0055428785378234873 -0.0047881686133849953 0.0043124723656393299 0.0010758982911864493 0.0026816259456245461 0.00040876375192224428 -0.0058803920526630605 -0.0035128831347205148 -0.0008815334469545633 0.0094710320536978559 0.00089759516783735963 0.0013052086444804445 0.0032428454142063856 0.0086029368419466273 -0.004271981984077554 -0.00087977124441143435 0.00022613185247769807 -0.0072849444311225064 0.0021851656139137304 -0.0034829414741993376 0.0087290273304097363 -0.0025382176403233661 0.0024055277247463473 -7.0525956644524752e-05 0.0067285708478979165 0.00032782346140920071 -0.004024344116121745
leaf_weight=31 489 1772 22 23 45 77 47 20 27 39 129 32 20 22 40 38 21 56 60 41 33 402 22 20 47 208 1395 37 57 113
leaf_count=31 489 1772 22 23 45 77 47 20 27 39 129 32 20 22 40 38 21 56 60 41 33 402 22 20 47 208 1395 37 57 113
internal_value=2.83431e-12 -0.000209943 -0.000139622 0.00123924 0.000440124 0.00215172 -0.0017924 -0.00171753 -0.000315169 -0.00330756 0.000134525 -0.000162099 0.00063326 0.00498018 -0.00237251 0.000478801 0.00109254 0.00164963 -0.00129741 -0.000949667 -0.00315257 0.00250378 0.00129189 0.00301397 3.56553e-05 0.00149433 -0.000191983 0.00319925 -0.000341501 -0.00256509
internal_weight=5385 2103 2072 234 212 120 92 43 1838 66 3282 2058 1224 42 169 1182 693 562 131 139 93 423 83 61 1889 255 1634 69 1565 170
internal_count=5385 2103 2072 234 212 120 92 43 1838 66 3282 2058 1224 42 169 1182 693 562 131 139 93 423 83 61 1889 255 1634 69 1565 170
is_linear=0
shrinkage=0.05


Tree=123
num_leaves=31
num_cat=0
split_feature=6 4 10 9 9 8 7 11 9 10 0 11 9 4 9 13 6 11 10 8 8 7 7 10 4 12 6 12 14 0
split_gain=0.0621829 0.101682 0.150467 0.195442 0.270146 0.186251 0.111174 0.3923 0.406794 0.493811 0.386853 0.332975 0.3218 0.338273 0.268583 0.258484 0.237578 0.228748 0.341772 0.314888 0.179953 0.173477 0.383339 0.325439 0.303394 0.424595 0.283546 0.271207 0.228111 0.227968
threshold=0.011113522153326229 0.12707851606120596 0.13899323349505524 0.50299074221149576 0.82978856100015308 -0.0099153173082422979 0.054362542166979728 -0.72928458107043304 0.38772259905779566 0.11584195160071752 -0.0047768653910429939 1.0285012327582435 0.5180201044338254 0.19340476700929102 0.93452873511678114 0.63069944717595916 0.019176870152343137 0.77201164741486528 0.032515824741687079 -0.031877995118078671 0.12449349643989525 0.061020241599394377 0.063195809891155447 0.13387230055058638 0.20280143067519157 -0.021422217312244907 0.024160622807146075 -0.12107973975476044 1.4845618101984659 -0.0020469189437115616
decision_type=2 2 2 2 2 2 2 2 2 2 2 2 2 2 2 2 2 2 2 2 2 2 2 2 2 2 2 2 2 2
left_child=-1 2 3 -2 -5 -4 7 -3 -9 11 15 12 -10 17 -12 -11 -13 18 19 -14 -21 24 23 27 25 28 29 -23 -8 -26
right_child=1 6 5 4 -6 -7 21 8 9 10 14 16 13 -15 -16 -17 -18 -19 -20 20 -22 22 -24 -25 26 -27 -28 -29 -30 -31
leaf_value=0.0026528038730082863 -0.0071060932474210862 -0.0058821217112597973 0.0043367891921661794 0.0032297047623433177 -0.0043238850567361405 -0.0024051861294234794 -0.010424420210931984 -0.0038081718155329953 0.0047396300501602057 0.0047067474489184942 -0.00086639986583599601 0.00074458194098302307 -0.00041785611608771218 -0.005875401247249102 0.0052458929247222843 0.011910404507070781 0.0083590567787177866 -0.0050638627926153802 -0.0049768535784729152 0.0083931171823115585 0.0018474298684547346 0.0011417296421511666 -4.3160612081618266e-05 -0.0015229081487632358 0.0071557427745905112 -0.00084891739153625592 -0.0031051960487205252 0.0080924696211392682 -0.0035818519857551516 0.00045479157163451117
leaf_weight=22 20 21 20 20 29 21 21 38 26 33 41 21 66 32 32 20 20 21 23 21 21 23 4502 24 22 104 26 36 29 30
leaf_count=22 20 21 20 20 29 21 21 38 26 33 41 21 66 32 32 20 20 21 23 21 21 23 4502 24 22 104 26 36 29 30
internal_value=-5.11736e-12 -1.08823e-05 -0.0015154 -0.00294088 -0.00124079 0.000883582 2.06229e-05 0.000785186 0.00112257 0.00161957 0.00417363 0.000337447 -0.00046723 -0.00120298 0.00181296 0.00742511 0.00445896 -0.000219314 0.000557293 0.00173586 0.00512027 -4.85798e-05 1.8916e-05 0.00338601 -0.0013825 -0.00266931 0.00115814 0.00538286 -0.00645573 0.00328981
internal_weight=5385 5363 110 69 49 41 5253 436 415 377 126 251 210 184 73 53 41 152 131 108 42 4817 4585 83 232 154 78 59 50 52
internal_count=5385 5363 110 69 49 41 5253 436 415 377 126 251 210 184 73 53 41 152 131 108 42 4817 4585 83 232 154 78 59 50 52
is_linear=0
shrinkage=0.05


Tree=124
num_leaves=31
num_cat=0
split_feature=9 9 9 14 13 13 8 13 14 6 12 6 9 3 6 11 9 2 1 8 3 3 1 6 1 8 9 2 3 6
split_gain=0.0617466 0.0955821 0.163979 0.292695 0.297629 0.416425 0.21142 0.185477 0.175995 0.146876 0.209454 0.219583 0.14445 0.392208 0.405906 0.19091 0.185948 0.124631 0.115287 0.387279 0.266599 0.718198 0.273045 0.228188 0.220642 0.196488 0.140226 0.137518 0.36122 0.190036
threshold=3.1941319933717818 2.2130170572706911 1.8759038194036137 -0.34804524534820364 0.95426334509023636 -0.067271797212089521 0.015805225651243791 -0.96556780147966426 1.5660955332025843 0.053485465542501831 -1.0988849400563374 0.037122685847937674 1.7768819187834659 -0.092348684195191141 0.027114147741001512 -0.17434564769125857 1.7616545439659861 0.3410931604332928 0.30980585147489831 2.8033296651649602 0.41627565975944664 0.52555984892536323 0.45544589461369372 0.034330685890211876 0.28885326380658033 0.28381163613729038 1.0240061753620351 0.60792921646227116 0.99926150325431085 0.033342462187318504
decision_type=2 2 2 2 2 2 2 2 2 2 2 2 2 2 2 2 2 2 2 2 2 2 2 2 2 2 2 2 2 2
left_child=1 2 12 -4 5 6 7 -5 -8 10 -3 -12 16 -14 -15 -16 18 -13 24 20 25 -22 23 -23 27 -20 -26 28 -1 -30
right_child=-2 9 3 4 -6 -7 8 -9 -10 -11 11 17 13 14 15 -17 -18 -19 19 -21 21 22 -24 -25 26 -27 -28 -29 29 -31
leaf_value=4.3764554463765357e-05 -0.002705942342678706 -0.0041208497376646848 0.0032102722398660802 -0.0040187568124383692 -0.0068909923483928054 0.0036417314001629432 -0.0090713541023433215 0.0027907475270330905 -0.0024382008984684947 0.004493543812864589 0.0043983805521919921 -0.003736791401170194 -0.0039060008752605188 -0.00030296070280631912 0.0036045792310134225 0.010198396466495027 -0.0047050235349507565 0.0018451182451099158 -0.005157813041005284 -0.0075873301530789061 0.0081492000414679459 -0.0055654572212842073 0.0024941389815825409 0.00096013471484184269 0.00024380374428195259 0.00064200611137177636 0.0052667567548765381 0.0034545577805617763 -0.0009085397241869941 -0.0075077728901912152
leaf_weight=4612 21 20 27 20 30 31 20 20 20 29 37 20 23 38 23 21 21 20 40 21 27 37 33 21 24 23 33 29 20 24
leaf_count=4612 21 20 27 20 30 31 20 20 20 29 37 20 23 38 23 21 21 20 40 21 27 37 33 21 24 23 33 29 20 24
internal_value=6.44027e-13 1.05937e-05 -2.21416e-05 -0.00155899 -0.00247225 -0.001278 -0.00318439 -0.000614005 -0.00575478 0.00137145 0.000438037 0.00162216 2.87835e-05 0.00186401 0.00348243 0.00675163 -1.00279e-05 -0.000945837 9.9144e-06 -0.00115992 -0.000414202 0.000987931 -0.00113684 -0.00320274 5.97472e-05 -0.00304042 0.00315183 2.21274e-05 7.4845e-07 -0.00450812
internal_weight=5385 5364 5238 168 141 111 80 40 40 126 97 77 5070 105 82 44 4965 40 4944 202 181 118 91 58 4742 63 57 4685 4656 44
internal_count=5385 5364 5238 168 141 111 80 40 40 126 97 77 5070 105 82 44 4965 40 4944 202 181 118 91 58 4742 63 57 4685 4656 44
is_linear=0
shrinkage=0.05


Tree=125
num_leaves=31
num_cat=0
split_feature=12 12 7 5 8 3 2 13 9 9 8 8 8 8 9 9 1 13 11 2 6 1 9 1 1 1 8 1 1 7
split_gain=0.0595639 0.0706143 0.33588 0.31754 0.315657 0.341949 0.275484 0.391761 0.266767 0.346309 0.222846 0.253584 0.395444 0.31039 0.287251 0.469679 0.306704 0.31107 0.409166 0.270924 0.237718 0.513763 0.213679 0.408763 0.306137 0.291914 0.289354 0.2509 0.555676 0.443412
threshold=2.460419036470459 0.71100182592985017 0.19588275574142444 31.917461176401869 -1.996927892071682 0.41975210272628888 -0.074297711823337262 -0.22419859401480913 0.25575175984984405 0.37259955967946473 1.947342004994961 0.6311582976786988 -0.013017081792336708 0.070707157769643744 1.2276361046866877 1.4121246131539378 0.165950998681378 0.5771912731528025 0.20625565691321898 -0.010068044987456224 0.025213760782177946 0.050955327108845656 0.93452873511678114 0.080862985854916261 0.005222633653745202 0.13623866973061041 -0.16456377865502106 0.0032839769894486008 -0.041182619477898856 0.088022211416412796
decision_type=2 2 2 2 2 2 2 2 2 2 2 2 2 2 2 2 2 2 2 2 2 2 2 2 2 2 2 2 2 2
left_child=1 -1 3 -3 -4 6 7 -6 -5 -10 11 12 22 -14 16 -16 17 18 -15 -19 21 -13 23 24 -11 27 -25 28 -24 -29
right_child=-2 2 4 8 5 -7 -8 -9 9 10 -12 20 13 14 15 -17 -18 19 -20 -21 -22 -23 25 26 -26 -27 -28 29 -30 -31
leaf_value=7.0071921120638139e-05 0.0026576852425932887 0.0051164841888560759 0.0028470933758875448 -0.00500442794124995 -0.0068824082610663036 0.0012858874509111048 -0.0084510996316870049 0.0025062185572460299 0.0057513199970126161 -0.0001751360809887011 -0.0041861506918554796 0.010201757968119953 -0.0052411392285615548 0.0074438937054947018 -0.0084003002852490495 0.0010556248365901411 0.0059360239759553221 -0.00036701509660040893 -0.0010180277819745243 -0.0077517109720603291 -0.00023246784148053552 0.00019507290121039442 0.0042968687032245928 -0.00081074306065039264 -0.0061972856883787449 -0.0019977532290587469 0.0074894890677006474 0.00086849398481158115 -0.0053993067831139673 0.009789638900353264
leaf_weight=4482 21 29 21 28 25 25 39 20 25 51 34 23 55 20 29 24 20 27 50 23 49 29 45 21 36 35 21 26 22 30
leaf_count=4482 21 29 21 28 25 25 39 20 25 51 34 23 55 20 29 24 20 27 50 23 49 29 45 21 36 35 21 26 22 30
internal_value=-1.58767e-12 -1.04048e-05 -0.000419358 -1.36718e-05 -0.0027661 -0.00384754 -0.00537534 -0.00270969 -0.000219446 -2.66694e-05 -0.000242266 -3.14294e-05 -0.000465226 -0.00192757 -0.000983293 -0.00411837 0.000203559 -0.000751852 0.00139966 -0.00376398 0.0022664 0.00462111 0.000798406 -0.000711477 -0.00266706 0.00203116 0.00333937 0.0031776 0.00111305 0.00564768
internal_weight=5385 5364 882 752 130 109 84 45 723 695 670 636 535 248 193 53 140 120 70 50 101 52 287 129 87 158 42 123 67 56
internal_count=5385 5364 882 752 130 109 84 45 723 695 670 636 535 248 193 53 140 120 70 50 101 52 287 129 87 158 42 123 67 56
is_linear=0
shrinkage=0.05


Tree=126
num_leaves=31
num_cat=0
split_feature=10 10 1 7 7 10 7 4 12 5 12 2 2 0 3 9 11 12 7 2 10 9 10 3 9 2 1 4 2 9
split_gain=0.060582 0.105018 0.262601 0.323104 0.219318 0.0883662 0.233039 0.205325 0.202464 0.19939 0.327532 0.39198 0.489356 0.324319 0.306306 0.254814 0.392588 0.449007 0.224475 0.385017 0.186673 0.184477 0.16603 0.409657 0.277778 0.269037 0.273758 0.251776 0.433642 0.237742
threshold=-2.403453854810635 -1.4112032685981826 -0.019272963319953037 0.24765628904410031 0.14696777907528222 -0.65600776405159522 0.27352263992128595 0.44703334633878905 -1.8366014335827863 56.776358324507534 -0.037690781614771802 0.094895018260328548 0.22483832041101384 0.026217344526466849 -0.065810904575214366 1.6686860276522657 -0.040366202324765336 0.25072149014354694 0.065928918040489809 -0.14735112348554205 -0.84083126669241837 1.1654952478352982 -0.46479482749747231 0.35074511965940341 0.98219092032577371 0.18083794241959009 0.12867687530653951 0.20927715980340619 0.34526361420102541 0.5180201044338254
decision_type=2 2 2 2 2 2 2 2 2 2 2 2 2 2 2 2 2 2 2 2 2 2 2 2 2 2 2 2 2 2
left_child=-1 2 -2 4 -4 6 8 -8 -3 10 13 18 -13 -10 -11 16 -16 21 -12 -20 -21 -18 23 24 29 26 -25 -27 -29 -7
right_child=1 5 3 -5 -6 22 7 -9 9 14 11 12 -14 -15 15 -17 17 -19 19 20 -22 -23 -24 25 -26 27 -28 28 -30 -31
leaf_value=-0.0026184328747066586 -0.0024496545332173508 0.0028654317850143546 0.0023128755448851737 -0.001966537324630696 0.0085631607174873354 0.0016149828008985006 0.0051928687746112707 -0.00031164353584042857 -0.0023489052553686803 -0.0081448125152383012 0.0038029668993355397 0.0083459637460431887 -7.6389849624213055e-05 0.0021910153688319651 0.0031567709777655818 -0.0065735307481625807 -0.0056616598416439961 0.0026087205130324673 0.002690211029531544 -0.0013169138071437679 -0.0067664932378102092 -0.00073344415674606966 -4.2756580244726611e-05 0.0089748158269832203 0.001644859186656374 0.004980116446353754 0.0014716789871454241 -0.0045531985500166499 0.0034637390969421821 -0.0023366626288535233
leaf_weight=22 30 36 32 23 25 52 32 36 218 20 24 35 34 48 43 23 64 33 34 33 30 27 3994 31 140 36 20 31 37 142
leaf_count=22 30 36 32 23 25 52 32 36 218 20 24 35 34 48 43 23 64 33 34 33 30 27 3994 31 140 36 20 31 37 142
internal_value=2.19745e-12 1.07413e-05 0.00153974 0.00303576 0.00505423 -2.12765e-05 -0.000516098 0.00227872 -0.00078682 -0.000984239 -0.00039714 0.0011884 0.00419582 -0.00152967 -0.00225908 -0.00163953 -0.000960002 -0.00238759 -0.000526567 -0.00159779 -0.00391195 -0.00419944 6.3714e-05 0.000933332 -5.2535e-05 0.00305772 0.00603241 0.00159897 -0.000191041 -0.00127746
internal_weight=5385 5363 110 80 57 5253 770 68 702 666 456 190 69 266 210 190 167 124 121 97 63 91 4483 489 334 155 51 104 68 194
internal_count=5385 5363 110 80 57 5253 770 68 702 666 456 190 69 266 210 190 167 124 121 97 63 91 4483 489 334 155 51 104 68 194
is_linear=0
shrinkage=0.05


Tree=127
num_leaves=31
num_cat=0
split_feature=13 0 13 3 6 13 14 14 2 2 6 2 0 0 11 11 8 0 2 8 7 2 4 4 10 14 13 14 3 1
split_gain=0.0607062 0.281526 0.158397 0.209903 0.212933 0.121483 0.0799966 0.284727 0.410734 0.437976 0.289049 0.395983 0.241132 0.232979 0.229858 0.433025 0.416289 0.403112 0.402836 0.34821 0.424573 0.426921 0.335268 0.299654 0.275039 0.300784 0.299384 0.24723 0.299536 0.242432
threshold=-2.6499059136653353 0.033516709056989231 -1.9794443355391382 -0.1264966506061139 0.035134568594909175 -1.8562818010688436 -0.26655705064185947 -0.40173517189471936 -0.17872267168237096 -0.03265222208165313 0.029502214846286488 0.013995396559184249 0.1548296969685197 0.12032008774006299 -0.43224510433459457 -0.56934836851659065 0.26979311643247544 -0.11550317496046063 0.022663933315616894 -0.60087747354738863 0.11887637860318177 -0.081029524076409218 0.37268022773285342 0.1501060806477709 -0.64415151935925263 -0.93444303974948095 0.54011574438654353 -0.7136389802516262 -0.39045749414250741 -0.16412488165410269
decision_type=2 2 2 2 2 2 2 2 2 2 2 2 2 2 2 2 2 2 2 2 2 2 2 2 2 2 2 2 2 2
left_child=1 -1 3 -2 -5 -4 7 12 -9 -10 11 -11 13 14 15 19 17 27 -18 -7 21 -21 23 -19 25 -25 -26 28 -16 -22
right_child=2 -3 5 4 -6 6 -8 8 9 10 -12 -13 -14 -15 16 -17 18 22 -20 20 29 -23 -24 24 26 -27 -28 -29 -30 -31
leaf_value=0.0055006062155977514 0.0014556694412021899 -0.0025316003314219417 0.0037277074742384933 -0.0015207735062224522 -0.0077018438923087996 -0.0043931095919106161 0.00010664430314432781 -0.0076987326369687388 0.0015647966562051187 -0.010367912853507733 0.0010772774927318097 -0.002351021453965629 0.0042644240660592919 -0.0046418052066915802 0.0064263538988598157 -0.0065583928296452064 -0.0022401660965341661 -0.0041587316789306128 0.005259427195414901 0.00046168866448421432 -6.2448954467024455e-05 -0.007851730635308701 -0.005665196105837822 -0.0058442586585879331 0.0032802592396291895 0.0018368810849586645 -0.00032591949606877431 0.008139775674790144 -0.0013198209102623739 0.0052357672778889537
leaf_weight=24 28 20 22 38 22 44 4108 28 79 24 25 43 32 28 24 34 171 26 20 47 38 23 20 25 174 26 86 30 26 50
leaf_count=24 28 20 22 38 22 44 4108 28 79 24 25 43 32 28 24 34 171 26 20 47 38 23 20 25 174 26 86 30 26 50
internal_value=3.5243e-12 0.0018496 -1.52373e-05 -0.00211899 -0.00378717 2.00055e-05 4.41199e-06 -0.00036956 -0.00208511 -0.00116592 -0.00351078 -0.00522274 -8.46311e-08 -0.000153071 -7.60327e-06 -0.00133795 0.000492338 0.0013434 -0.00145487 -0.000459267 0.000636233 -0.00226986 0.000624531 0.000997808 0.0014289 -0.00192838 0.00208745 0.00455138 0.00239834 0.0029479
internal_weight=5385 44 5341 88 60 5253 5231 1123 199 171 92 67 924 892 864 236 628 437 191 202 158 70 357 337 311 51 260 80 50 88
internal_count=5385 44 5341 88 60 5253 5231 1123 199 171 92 67 924 892 864 236 628 437 191 202 158 70 357 337 311 51 260 80 50 88
is_linear=0
shrinkage=0.05


Tree=128
num_leaves=31
num_cat=0
split_feature=12 12 14 1 6 9 13 0 6 13 6 13 9 11 11 1 11 10 10 13 9 11 3 12 12 1 0 12 0 1
split_gain=0.0604313 0.0838717 0.0689953 0.0821436 0.140663 0.260465 0.165329 0.119959 0.115757 0.312082 0.349842 0.25002 0.211834 0.199967 0.194223 0.267024 0.215154 0.292048 0.230574 0.523222 0.21257 0.175113 0.181597 0.169933 0.432531 0.326799 0.489282 0.273816 0.163703 0.132605
threshold=-3.0624098081889826 -2.739209886738831 7.6054453471497547 0.74090086638812858 0.056003656228331554 1.4453331568235614 -0.036248835788548435 -0.1498329673636519 0.037685754379484022 -0.37546331343285005 0.038810740353533157 -0.5462956950380885 2.5526878248007505 -2.0085951795615622 0.49697553750225854 0.2481676834125395 -0.77483175814794669 -0.54118411776455488 0.7885265351526588 0.96776318365609815 1.2872826273457783 -1.6290156759315793 -0.40700131322992417 0.41958313390131746 1.0827233097671944 0.0089956026668507345 -0.0065067667301521017 -0.37183635723705771 -0.17366792745860113 -0.099575317996495091
decision_type=2 2 2 2 2 2 2 2 2 2 2 2 2 2 2 2 2 2 2 2 2 2 2 2 2 2 2 2 2 2
left_child=-1 -2 3 4 8 7 -7 -6 12 10 -10 23 13 -3 15 16 18 -18 19 29 -19 -15 -23 25 -25 26 -12 -27 -24 -11
right_child=1 2 -4 -5 5 6 -8 -9 9 14 11 -13 -14 21 -16 -17 17 20 -20 -21 -22 22 28 24 -26 27 -28 -29 -30 -31
leaf_value=-0.0026151743987363509 0.003091600181704218 0.004161594873133662 0.0029292699275538328 -0.0027638519665709252 0.0015904229726981035 0.006837183336860367 0.001403675797129316 -0.0036310144615444269 -0.0069957991701460652 0.00662837790499907 0.00093253719620406633 -0.0058227315890016385 0.0050558172704075425 -0.0037486402888692195 0.0031912446341605168 -0.0049912548426968547 0.0028269017580896619 -2.8093762063820451e-05 0.0047666519880294805 -0.0048479570135954893 -0.0058368197474111295 0.0037753901066025723 -0.0041229787085891685 -0.0086518324002446169 0.00077042272153856435 -1.1467566946521402e-05 -0.007186940771394543 0.0068965203469046029 1.7423371430868571e-05 0.0011661318787373604
leaf_weight=22 22 29 20 27 22 28 28 22 31 20 55 27 21 31 51 26 28 28 42 31 36 32 24 21 29 32 28 26 4521 25
leaf_count=22 22 29 20 27 22 28 28 22 31 20 55 27 21 31 51 26 28 28 42 31 36 32 24 21 29 32 28 26 4521 25
internal_value=-2.90917e-12 1.07279e-05 -1.96244e-06 -1.298e-05 1.04972e-06 0.00185851 0.00412043 -0.0010203 -3.47119e-05 -0.000730553 -0.00202583 -0.00131909 4.53591e-05 2.26678e-05 0.000393225 -0.000211432 0.000380356 -0.00143216 0.0017935 0.00015045 -0.0032955 -3.38016e-06 2.19865e-05 -0.000682453 -0.00318692 0.000205658 -0.00180656 0.00308522 -4.44014e-06 0.0035938
internal_weight=5385 5363 5341 5321 5294 100 56 44 5194 536 249 218 4658 4637 287 236 210 92 118 76 64 4608 4577 191 50 141 83 58 4545 45
internal_count=5385 5363 5341 5321 5294 100 56 44 5194 536 249 218 4658 4637 287 236 210 92 118 76 64 4608 4577 191 50 141 83 58 4545 45
is_linear=0
shrinkage=0.05


Tree=129
num_leaves=31
num_cat=0
split_feature=9 6 0 9 0 0 12 9 1 10 11 12 1 1 11 9 2 12 5 11 0 13 11 6 9 9 13 10 0 12
split_gain=0.0579259 0.0778288 0.24814 0.247136 0.229042 0.132516 0.131636 0.131908 0.128888 0.157037 0.217403 0.234999 0.217929 0.283718 0.237096 0.134049 0.486174 0.243276 0.303865 0.195331 0.203781 0.242663 0.182488 0.147763 0.469882 0.390524 0.365332 0.26976 0.290718 0.254027
threshold=3.1941319933717818 0.056003656228331554 0.12474479150744146 1.4453331568235614 -0.1190326897152965 0.25625928207082044 -0.11348058252594022 1.3292594501379447 -0.34752118840955692 1.4207461531037213 -0.53705481621601492 0.096737973202370417 0.010599009004526485 -0.11498775538282945 -1.5752580465451642 1.8759038194036137 -0.17872267168237096 -1.0988849400563374 42.293907350439973 -1.007288777489131 -0.015694335707867043 0.16939033501095097 0.4135455478844941 0.026246700876373371 0.7239200258369064 0.63834371163497994 0.41703369918254934 1.142856692007882 -0.036379045008463999 -0.021422217312244907
decision_type=2 2 2 2 2 2 2 2 2 2 2 2 2 2 2 2 2 2 2 2 2 2 2 2 2 2 2 2 2 2
left_child=1 5 3 -3 -5 8 7 -7 -1 15 12 -12 13 -11 -14 23 -17 -18 -19 -20 -21 22 -22 -10 25 26 -25 -26 -29 -27
right_child=-2 2 -4 4 -6 6 -8 -9 9 10 11 -13 14 -15 -16 16 17 18 19 20 21 -23 -24 24 27 29 -28 28 -30 -31
leaf_value=-0.0035580334567035053 -0.0026208876676502685 -0.00032468250331779322 -0.0032255766379724569 0.00078575656749308115 0.0077409842811275989 0.0068402184860315175 -0.00068111279420554648 0.0012296898565678435 -0.00011611959890447302 -0.0019136732359501451 -0.0073632008429350597 -0.00045765684705904945 -0.0065636337601712768 0.0059472846342638755 0.00086390610191632413 0.0055129378113633722 -0.0060910212642122661 0.0038128111809492115 -0.005404481587133237 -0.0043809595226775855 0.0063622020743787288 -0.0029638171044643969 -0.00039221197832375767 0.0011956380001961462 0.00081159456322651253 -0.0014327166411517696 -0.0024524066574835722 0.00026680465321987868 0.0083545465990900996 -0.0075908774277195336
leaf_weight=26 21 42 24 20 29 20 25 22 3287 22 28 22 21 24 22 24 31 25 35 32 20 30 20 166 1118 33 117 20 25 34
leaf_count=26 21 42 24 20 29 20 25 22 3287 22 28 22 21 24 22 24 31 25 35 32 20 30 20 166 1118 33 117 20 25 34
internal_value=3.67568e-12 1.02607e-05 0.00129698 0.00248975 0.00490212 -1.793e-05 0.00219149 0.00390137 -4.64964e-05 -2.87889e-05 -0.00168658 -0.00432476 -0.000204453 0.0021877 -0.0027635 1.71415e-05 -0.0011984 -0.00203297 -0.00125643 -0.00218148 -0.00107554 0.000435504 0.002985 7.20942e-05 0.00048099 -0.00112521 -0.000312564 0.00096437 0.00475999 -0.00455775
internal_weight=5385 5364 115 91 49 5249 67 42 5182 5156 139 50 89 46 43 5017 217 193 162 137 102 70 40 4800 1513 350 283 1163 45 67
internal_count=5385 5364 115 91 49 5249 67 42 5182 5156 139 50 89 46 43 5017 217 193 162 137 102 70 40 4800 1513 350 283 1163 45 67
is_linear=0
shrinkage=0.05


Tree=130
num_leaves=31
num_cat=0
split_feature=2 7 2 2 1 14 7 11 9 1 1 1 9 12 5 5 7 7 7 13 13 12 13 13 14 2 11 7 1 10
split_gain=0.0578351 0.106516 0.0738773 0.372516 0.130901 0.283574 0.323646 0.158699 0.12757 0.107787 0.103419 0.105537 0.331243 0.306592 0.405701 0.452895 0.365845 0.357675 0.303017 0.294539 0.363493 0.293077 0.26871 0.209828 0.209324 0.250285 0.196929 0.188891 0.179444 0.503485
threshold=-0.49817649926425994 0.47367579540529897 0.88626148036357477 1.0671052427260728 0.3856622777669661 1.1343174229087924 0.1996004029143835 0.010434041202088561 2.2130170572706911 0.37330997538097416 0.34506675588896935 0.19659561193232769 1.0186658567999873 -0.072718295741467862 63.590469773918834 67.862120004477717 0.097638731857704636 0.12153586337250226 0.10133201969315529 -0.45726101782466805 -0.83107614391119489 0.3427863858199855 -1.247224765198131 -0.29537910803489753 0.028153870194561777 0.14283244653097141 -0.19185782688320169 0.13714311054535575 0.12867687530653951 1.142856692007882
decision_type=2 2 2 2 2 2 2 2 2 2 2 2 2 2 2 2 2 2 2 2 2 2 2 2 2 2 2 2 2 2
left_child=-1 2 4 -4 9 -6 7 -7 -5 10 11 28 13 14 18 -16 26 -18 -13 20 22 -19 -14 -21 -25 -26 -15 -22 -2 -30
right_child=1 -3 3 8 5 6 -8 -9 -10 -11 -12 12 19 16 15 -17 17 21 -20 23 27 -23 -24 24 25 -27 -28 -29 29 -31
leaf_value=0.0025583830069411885 7.751116916203251e-05 -0.0026839540767911322 0.0074060863396152856 -0.0034034660733912301 -0.0056762714128126392 -0.00036145740285001954 0.0033049229023929096 -0.0059930604289878502 0.0015112261107612041 0.0035991158247703596 -0.0026608279350006747 0.0044728071902645754 -0.0010368892869385155 -0.0059772668977356742 -0.011002792377510798 -0.0019182501730563885 0.0079138566668217007 0.0038791780383326114 -0.0033926787669770423 0.007682138743499916 -0.007320782668761067 -0.0038223351950624159 0.0050353351867358604 0.0070651511883451827 -0.0012906961453870494 0.0031058389510620218 5.5956890757538765e-05 -0.0005312107937061228 -0.00050922952512763965 -0.0070402056617181637
leaf_weight=22 3880 37 20 23 32 29 38 22 31 21 36 25 38 21 23 34 26 30 24 21 21 21 35 21 47 104 38 20 614 31
leaf_count=22 3880 37 20 23 32 29 38 22 31 21 36 25 38 21 23 34 26 30 24 21 21 21 35 21 47 104 38 20 614 31
internal_value=-1.78144e-12 -1.0495e-05 8.07771e-06 0.00157689 -1.40267e-05 -0.00163953 -0.000188118 -0.00279078 -0.000582069 2.43062e-05 9.61519e-06 2.8562e-05 0.00068323 -0.000700076 -0.00271593 -0.00558394 0.000871105 0.00314112 0.000620324 0.00177365 -0.000241454 0.000707967 0.00187445 0.00296393 0.00238786 0.00173738 -0.00209146 -0.0040088 -5.08663e-05 -0.000823121
internal_weight=5385 5363 5326 74 5252 121 89 51 54 5131 5110 5074 549 242 106 57 136 77 49 307 114 51 73 193 172 151 59 41 4525 645
internal_count=5385 5363 5326 74 5252 121 89 51 54 5131 5110 5074 549 242 106 57 136 77 49 307 114 51 73 193 172 151 59 41 4525 645
is_linear=0
shrinkage=0.05


Tree=131
num_leaves=31
num_cat=0
split_feature=8 8 14 12 5 7 12 0 1 10 12 0 12 8 5 8 12 11 9 5 0 0 14 10 14 5 10 6 10 12
split_gain=0.0621026 0.178925 0.228348 0.35419 0.462347 0.281513 0.509667 0.327684 0.371843 0.329124 0.422109 0.324556 0.265828 0.261409 0.262876 0.249399 0.233074 0.236111 0.429897 0.230599 0.223072 0.213101 0.208975 0.204487 0.193017 0.28828 0.201928 0.175658 0.267668 0.443798
threshold=-0.79921057767977144 -0.92532001154775134 2.0933630483520407 0.50193024084853854 44.82594125102397 0.06765335584687461 0.20549720289081994 0.074953676889383938 -0.038259331579421289 0.015383882762167513 0.11417656558317631 -0.042786603831606977 -0.037690781614771802 -3.1845524978997397 49.51819687013262 -1.3714002302823698 0.67411941244276308 -0.52638560201669538 0.97088259427057866 49.177134691589465 -0.060338828145336081 -0.071151957414205644 0.42011296395648295 0.14488825848505912 1.2511430331475824 43.229871957827946 -0.38759853644788106 0.02266098052154358 -0.41448807267335536 -0.74945127865564565
decision_type=2 2 2 2 2 2 2 2 2 2 2 2 2 2 2 2 2 2 2 2 2 2 2 2 2 2 2 2 2 2
left_child=1 2 5 4 12 6 19 8 27 10 11 21 -4 -6 -15 -9 17 -11 -19 -1 -18 -10 -12 -16 25 -3 -26 -7 29 -29
right_child=-2 24 3 -5 13 7 -8 15 9 16 22 -13 -14 14 23 -17 20 18 -20 -21 -22 -23 -24 -25 26 -27 -28 28 -30 -31
leaf_value=0.0032198806648098288 8.0538062914438328e-05 -0.0037532066187724988 0.0031401628335179007 -0.0045544928632720956 -0.0043588492723012516 -0.0024756015694521842 0.0078772591530448851 -0.00042500940442550931 -0.002638639698681586 -0.0019062005825904442 0.0062780093968562468 -5.4780838619326313e-05 0.010640815787372136 -0.0031500696029979737 0.0013751129973873808 0.0074711820040829482 0.003057928550988436 -0.010580265248899122 -0.0030086185728003712 -0.0037661118159087858 -0.004409875562414527 -0.0087197005758062017 0.00032342400617624929 0.0075935469815158283 -0.0009730978382994299 0.0033595342255596608 -0.007246549035711535 0.0044413270044606178 0.0021095832136375572 -0.004510222435928881
leaf_weight=21 4396 29 27 21 22 47 27 20 34 38 23 63 21 20 39 20 20 37 38 27 20 25 41 20 23 28 29 20 144 45
leaf_count=21 4396 29 27 21 22 47 27 20 34 38 23 63 21 20 39 20 20 37 38 27 20 25 41 20 23 28 29 20 144 45
internal_value=-1.56002e-12 -0.000357983 -0.000121293 0.00152471 0.00238152 -0.000515408 0.00238158 -0.000857572 -0.00115207 -0.00223827 -0.000825284 -0.00255047 0.0064217 0.000461428 0.00180378 0.00352309 -0.00395603 -0.00511711 -0.00674396 -0.00070974 -0.000675974 -0.00521536 0.00246335 0.00348306 -0.00226887 -0.000259229 -0.00447175 0.000286302 0.0009074 -0.0017559
internal_weight=5385 989 880 170 149 710 75 635 595 339 186 122 48 101 79 40 153 113 75 48 40 59 64 59 109 57 52 256 209 65
internal_count=5385 989 880 170 149 710 75 635 595 339 186 122 48 101 79 40 153 113 75 48 40 59 64 59 109 57 52 256 209 65
is_linear=0
shrinkage=0.05


Tree=132
num_leaves=31
num_cat=0
split_feature=6 3 1 3 1 1 12 7 12 7 7 6 3 0 2 10 3 13 4 4 0 13 2 2 0 2 3 12 10 2
split_gain=0.0576939 0.0731873 0.0764118 0.148751 0.328229 0.517755 0.209989 0.151187 0.140638 0.121156 0.19586 0.12726 0.10299 0.365189 0.329077 0.214814 0.166256 0.161517 0.0983667 0.10013 0.324049 0.328932 0.451954 0.305812 0.279945 0.229861 0.1907 0.145325 0.0974685 0.218908
threshold=0.073321599255601513 2.3962819260993498 0.63013447765011488 0.92721210899988249 0.30150308592555847 0.16814147040883334 -0.25996092340734595 0.22781928468550264 -0.46740583122455243 0.47367579540529897 0.37585921913259662 0.045920313763686042 0.75170169531297326 -0.013037956566360696 0.53692848641797264 0.18242678421760258 0.72868524829200987 -0.52297705313948895 0.64212017830514778 0.4135389015800745 -0.043427875252919405 -0.32369621829620426 0.022663933315616894 -0.17872267168237096 -0.1498329673636519 -0.036940101406824848 -0.041386975338810854 -0.44228896184214589 -0.65600776405159522 0.20539821329289101
decision_type=2 2 2 2 2 2 2 2 2 2 2 2 2 2 2 2 2 2 2 2 2 2 2 2 2 2 2 2 2 2
left_child=1 2 3 9 5 8 -7 -6 -5 10 12 -12 16 -14 15 17 18 -15 19 28 23 27 26 24 -21 -25 -23 -22 29 -1
right_child=-2 -3 -4 4 7 6 -8 -9 -10 -11 11 -13 13 14 -16 -17 -18 -19 -20 20 21 22 -24 25 -26 -27 -28 -29 -30 -31
leaf_value=-3.7343216229744841e-05 -0.0026156335182133178 0.0023226644213804426 0.0022295998752509291 -0.0056906699306435056 -0.0066858409794376189 0.0075467949976551945 0.00096608176482496436 -0.0014370227450221454 -0.00079073707456700504 -0.0038569872081279754 0.0063385562051553289 0.00076563429264795216 0.0057747142090063012 -0.0031565024929407701 -0.0054080063703662272 0.0055860033576292075 -0.0045731163234449925 0.0020786423208739831 0.0033307496542957699 0.0084783294051885612 -0.0021563812963325871 -0.0070451059621637283 0.0036534564246216584 -0.0051878813712392009 0.00089088483983951238 0.0012031613273874803 -0.00036934702657163146 -0.0072627604959004544 0.00012777494034599851 -0.0021780004480548656
leaf_weight=532 21 34 38 27 34 22 27 23 32 20 20 21 35 26 23 22 20 34 22 20 22 23 36 24 31 34 20 38 3950 154
leaf_count=532 21 34 38 27 34 22 27 23 32 20 20 21 35 26 23 22 20 34 22 20 22 23 36 24 31 34 20 38 3950 154
internal_value=4.471e-12 1.02402e-05 -4.51074e-06 -2.05531e-05 -0.00149823 0.000121871 0.00392069 -0.0045679 -0.00303308 2.70023e-05 4.22128e-05 0.00348413 1.43568e-05 0.00135163 -0.000122736 0.00135972 -2.36493e-05 -0.00018992 -5.10274e-06 -2.01291e-05 -0.000998963 -0.00259946 -0.000479746 0.00104204 0.00386635 -0.00144141 -0.0039401 -0.00539042 3.2233e-05 -0.000517899
internal_weight=5385 5364 5330 5292 165 108 49 57 59 5127 5107 41 5066 140 105 82 4926 60 4906 4884 248 139 79 109 51 58 43 60 4636 686
internal_count=5385 5364 5330 5292 165 108 49 57 59 5127 5107 41 5066 140 105 82 4926 60 4906 4884 248 139 79 109 51 58 43 60 4636 686
is_linear=0
shrinkage=0.05


Tree=133
num_leaves=31
num_cat=0
split_feature=8 5 13 6 1 1 8 2 14 5 8 11 2 5 7 7 9 9 3 2 6 9 11 13 13 6 9 2 8 11
split_gain=0.0571287 0.166907 0.172167 0.413765 0.258199 0.218309 0.402281 0.205276 0.421369 0.343455 0.325707 0.323834 0.263425 0.414942 0.547301 0.341903 0.308707 0.333725 0.306091 0.30161 0.293354 0.416382 0.302465 0.463698 0.270419 0.259025 0.257943 0.150413 0.144892 0.267649
threshold=-0.79921057767977144 64.453250677845986 0.70414549454721764 0.018508105017009498 -0.19008794069265836 0.24408557138595258 -2.2578072968949141 0.29454750071978703 2.0933630483520407 41.197142628632143 -2.2578072968949141 0.18740908078210858 0.001989738511591455 43.699949336230972 0.086443369361228525 0.10878038997415057 1.1121206640549459 0.85637466327980005 -0.052331311745171187 0.028298297475657933 0.032770283779519439 1.051891996555552 0.10091485018951417 -0.088804815217112074 -0.34237801989041339 0.021077542904059863 1.1759185936674494 0.17479320225822206 -0.29026967798204389 -0.26492881554794767
decision_type=2 2 2 2 2 2 2 2 2 2 2 2 2 2 2 2 2 2 2 2 2 2 2 2 2 2 2 2 2 2
left_child=1 2 4 -4 -1 7 -7 8 12 -10 -9 -11 13 16 -15 19 17 24 -18 -14 21 22 -17 -24 -6 -21 -16 -27 29 -2
right_child=28 -3 3 -5 5 6 -8 10 9 11 -12 -13 15 14 26 20 18 -19 -20 25 -22 -23 23 -25 -26 27 -28 -29 -30 -31
leaf_value=0.0032071723281184121 0.0023167198184609397 -0.0046497129263694988 0.0057362942291595241 -1.3968128115589873e-05 0.0028379211024730467 -0.0030425149874106325 0.0046774052606067722 0.0010403745686230453 0.0074395355451852083 -0.0033449829198486571 -0.0063311480278105932 0.0045699643955837621 -0.0058962999440898955 -0.0034640831075375897 0.010158712853191663 -0.0094083739301333066 -0.0074307539330964734 0.0045772039302391931 -0.00067091415180852093 -0.0014823645857783656 -0.0079728468398873997 0.0012076225597411395 -0.0079631191282533119 0.0026747585185581731 -0.0044133870196270035 0.0061411939527412571 0.0023946813668590042 0.00034686609925258731 -4.6934886073369261e-05 0.0001281118263102758
leaf_weight=42 194 22 38 177 20 27 45 23 25 28 43 24 22 20 23 26 33 32 34 66 36 41 20 21 36 24 20 21 3703 499
leaf_count=42 194 22 38 177 20 27 45 23 25 28 43 24 22 20 23 26 33 32 34 66 36 41 20 21 36 24 20 21 3703 499
internal_value=-1.47249e-12 -0.000343348 -0.000245375 0.00100236 -0.000602107 -0.000827445 0.00178244 -0.00112198 -0.000817326 0.00262348 -0.00376228 0.00030807 -0.00135256 -5.23697e-05 0.00336924 -0.00237582 -0.00144309 0.000503943 -0.00400039 -0.000547984 -0.00406403 -0.00276109 -0.0051897 -0.00251445 -0.00182363 0.000512043 0.00654754 0.00343717 7.72456e-05 0.000740796
internal_weight=5385 989 967 215 752 710 72 638 572 77 66 52 495 218 63 277 155 88 67 133 144 108 67 41 56 111 43 45 4396 693
internal_count=5385 989 967 215 752 710 72 638 572 77 66 52 495 218 63 277 155 88 67 133 144 108 67 41 56 111 43 45 4396 693
is_linear=0
shrinkage=0.05


Tree=134
num_leaves=31
num_cat=0
split_feature=13 0 13 3 9 13 12 10 4 4 14 2 2 4 9 1 0 8 12 13 9 8 4 4 11 14 8 2 0 13
split_gain=0.0567233 0.247657 0.133893 0.175275 0.215164 0.111297 0.0773413 0.101656 0.243612 0.352012 0.275451 0.11055 0.0780975 0.131834 0.251577 0.126231 0.283089 0.294371 0.242599 0.206453 0.177988 0.121005 0.289769 0.211509 0.225438 0.270145 0.200905 0.139354 0.12905 0.389297
threshold=-2.6499059136653353 0.033516709056989231 -1.9794443355391382 -0.1264966506061139 1.2684222236776992 -1.8562818010688436 -3.0624098081889826 -1.3348222310386684 0.25942830765237984 0.3176264553779265 2.1723954299363046 0.079665817786093066 1.0671052427260728 0.54493978681134081 1.4453331568235614 -0.24733066928670941 -0.074117432715256934 -0.075080154121304102 0.033938678312358396 0.59513237353194581 1.1555119812639989 2.6534059486572059 0.19340476700929102 0.24724275586322089 0.17230668551300446 0.54712966399243179 2.4189098644513773 0.067608664863410897 -0.081745124539293654 1.0262137975852725
decision_type=2 2 2 2 2 2 2 2 2 2 2 2 2 2 2 2 2 2 2 2 2 2 2 2 2 2 2 2 2 2
left_child=1 -1 3 -2 -5 -4 -7 8 -8 -10 11 -11 13 15 -15 16 17 19 -19 -9 -18 26 -23 -24 25 -25 28 -26 29 -17
right_child=2 -3 5 4 -6 6 7 12 9 10 -12 -13 -14 14 -16 21 20 18 -20 -21 -22 22 23 24 27 -27 -28 -29 -30 -31
leaf_value=0.0052122477160689113 0.0013176003483489954 -0.0023213204019702969 0.0035665313734418967 -0.00037758408499688939 -0.0063692953843142719 -0.003025507628695951 0.0049577457514325424 -8.7291263043880475e-05 -0.0041278716346079651 0.0022222320184759471 0.0063443051502108582 -0.0027354660168798133 -0.0022503226816367647 -0.00023775415452705189 0.0058249504538252957 -0.0013704869830047353 -0.007891601779619636 -0.0010930627296064895 0.0060409967189815903 -0.0066455704718828201 -0.0014421766484156251 0.0034223070467955304 -0.0047797003519954168 0.0012720074970275165 -0.0011911326249980409 -0.0058808788180943926 0.0038871108458432206 0.0041517662820227163 0.00012319067054079939 0.0021899090991252148
leaf_weight=24 28 20 22 29 31 21 35 30 33 23 25 22 39 44 28 419 23 22 26 20 20 28 50 22 23 33 34 26 4091 94
leaf_count=24 28 20 22 29 31 21 35 30 33 23 25 22 39 44 28 419 23 22 26 20 20 28 50 22 23 33 34 26 4091 94
internal_value=3.42147e-12 0.0017879 -1.4729e-05 -0.00194892 -0.0034733 1.76733e-05 2.74786e-06 1.49539e-05 0.00135391 0.00012931 0.00213627 -0.000201531 -2.14768e-05 -4.20579e-06 0.00211996 -3.50343e-05 -0.00150966 -2.56287e-05 0.00277122 -0.0027106 -0.00489187 8.10308e-06 -0.00125657 -0.00210727 -0.000822452 -0.00301972 5.77301e-05 0.00164387 2.94506e-05 -0.000718095
internal_weight=5385 44 5341 88 60 5253 5231 5210 138 103 70 45 5072 5033 72 4961 141 98 48 50 43 4820 182 154 104 55 4638 49 4604 513
internal_count=5385 44 5341 88 60 5253 5231 5210 138 103 70 45 5072 5033 72 4961 141 98 48 50 43 4820 182 154 104 55 4638 49 4604 513
is_linear=0
shrinkage=0.05


Tree=135
num_leaves=31
num_cat=0
split_feature=9 9 5 8 9 2 3 10 12 3 5 9 9 3 6 13 9 1 5 5 10 7 10 1 2 10 1 2 12 2
split_gain=0.058433 0.08039 0.280572 0.203347 0.140984 0.232615 0.302134 0.211639 0.201609 0.151954 0.136106 0.129085 0.128995 0.328893 0.363458 0.177994 0.166401 0.0859298 0.384575 0.292517 0.259746 0.206333 0.200633 0.18117 0.117942 0.114762 0.246589 0.105557 0.0988948 0.413562
threshold=3.1941319933717818 2.2130170572706911 63.709835040209143 0.022276345001248286 1.8759038194036137 0.37302380717210898 0.84240663894904577 0.37435652696522104 -0.39448917054855492 0.27411025179736842 45.929653934491 2.5526878248007505 1.7768819187834659 -0.092348684195191141 0.027114147741001512 -0.46817191574578348 1.7616545439659861 0.30980585147489831 65.27470769090182 76.955245729652404 0.55738368853270781 0.16049319499952472 -0.39425309729711472 0.28885326380658033 0.22203913003551637 -1.4112032685981826 0.0089956026668507345 0.53692848641797264 -1.3298331798189194 0.29454750071978703
decision_type=2 2 2 2 2 2 2 2 2 2 2 2 2 2 2 2 2 2 2 2 2 2 2 2 2 2 2 2 2 2
left_child=1 4 3 11 12 7 -7 8 9 -6 -10 -3 16 -14 -15 -16 17 23 20 21 22 -20 -19 25 -25 26 -1 -24 29 -27
right_child=-2 2 -4 -5 5 6 -8 -9 10 -11 -12 -13 13 14 15 -17 -18 18 19 -21 -22 -23 27 24 -26 28 -28 -29 -30 -31
leaf_value=-0.0011700603955735764 -0.0026323329657316208 -0.00092394967497583767 -0.002962339868148168 0.0057568511011953831 0.0015509705458368575 -0.0087113445794040519 -0.00042480333623560996 -0.0033298710430972283 0.0064975174190476537 -0.0045386973582208154 0.00085771545848768694 0.0037021640272578227 -0.0035220178168105043 -0.00033818088398364035 0.0096654883452824188 0.0032986254046630603 -0.0044505579663174496 -0.0011314114629798993 -0.00091297715687407898 0.0016237463317811491 -0.0030060843170548863 -0.0063344247649958427 0.0066260227775533824 -1.4132502573457632e-05 0.004657798502261618 -0.00029100640650091839 0.0054699678616277102 0.0019365535162034491 4.5687396023371335e-05 -0.0070822280813008552
leaf_weight=27 21 38 30 33 21 22 22 40 20 20 23 25 23 38 21 23 21 22 26 25 26 54 28 22 35 217 29 21 4387 25
leaf_count=27 21 38 30 33 21 22 22 40 20 20 23 25 23 38 21 23 21 22 26 25 26 54 28 22 35 217 29 21 4387 25
internal_value=1.54508e-12 1.03056e-05 0.00125833 0.00257729 -1.97157e-05 -0.00144474 -0.00456807 -0.000336456 0.00108898 -0.0014196 0.00348088 0.00091181 2.75039e-05 0.00176177 0.00324381 0.00633736 -9.17249e-06 9.69262e-06 -0.00100028 -0.00309717 0.00126956 -0.00457245 0.00283528 5.27153e-05 0.0028546 1.86262e-05 0.00226853 0.00461625 -8.59224e-06 -0.000992579
internal_weight=5385 5364 126 96 5238 168 44 124 84 41 43 63 5070 105 82 44 4965 4944 202 105 97 80 71 4742 57 4685 56 49 4629 242
internal_count=5385 5364 126 96 5238 168 44 124 84 41 43 63 5070 105 82 44 4965 4944 202 105 97 80 71 4742 57 4685 56 49 4629 242
is_linear=0
shrinkage=0.05


Tree=136
num_leaves=31
num_cat=0
split_feature=6 4 14 2 4 4 8 9 8 7 11 7 13 13 1 13 9 7 12 11 13 11 7 7 9 1 10 10 8 11
split_gain=0.0591027 0.274063 0.332956 0.318955 0.250545 0.510047 0.479521 0.363764 0.355999 0.340475 0.44541 0.358365 0.368619 0.519642 0.338158 0.363459 0.38567 0.322405 0.313785 0.308164 0.35465 0.295936 0.448743 0.366843 0.378211 0.448104 0.307333 0.290549 0.392907 0.287746
threshold=0.026246700876373371 0.2324746577410943 -0.84563327813702205 -0.13589018144073314 0.20669828824040593 0.19743500631158439 2.6534059486572059 1.1400817105183496 -1.9364376852113538 0.14980542169148323 -0.33519216372554844 0.12674166434738773 0.5771912731528025 0.95426334509023636 0.26400985713369379 -0.6361217164805345 1.1802626343840246 0.064882279100734783 0.096737973202370417 0.62844704841983723 0.65969047392939439 0.92729978374122568 0.076359111817364406 0.083684347003672374 0.43482326745559169 0.053852846539829809 -0.30382715951768785 0.61309683579959107 0.56691157336597398 0.15245851966305712
decision_type=2 2 2 2 2 2 2 2 2 2 2 2 2 2 2 2 2 2 2 2 2 2 2 2 2 2 2 2 2 2
left_child=1 4 -3 -4 5 27 7 8 -6 11 -11 12 -10 -14 15 -9 -17 -18 -12 20 -19 23 -23 -7 -25 -26 -27 -1 29 -29
right_child=-2 2 3 -5 6 21 -8 14 9 10 18 -13 13 -15 -16 16 17 19 -20 -21 -22 22 -24 24 25 26 -28 28 -30 -31
leaf_value=-5.332735987440202e-05 0.00021236267302672621 0.0030651013454189528 -0.0066545579416145174 -0.0011732558203149362 -0.0041448270711539822 -0.0054548650163780445 -0.0056436823189465538 -0.0055893323964685097 0.0034114543288695752 0.011622234043620882 -0.00088961280998773879 -0.0023912264418828747 -0.0045167376857716589 0.0041078924171386233 0.0048428844128336227 -0.0055332936346530921 0.0066013209122632232 0.0030574351053637189 0.0068784788071822658 -0.0038896593608354272 -0.0036855607526376844 0.0071122204069979491 -0.0017246424457898328 -0.0078038766216195661 0.0027526401794360331 0.001173995933137261 -0.0056826271841683516 -0.00082222165631681268 0.0076435698528907123 0.0048285173139337341
leaf_weight=1619 2037 44 28 509 22 89 27 36 212 21 26 46 40 31 28 28 21 78 26 38 26 20 51 20 60 26 44 71 28 33
leaf_count=1619 2037 44 28 509 22 89 27 36 212 21 26 46 40 31 28 28 21 78 26 38 26 20 51 20 60 26 44 71 28 33
internal_value=1.08914e-12 -0.000129206 -0.00111644 -0.00145906 7.80873e-05 -0.000200378 0.000891002 0.00115085 0.00204835 0.00238727 0.0054764 0.00170185 0.00236715 -0.000751054 -0.000341456 -0.000980935 -0.000112336 0.000818871 0.00299443 -3.62796e-05 0.00137169 -0.00206976 0.000764615 -0.00291177 -0.00140287 -0.000418102 -0.00313588 0.00013058 0.00238624 0.000970801
internal_weight=5385 3348 581 537 2767 2061 706 679 424 402 73 329 283 71 255 227 191 163 52 142 104 310 71 239 150 130 70 1751 132 104
internal_count=5385 3348 581 537 2767 2061 706 679 424 402 73 329 283 71 255 227 191 163 52 142 104 310 71 239 150 130 70 1751 132 104
is_linear=0
shrinkage=0.05


Tree=137
num_leaves=31
num_cat=0
split_feature=9 9 5 8 2 1 9 1 3 3 2 13 2 13 10 3 9 10 8 3 12 12 4 8 4 12 10 14 8 8
split_gain=0.0531845 0.0715255 0.254575 0.184469 0.13157 0.125108 0.116656 0.0914222 0.271031 0.567003 0.0958238 0.278335 0.276857 0.233577 0.407801 0.636622 0.458722 0.228914 0.226756 0.243419 0.318886 0.247801 0.205156 0.203091 0.195364 0.168547 0.252343 0.355889 0.235423 0.200073
threshold=3.1941319933717818 2.2130170572706911 63.709835040209143 0.022276345001248286 1.0671052427260728 0.63013447765011488 2.5526878248007505 0.3856622777669661 0.41975210272628888 0.72868524829200987 0.38929503317421704 -1.0294637376357454 0.30477238753734742 -0.28356508560795751 -0.46479482749747231 0.51878715321827895 1.0869368023328423 0.53652808180817402 0.94171901658240909 0.50523207370339784 0.30150422858192466 -0.74945127865564565 0.30074367494303011 0.12449349643989525 0.22581271111205495 0.061581214610751951 0.31852887827985293 2.5570055772591131 0.032757125087797642 -0.25084372163077673
decision_type=2 2 2 2 2 2 2 2 2 2 2 2 2 2 2 2 2 2 2 2 2 2 2 2 2 2 2 2 2 2
left_child=1 4 3 6 5 7 -3 10 -9 -10 12 -12 -1 14 16 -16 -14 18 19 23 21 -21 -19 -13 -23 26 27 28 -15 -27
right_child=-2 2 -4 -5 -6 -7 -8 8 9 -11 11 17 13 25 15 -17 -18 22 -20 20 -22 24 -24 -25 -26 29 -28 -29 -30 -31
leaf_value=5.1024577905165797e-05 -0.0025113344902083987 -0.00088802073319369044 -0.0028333480687191093 0.0054717821739331792 -0.0034998039956446051 0.0039465130679309365 0.0035097402920946479 -0.0057907631870842092 0.0052689103533824291 -0.0039263650799464238 -0.0023179987599308205 0.0064951727953361906 -0.0025507143812137658 -0.0050436397866261279 0.001064044856466353 -0.0096866430714726455 0.0071021565105183985 -0.0054347107477951797 0.0063765326105379343 0.0032842965051531796 0.0055727320237328182 -0.0065497488957979456 0.001422025040180112 0.00051206838663505466 -0.00078561684610892321 0.0032651871413690971 0.0003136887862954451 -0.0012551078006961488 -0.012539001032710077 -0.0027451614544002547
leaf_weight=4519 21 38 30 33 27 20 25 27 30 38 56 37 20 22 40 21 32 20 29 25 23 21 24 23 49 20 23 27 20 45
leaf_count=4519 21 38 30 33 27 20 25 27 30 38 56 37 20 22 40 21 32 20 29 25 23 21 24 23 49 20 23 27 20 45
internal_value=9.47764e-13 9.83185e-06 0.00118704 0.00244341 -1.84859e-05 -4.47966e-07 0.000857123 -1.56549e-05 -0.00155248 0.000130374 1.29946e-05 0.000869333 -4.19012e-05 -0.0015972 0.000136257 -0.00263701 0.00338951 0.00158045 0.00227661 0.00160865 0.000290172 -0.000988764 -0.00169467 0.00420165 -0.00251486 -0.00284485 -0.00422188 -0.00573374 -0.00861286 -0.000895823
internal_weight=5385 5364 126 96 5238 5211 63 5191 95 68 5096 307 4789 270 113 61 52 251 207 178 118 95 44 60 70 157 92 69 42 65
internal_count=5385 5364 126 96 5238 5211 63 5191 95 68 5096 307 4789 270 113 61 52 251 207 178 118 95 44 60 70 157 92 69 42 65
is_linear=0
shrinkage=0.05


Tree=138
num_leaves=31
num_cat=0
split_feature=0 5 12 0 5 14 4 8 10 4 11 3 14 0 11 8 8 8 8 10 4 12 10 11 4 8 3 8 13 13
split_gain=0.0562055 0.343397 0.284936 0.248351 0.232414 0.143721 0.132525 0.251562 0.595895 0.327526 0.594962 0.409873 0.348194 0.278892 0.243812 0.227682 0.214879 0.322822 0.285752 0.187268 0.364945 0.360691 0.329564 0.302037 0.315549 0.273004 0.629748 0.447638 0.459686 0.477886
threshold=0.010150675402483602 58.677763239228398 0.21340960132870893 0.00062529983024650637 44.40584064298352 -1.6202666333043423 0.16992979792978538 0.61570637746381529 0.11052645020096365 0.16085607158238499 0.27433579432115118 -0.0077749492795143307 0.32092273159217333 0.06455491510003665 0.27433579432115118 1.064507472347185 0.35469442818090396 0.19696631502328113 0.11255610819575719 0.2493572171963552 0.17745694071507734 -0.77933303032025947 0.66215268772508462 -1.215462166866599 0.17963103145699333 0.15276888738401298 0.63388735003279484 0.59679121276919667 -0.020535425814736771 0.65969047392939439
decision_type=2 2 2 2 2 2 2 2 2 2 2 2 2 2 2 2 2 2 2 2 2 2 2 2 2 2 2 2 2 2
left_child=1 5 3 -3 -2 -1 7 9 13 11 -11 -6 -13 14 -9 -10 17 18 -14 20 -8 22 -21 -22 -25 26 -23 28 -27 -30
right_child=4 2 -4 -5 6 -7 19 8 15 10 -12 12 16 -15 -16 -17 -18 -19 -20 21 23 25 -24 24 -26 27 -28 -29 29 -31
leaf_value=0.0031615599565317527 0.0044666510886482652 -0.0045794003521618639 -0.0075172663001077519 0.0030388970533385875 -0.0057419646813562427 -0.00011040600957294884 0.0038151186816061718 -0.0072745510551612824 0.0025543687045574189 -0.0091984557441195866 -0.00064642801002230297 0.0060414155904689563 5.6251799754266231e-05 0.0024072454885269209 1.262741121040149e-05 0.0095286824444139554 -0.0038001448348857084 0.0045625362156847078 -0.0062525688833557072 -0.0006242207489493821 -0.0034769015202376374 -0.0021393427531584209 -0.0069942206937215617 -0.0045053963056610278 0.00068327418580139759 -0.00087418578561078506 0.0059537994675338268 -0.00042440377641469237 0.0097612470168516874 0.0022371318118244994
leaf_weight=34 31 23 28 20 33 2603 84 24 25 33 53 23 175 30 22 22 39 36 20 45 48 219 37 30 1259 45 27 230 36 51
leaf_count=34 31 23 28 20 33 2603 84 24 25 33 53 23 175 30 22 22 39 36 20 45 48 219 37 30 1259 45 27 230 36 51
internal_value=-2.11344e-12 -0.000160608 -0.003592 -0.00103601 0.000162468 -6.82191e-05 0.000112041 -0.000590855 0.00139346 -0.00118326 -0.00392802 -0.000459184 0.000135805 -0.00134334 -0.00378938 0.00581894 -0.000367265 0.000212312 -0.000590807 0.000290179 0.000618338 -0.000385641 -0.00349849 0.000417494 0.000562514 3.41841e-05 -0.00125107 0.000907589 0.00322849 0.00535056
internal_weight=5385 2708 71 43 2677 2637 2646 535 123 412 86 326 293 76 46 47 270 231 195 2111 1421 690 82 1337 1289 608 246 362 132 87
internal_count=5385 2708 71 43 2677 2637 2646 535 123 412 86 326 293 76 46 47 270 231 195 2111 1421 690 82 1337 1289 608 246 362 132 87
is_linear=0
shrinkage=0.05


Tree=139
num_leaves=31
num_cat=0
split_feature=11 0 9 7 13 2 6 5 11 12 13 11 3 5 0 2 12 6 9 6 9 12 6 9 5 3 3 11 10 2
split_gain=0.0540764 0.237288 0.237009 0.339123 0.251214 0.212254 0.188996 0.347813 0.241201 0.390114 0.132722 0.121209 0.317044 0.302392 0.147859 0.0853216 0.143122 0.193084 0.317244 0.215504 0.140263 0.136079 0.128759 0.111686 0.230044 0.208947 0.296242 0.165666 0.15618 0.150167
threshold=1.5269215890232772 0.17915313189024942 0.8010635192134582 0.0652452189020334 -1.0912436185000909 -0.057647566268300636 0.020455878055868324 61.784449251438311 2.0665915526571026 0.096737973202370417 -0.64978680499375041 1.4036145953739625 0.25272511061065789 55.604817281157288 -0.022259528689391014 0.88626148036357477 -1.7483322376753418 0.030408132146673445 1.2155861136871666 0.038810740353533157 2.2130170572706911 -2.3252621041998736 0.048602087358685681 0.21965721127833082 37.039744441588127 -0.081759596324911241 0.30210155780062692 0.60600295751954503 0.63726205526457369 0.12298009299491831
decision_type=2 2 2 2 2 2 2 2 2 2 2 2 2 2 2 2 2 2 2 2 2 2 2 2 2 2 2 2 2 2
left_child=11 2 4 -4 5 -2 -5 8 9 10 -8 15 13 14 -13 16 17 -1 21 -20 22 -19 -17 24 -18 28 29 -28 -26 -27
right_child=1 -3 3 6 -6 -7 7 -9 -10 -11 -12 12 -14 -15 -16 20 23 18 19 -21 -22 -23 -24 -25 25 26 27 -29 -30 -31
leaf_value=-0.0043015402167495475 0.0027601807232713327 0.0040722893737256535 0.0030715382003610762 0.00087236364604905249 0.0036722535346733762 -0.0037312494848960988 -0.0043237890466116371 -0.008734262741815586 0.00088335021566122009 -0.00016037960363647497 -0.0096390041968096862 0.003768528621211382 -0.0024278318174765449 0.0082857481548157721 -0.0017090474890375683 0.0030283956974744798 0.0026552395347286678 -0.00012695904821157455 0.00068432935746386657 -0.0062790359184145932 0.0050531243693760853 0.0055715941035569738 -0.002514768569645557 7.8439981141510673e-05 -0.0081242906022816891 0.0020366480308943069 -0.0014658845104277135 -0.0075711920752655724 -0.0019505327345714684 -0.0026642160652124366
leaf_weight=45 20 25 29 30 47 34 24 26 39 39 23 28 32 23 22 20 34 20 20 25 22 22 22 4540 20 65 25 20 21 23
leaf_count=45 20 25 29 30 47 34 24 26 39 39 23 28 32 23 22 20 34 20 20 25 22 22 22 4540 20 65 25 20 21 23
internal_value=4.16594e-13 -0.000614206 -0.000990934 -0.00194818 0.000999377 -0.00132702 -0.00275244 -0.0034726 -0.00237818 -0.00385724 -0.00692485 4.08741e-05 0.00172192 0.00354099 0.0013584 5.1723e-06 -1.86147e-05 -0.0016426 -0.000267281 -0.00318421 0.00181893 0.002858 0.000124833 2.65339e-05 -0.00110642 -0.00184145 -0.000879442 -0.00417935 -0.00496212 0.000808013
internal_weight=5385 336 311 210 101 54 181 151 125 86 47 5049 105 73 50 4944 4880 132 87 45 64 42 42 4748 208 174 133 45 41 88
internal_count=5385 336 311 210 101 54 181 151 125 86 47 5049 105 73 50 4944 4880 132 87 45 64 42 42 4748 208 174 133 45 41 88
is_linear=0
shrinkage=0.05


Tree=140
num_leaves=31
num_cat=0
split_feature=9 8 1 14 11 11 4 13 0 2 10 8 9 8 8 9 1 3 3 10 9 1 10 0 13 0 4 4 0 3
split_gain=0.0534506 0.0715045 0.271101 0.488108 0.303362 0.256978 0.343744 0.223935 0.217198 0.203327 0.237775 0.189155 0.219226 0.155554 0.263476 0.198453 0.209805 0.16999 0.3426 0.279146 0.23956 0.217711 0.250687 0.33397 0.202206 0.189663 0.245982 0.357038 0.340793 0.335243
threshold=3.1941319933717818 1.947342004994961 0.094883767540701505 0.68887841286963714 0.27433579432115118 0.44007484514196604 0.28590934468595292 -0.52297705313948895 0.0093205552629667138 0.38216038032427152 -0.12149847172335763 2.4189098644513773 1.0240061753620351 0.7168533012247259 0.76907586862112298 2.5526878248007505 0.54510591727190738 0.29050109745087443 0.44324272009618099 -0.85591390001320033 1.6770871851252609 0.10731469896107272 -0.31066197962871389 0.12474479150744146 -0.036248835788548435 -0.077670171027932763 0.32583691599810344 0.2539968526318459 -0.00065137150250282872 -0.081759596324911241
decision_type=2 2 2 2 2 2 2 2 2 2 2 2 2 2 2 2 2 2 2 2 2 2 2 2 2 2 2 2 2 2
left_child=1 13 3 5 9 7 -7 -3 -9 10 -4 -5 -13 15 -15 16 -1 19 24 -16 25 -20 -23 -24 -19 -21 27 29 -29 -27
right_child=-2 2 4 11 -6 6 -8 8 -10 -11 -12 12 -14 14 17 -17 -18 18 21 20 -22 22 23 -25 -26 26 -28 28 -30 -31
leaf_value=-0.0001231055661048289 -0.0025176079145499638 -0.0031883094894389315 -0.0099207251656638559 -3.866070903660286e-05 0.00031580080888516304 -0.0074362231565949823 -4.1184876692678893e-05 -0.0011377660360074404 0.004255017895403123 -0.0011679682857356965 -0.0032557996048126372 0.0090464907290879644 0.0023563023009337486 0.0038396013228015769 -0.0029369745369455438 0.0030803595343604686 0.0034710926705617852 -0.0060893196918602507 0.0041817616381858652 0.0055133517163441234 0.0067290736781433231 0.0035823361123523989 -0.0066261025480926043 0.0019269810723406928 -0.001113383686265015 -0.0044543905815641795 -0.0017360571873625205 0.00027903886395506559 0.0087051068851724273 0.001383543192319074
leaf_weight=4186 21 30 23 21 66 30 33 33 43 35 32 24 25 63 41 50 41 35 37 23 20 24 25 21 49 28 74 20 30 202
leaf_count=4186 21 30 23 21 66 30 33 33 43 35 32 24 25 63 41 50 41 35 37 23 20 24 25 21 49 28 74 20 30 202
internal_value=8.95949e-13 9.85641e-06 -0.000637626 0.000420652 -0.00225896 -0.00103358 -0.00356263 0.00046953 0.00191341 -0.00414712 -0.00604295 0.00393159 0.00563313 6.13267e-05 0.00075682 -5.12011e-05 -8.82435e-05 0.000448052 -0.000796684 0.000990847 0.00139649 0.00107958 -0.000560141 -0.00272143 -0.00318669 0.0011136 0.000827736 0.00150531 0.00533468 0.000672838
internal_weight=5385 5364 395 239 156 169 63 106 76 90 55 70 49 4969 692 4277 4227 629 191 438 397 107 70 46 84 377 354 280 50 230
internal_count=5385 5364 395 239 156 169 63 106 76 90 55 70 49 4969 692 4277 4227 629 191 438 397 107 70 46 84 377 354 280 50 230
is_linear=0
shrinkage=0.05


Tree=141
num_leaves=31
num_cat=0
split_feature=6 4 10 9 9 8 6 13 4 13 0 1 13 9 9 7 9 10 10 1 7 7 14 8 0 0 14 7 7 4
split_gain=0.0534021 0.0963472 0.133004 0.169914 0.244074 0.166837 0.0994211 0.250999 0.114066 0.128242 0.0681564 0.33191 0.612087 0.356586 0.32169 0.582365 0.388318 0.280297 0.273013 0.652909 0.371505 0.344195 0.336306 0.400096 0.31337 0.38579 0.308784 0.257755 0.252292 0.241284
threshold=0.011113522153326229 0.12707851606120596 0.13899323349505524 0.50299074221149576 0.82978856100015308 -0.0099153173082422979 0.013290222294133607 0.17594255492234204 0.13418449508870298 0.4407611859424963 0.04244069279133323 0.0032839769894486008 -0.79803441097385941 1.2403585259114533 1.5420924190297007 0.12623057981627092 1.7616545439659861 -0.48325307823640257 -0.34282322046682551 0.012840692830972224 0.062249697210819889 0.074003120115343018 0.80389763795841807 -0.071001149415172313 0.047916201235548524 0.051105893834799361 0.46451756820421813 0.12338694680710847 0.094493838546455627 0.26903046350027698
decision_type=2 2 2 2 2 2 2 2 2 2 2 2 2 2 2 2 2 2 2 2 2 2 2 2 2 2 2 2 2 2
left_child=-1 2 3 -2 -5 -4 7 -3 9 -8 -10 12 17 -14 15 -15 -16 -12 21 -20 -21 -13 23 -23 -22 -26 27 -25 -24 -29
right_child=1 6 5 4 -6 -7 8 -9 10 -11 11 18 13 14 16 -17 -18 -19 19 20 24 22 28 26 25 -27 -28 29 -30 -31
leaf_value=0.002458378210642629 -0.0066984816268086432 0.0061367767883221749 0.0040491581993410365 0.003019658271223307 -0.0041601844164061144 -0.0023317638033490983 -0.00027619636247811072 -0.0005871391808614135 -0.00011048051449610971 -0.0051103380873151454 0.0015227376405770581 0.0054247175689595634 0.0043160348395199083 -0.0089993200264871127 0.0085993491369299596 0.0024476079223677517 -0.00028192865356686526 -0.0053792997024414181 -0.008344539235202739 -0.0050924826962634546 0.0041626407832997597 0.0084941507205367091 -0.0041434672837321824 0.004112799257494598 -0.005980453672337121 -0.00011502842287087234 0.0065595172618313456 -0.0066617394378408789 0.00022856874120436976 0.00084739305817967527
leaf_weight=22 20 23 20 20 29 21 34 35 3355 23 24 39 156 20 20 25 32 38 26 39 41 25 37 21 29 842 21 20 305 23
leaf_count=22 20 23 20 20 29 21 34 35 3355 23 24 39 156 20 20 25 32 38 26 39 41 25 37 21 29 842 21 20 305 23
internal_value=4.72562e-12 -1.00847e-05 -0.0014746 -0.00281481 -0.00122964 0.000780881 2.05828e-05 0.00207924 -2.40127e-06 -0.00222681 2.2276e-05 0.000272079 0.00174477 0.00283585 0.000455351 -0.00263992 0.00313395 -0.00270754 -4.39284e-05 -0.000527312 -0.000313592 0.000917916 0.000529055 0.00293389 -0.000109231 -0.000310318 0.00129852 -0.000427749 -0.000244429 -0.00264523
internal_weight=5385 5363 110 69 49 41 5253 58 5195 57 5138 1783 315 253 97 45 52 62 1468 977 951 491 452 110 912 871 85 64 342 43
internal_count=5385 5363 110 69 49 41 5253 58 5195 57 5138 1783 315 253 97 45 52 62 1468 977 951 491 452 110 912 871 85 64 342 43
is_linear=0
shrinkage=0.05


Tree=142
num_leaves=31
num_cat=0
split_feature=12 12 8 2 2 8 6 0 5 12 9 4 14 2 1 5 2 5 12 4 11 0 9 9 9 5 5 14 2 5
split_gain=0.0528747 0.0664671 0.21658 0.230018 0.280972 0.364985 0.670544 0.518661 0.497249 0.417131 0.320988 0.26288 0.309518 0.221159 0.21834 0.180298 0.179658 0.204458 0.229291 0.234681 0.356592 0.194456 0.190403 0.16779 0.475876 0.311772 0.283216 0.248707 0.23656 0.23755
threshold=2.460419036470459 0.71100182592985017 -0.020384102021379951 0.27490589662628301 -0.11210487783884691 0.10000412983856645 0.023855743524434959 0.1301669000860968 57.908613222717342 0.78053610897812675 0.59573346603761979 0.17669262681691675 0.78015481656400287 0.38929503317421704 -0.078401192741990686 55.339882699373362 -0.44163151895948077 26.078018204724682 0.63568800211216658 0.19954712856600007 0.010434041202088561 0.055208297440861982 0.92716310372144373 0.93452873511678114 0.74717975586810181 40.845241342680957 46.184190469512451 1.8715349491453839 -0.19024443935650406 37.254651909625409
decision_type=2 2 2 2 2 2 2 2 2 2 2 2 2 2 2 2 2 2 2 2 2 2 2 2 2 2 2 2 2 2
left_child=1 16 23 4 -4 15 9 8 14 -7 -11 -12 -13 -5 -8 -6 -1 -18 -19 22 -21 -22 -20 24 25 -3 -26 28 -25 -30
right_child=-2 2 3 13 5 6 7 -9 -10 10 11 12 -14 -15 -16 -17 17 18 19 20 21 -23 -24 27 26 -27 -28 -29 29 -31
leaf_value=0.0042125019876178933 0.0025040082367403169 -0.0020533019586000591 0.00057440498733786493 0.0050436780588435275 -0.003196511092369981 -0.004100786169874482 -0.0071114950134263683 0.0028177074882911428 -0.01118033178150654 -0.0019665667011092109 0.0082193823079041283 0.0064590074248950594 -0.0014661502034869047 -0.0010867211757408033 -0.0010501527221491323 -0.0086003803463395815 -0.0033091268212431012 1.2555564742556121e-05 0.002157936488998361 0.00442998293337637 0.00025984800606966021 -0.0063547275197925052 0.0076452131569385538 -0.0018624092013730356 -0.0013898976769269212 0.0029797381657408551 -0.00857515725074336 -0.0027482116284469767 0.007246096770244616 0.0020472309315356161
leaf_weight=26 21 50 118 28 33 32 24 21 30 30 26 22 28 31 39 29 45 4269 43 29 25 20 25 30 32 80 24 30 27 118
leaf_count=26 21 50 118 28 33 32 24 21 30 30 26 22 28 31 39 29 45 4269 43 29 25 20 25 30 32 80 24 30 27 118
internal_value=-3.80789e-13 -9.80316e-06 -0.000406566 -0.00110575 -0.00150569 -0.00228738 -0.00144183 -0.00427956 -0.00588217 0.000902375 0.00241276 0.00414145 0.00202092 0.00182262 -0.00335924 -0.00572413 6.82746e-05 4.40938e-05 7.83025e-05 0.00205488 0.000106367 -0.00267996 0.00417532 0.000471439 -0.000615949 0.00104395 -0.00446929 0.00145805 0.00217912 0.0030153
internal_weight=5385 5364 882 491 432 314 252 114 93 138 106 76 50 59 63 62 4482 4456 4411 142 74 45 68 391 186 130 56 205 175 145
internal_count=5385 5364 882 491 432 314 252 114 93 138 106 76 50 59 63 62 4482 4456 4411 142 74 45 68 391 186 130 56 205 175 145
is_linear=0
shrinkage=0.05


Tree=143
num_leaves=31
num_cat=0
split_feature=13 0 13 11 8 0 13 3 14 8 3 6 1 0 1 13 1 3 0 13 6 9 5 8 0 1 4 1 14 8
split_gain=0.0513793 0.218848 0.119523 0.157261 0.157462 0.0989906 0.096478 0.0738868 0.306572 0.32092 0.297625 0.23644 0.277553 0.334985 0.241697 0.264967 0.299144 0.240831 0.337715 0.315784 0.298611 0.247113 0.223125 0.328639 0.425685 0.21908 0.666514 0.461916 0.265836 0.239019
threshold=-2.6499059136653353 0.033516709056989231 -1.9794443355391382 0.78381478601015886 0.22731001357811681 -0.0065067667301521017 -1.8562818010688436 -0.10158510470982278 -0.40173517189471936 0.17832990829775233 -0.097263108126724049 0.024321514933370512 -0.23738391229669567 -0.074117432715256934 -0.17298977881396158 1.7695150430691065 -0.051748569754686384 -0.26439714824006821 0.041419776385311476 1.3767282497673758 0.027204655757603797 1.0240061753620351 37.881372920895025 -0.29026967798204389 0.060512465351910912 -0.0034968569496805486 0.22458526476834609 -0.038259331579421289 -0.7136389802516262 0.56691157336597398
decision_type=2 2 2 2 2 2 2 2 2 2 2 2 2 2 2 2 2 2 2 2 2 2 2 2 2 2 2 2 2 2
left_child=1 -1 3 4 -2 -5 -4 8 11 -10 -9 25 13 -13 -14 17 -17 19 20 22 21 -19 -16 -24 -25 27 28 29 -27 -8
right_child=2 -3 6 5 -6 -7 7 10 9 -11 -12 12 14 -15 15 16 -18 18 -20 -21 -22 -23 23 24 -26 26 -28 -29 -30 -31
leaf_value=0.0049206221929731933 -0.0025006644063345768 -0.0021612362540327011 0.0033207593951374292 -0.0017140122790200015 0.0035654921829700471 -0.0064146628736385285 -0.00038439501451833521 0.0061733184941113002 -0.0065804770735737221 0.00067650586366653455 5.977315622547773e-05 1.4322726280394808e-05 0.0039654461739947865 -0.0057608627274425492 -0.0057469099177978938 0.00089728076321383325 -0.0076470352802425617 0.0065887050533836537 0.0057825023230786126 0.0053564037010073659 -0.00087776438155201053 0.00013877517647213405 0.0048894183143325482 0.00020365133595008118 -0.0078428266061977905 0.0013684763174216428 -0.0049603433743345016 -0.0088754421497772764 0.0086332022515125586 -0.0053826126634764181
leaf_weight=24 23 20 22 24 20 21 118 20 39 25 4318 83 59 36 24 21 20 33 48 20 89 27 23 65 22 34 33 24 20 30
leaf_count=24 23 20 22 24 20 21 118 20 39 25 4318 83 59 36 24 21 20 33 48 20 89 27 23 65 22 34 33 24 20 30
internal_value=-8.28434e-13 0.0017016 -1.4018e-05 -0.00184147 0.000320804 -0.00390765 1.65961e-05 2.69982e-06 -0.000411472 -0.00374572 8.79592e-05 -0.000154063 0.000415138 -0.00173279 0.000981886 0.00053283 -0.00327068 0.000977115 0.00213509 -0.000504195 0.000960088 0.00368624 -0.00137891 -0.000425893 -0.00183109 -0.00140674 0.000637941 -0.00244097 0.00405912 -0.00139755
internal_weight=5385 44 5341 88 43 45 5253 5231 893 64 4338 829 570 119 451 392 41 351 197 154 149 60 134 110 87 259 87 172 54 148
internal_count=5385 44 5341 88 43 45 5253 5231 893 64 4338 829 570 119 451 392 41 351 197 154 149 60 134 110 87 259 87 172 54 148
is_linear=0
shrinkage=0.05


Tree=144
num_leaves=31
num_cat=0
split_feature=4 4 7 11 4 8 5 0 8 7 4 8 5 11 9 8 5 0 7 7 7 6 6 10 4 10 10 14 14 6
split_gain=0.0518564 0.603523 0.319395 0.362431 0.38907 0.3376 0.272322 0.26542 0.254789 0.247256 0.257031 0.384465 0.368821 0.373644 0.297355 0.499313 0.416521 0.373225 0.352128 0.319808 0.314479 0.292595 0.291764 0.258618 0.420231 0.33432 0.27832 0.249603 0.279411 0.240026
threshold=0.20464161247435114 0.19743500631158439 0.064114644322173495 0.81789917952839863 0.22918001959433695 0.032757125087797642 61.924311804383329 0.08590907700498264 3.3733633743804838 0.066522912542245807 0.23168101929004423 2.6534059486572059 72.976872219273389 1.2118282099959352 1.2684222236776992 -0.5306723205184315 66.914814621550519 -0.020517056555611809 0.081156098369790791 0.15703748771263046 0.12741754333260844 0.01965735065250597 0.026246700876373371 -0.055550589013156286 0.21940364033730189 0.1969464152093878 0.48763623492580227 -0.84563327813702205 -0.51990135801908022 0.022540500717077076
decision_type=2 2 2 2 2 2 2 2 2 2 2 2 2 2 2 2 2 2 2 2 2 2 2 2 2 2 2 2 2 2
left_child=1 8 3 5 -5 -2 -3 -8 29 -4 11 12 13 14 15 17 19 20 -16 -17 -11 -18 27 24 -20 -25 -27 -12 -29 -1
right_child=2 6 9 4 -6 -7 7 -9 -10 10 22 -13 -14 -15 18 16 21 -19 23 -21 -22 -23 -24 25 -26 26 -28 28 -30 -31
leaf_value=0.00013530153611340237 0.0034473717161617652 -0.0016916633412216069 -0.0039003487618174404 0.002089787535078358 0.010727412956343456 -0.0018836590025814309 -0.0099720001220703139 -0.0026889749064013878 0.0055878541624960719 -0.0081333070790962046 0.0026348178417463669 -0.0049447047161973188 0.0064668766617204153 -0.0023838850571290143 0.0052106836264062192 0.0031763918365254346 -0.0058936850377358501 0.0030736199001584093 -0.0074712009498346431 0.0087429346548842986 -0.00064857107548353578 0.0020245775713452273 0.00010088786684653768 0.0057737955601293257 0.00039341669868339196 -0.0059508285573905426 0.0019311089301481843 -0.0056993005167994956 -0.001182554098596129 -0.0038828576957855966
leaf_weight=1693 57 180 40 32 22 62 22 29 21 23 39 27 31 77 23 234 20 33 35 29 36 28 1958 22 33 21 24 37 459 38
leaf_count=1693 57 180 40 32 22 62 22 29 21 23 39 27 31 77 23 234 20 33 35 29 36 28 1958 22 33 21 24 37 459 38
internal_value=-3.26898e-12 -0.000203228 0.00011846 0.0022115 0.00560882 0.00066986 -0.00260547 -0.00583067 0.000113506 6.32152e-06 5.53233e-05 0.00090488 0.00114096 0.000882179 0.00133046 0.00205124 0.00300847 -0.00118462 -0.00050798 0.00379019 -0.00356635 -0.0012747 -0.000181857 -0.00148227 -0.00365455 0.000722429 -0.00174713 -0.00121665 -0.00151949 4.70924e-05
internal_weight=5385 1983 3402 173 54 119 231 51 1752 3229 3189 696 669 638 561 403 311 92 158 263 59 48 2493 135 68 67 45 535 496 1731
internal_count=5385 1983 3402 173 54 119 231 51 1752 3229 3189 696 669 638 561 403 311 92 158 263 59 48 2493 135 68 67 45 535 496 1731
is_linear=0
shrinkage=0.05


Tree=145
num_leaves=31
num_cat=0
split_feature=11 9 11 12 9 11 8 8 2 5 12 0 10 10 12 11 11 2 11 9 4 9 1 9 5 10 2 8 7 12
split_gain=0.0509112 0.219824 0.1932 0.307014 0.293409 0.249338 0.167265 0.264588 0.193218 0.349746 0.420456 0.217629 0.19638 0.447468 0.305851 0.290035 0.535435 0.280234 0.277813 0.312947 0.402762 0.262867 0.362706 0.252132 0.259747 0.432537 0.251367 0.482866 0.417574 0.631607
threshold=-0.065265438735305381 0.032540427306703312 -0.034591485959648331 0.25727081337263752 1.0399185459357092 -0.023049962899004042 -1.9364376852113538 -3.1845524978997397 -0.27791698291451317 46.996927513666144 -0.80323830978870547 -0.17366792745860113 -0.43662524654730023 -0.27909334635064281 -0.39448917054855492 -0.38191688182260819 -1.0349910112594141 -0.0064487335228315948 -0.77483175814794669 1.7616545439659861 0.2055824143447588 0.73610570824422872 0.13430598835692167 2.2130170572706911 32.411446967394092 -0.23904215451506153 0.21813262129848712 1.4981021052785981 0.14030023344475831 -0.44986938593859127
decision_type=2 2 2 2 2 2 2 2 2 2 2 2 2 2 2 2 2 2 2 2 2 2 2 2 2 2 2 2 2 2
left_child=1 -1 3 4 -2 -4 7 -3 9 10 -8 -10 15 14 -14 16 -13 -16 -18 20 -20 -17 -23 24 -15 -26 28 -28 29 -27
right_child=2 6 5 -5 -6 -7 8 -9 11 -11 -12 12 13 23 17 21 18 -19 19 -21 -22 22 -24 -25 25 26 27 -29 -30 -31
leaf_value=-0.0043713410535166346 -0.0044743066984838584 -0.00092842348216191884 -0.0053694114111186497 0.0062479288147931755 0.0032315558784951764 9.6785876389784097e-05 0.0055932654321871021 0.0032314953216341109 -0.0051976233741025564 0.0073441478284582019 -0.0030923924408853055 -0.0039334177106086698 -0.0077938703680410981 0.0035336881948396476 0.0025424760952591895 0.0025795404254118116 0.0083119417066112727 -0.0036130729496223254 -0.00055332747930339694 -0.0022171653072851206 0.006881045581468819 -0.0043214047363796977 0.0020986134158165167 0.0038546810213928337 0.0066101532917292351 -0.005251840322314608 0.0016457674726425148 -0.0041307502122985762 0.00061963902653901486 -0.0010256443174279039
leaf_weight=31 21 67 21 33 30 3177 22 89 23 23 38 28 30 41 25 41 26 71 29 26 49 66 33 36 21 103 228 43 290 624
leaf_count=31 21 67 21 33 30 3177 22 89 23 23 38 28 30 41 25 41 26 71 29 26 49 66 33 36 21 103 228 43 290 624
internal_value=3.08205e-12 -0.000192058 0.000123065 0.00249009 5.85536e-05 6.08915e-05 -0.000129531 0.00144486 -0.000257717 0.00210188 9.23488e-05 -0.000364562 -0.000303148 -0.00053436 -0.00338716 0.000869986 0.00233831 -0.00201007 0.00368915 0.00253345 0.00411698 -0.000787124 -0.0021814 -0.000275015 -0.00038514 -0.000507884 -0.000623939 0.000729198 -0.00098451 -0.0016244
internal_weight=5385 2103 3282 84 51 3198 2072 156 1916 83 60 1833 1810 1512 126 298 158 96 130 104 78 140 99 1386 1350 1309 1288 271 1017 727
internal_count=5385 2103 3282 84 51 3198 2072 156 1916 83 60 1833 1810 1512 126 298 158 96 130 104 78 140 99 1386 1350 1309 1288 271 1017 727
is_linear=0
shrinkage=0.05


Tree=146
num_leaves=31
num_cat=0
split_feature=6 11 6 13 0 13 3 9 3 4 12 4 4 6 1 1 1 9 4 11 3 2 9 13 0 5 3 6 12 9
split_gain=0.0504155 0.07009 0.0569054 0.180149 0.0955833 0.142165 0.165622 0.124682 0.313612 0.197283 0.204695 0.208882 0.241043 0.466399 0.202191 0.182929 0.132599 0.130513 0.150573 0.15111 0.148581 0.321499 0.292018 0.414386 0.193851 0.167364 0.415362 0.437172 0.390975 0.317972
threshold=0.073321599255601513 2.7353199451782335 0.060518572701877306 -0.60047696995582356 0.25625928207082044 0.72330412652074283 0.62432537462194848 1.8759038194036137 -0.041386975338810854 0.46726782205286016 -1.4954937893392872 0.27160881983393137 0.34995409559108204 0.041931000374215092 0.13110598362906015 -0.082480331770544577 -0.34752118840955692 1.7907325204937521 0.31557105867018714 -0.42132988865396181 -0.40700131322992417 -0.32873939556455017 0.98219092032577371 0.95426334509023636 -0.17366792745860113 32.411446967394092 0.22941862636302826 0.029832863082636062 0.75851138733215684 1.1400817105183496
decision_type=2 2 2 2 2 2 2 2 2 2 2 2 2 2 2 2 2 2 2 2 2 2 2 2 2 2 2 2 2 2
left_child=1 2 4 -4 7 6 -6 16 15 10 -10 -12 14 -14 -13 -9 -1 20 19 -19 22 -22 23 -18 -23 26 27 28 29 -26
right_child=-2 -3 3 -5 5 -7 -8 8 9 -11 11 12 13 -15 -16 -17 17 18 -20 -21 21 24 -24 -25 25 -27 -28 -29 -30 -31
leaf_value=-0.0034833757661140736 -0.0024450845484222687 0.0029639903036877517 0.005134702931073579 -0.00052387254097713872 0.0033290109951936066 0.0045743304620763023 -0.0026942098792642356 0.0062450732057914146 -0.0059016427801301084 -0.0054782409150379175 -0.0034296937871407321 0.00046598585239345473 -0.0071474350907880339 0.0018736379809285468 0.0070482792565599089 -0.00022958781858809139 0.0096031416673213257 -0.0028790357963225689 0.0052578109651803973 0.0026288226029877976 -0.0041948703456791527 -0.003224618848332245 -0.0020459958196928103 -0.00034107872052118187 0.0016527666533007646 -2.010801245303748e-05 -0.0036229690506813989 0.0084854981689541434 0.007495481744852095 -0.0053015743720937862
leaf_weight=27 21 20 22 39 21 28 25 20 21 33 47 28 23 38 20 24 22 20 25 33 46 46 24 20 65 4526 31 27 21 22
leaf_count=27 21 20 22 39 21 28 25 20 21 33 47 28 23 38 20 24 22 20 25 33 46 46 24 20 65 4526 31 27 21 22
internal_value=-2.87519e-12 9.57248e-06 -1.48448e-06 0.00151693 -1.90167e-05 0.00176534 5.55214e-05 -4.43657e-05 -0.0011248 -0.00192901 -0.00126729 -0.000643431 0.000557986 -0.00152775 0.00320861 0.00271344 1.10191e-05 3.01645e-05 0.00205918 0.000550385 -2.46701e-06 -3.49725e-05 0.00235369 0.0048678 5.41481e-06 3.70818e-05 0.00159637 0.00279488 0.00137223 -0.000105802
internal_weight=5385 5364 5344 61 5283 74 46 5209 254 210 177 156 109 61 48 44 4955 4928 78 53 4850 4784 66 42 4738 4692 166 135 108 87
internal_count=5385 5364 5344 61 5283 74 46 5209 254 210 177 156 109 61 48 44 4955 4928 78 53 4850 4784 66 42 4738 4692 166 135 108 87
is_linear=0
shrinkage=0.05


Tree=147
num_leaves=31
num_cat=0
split_feature=12 12 14 5 14 6 1 11 1 1 12 0 1 6 10 14 4 10 0 5 9 11 2 1 5 12 10 5 0 12
split_gain=0.0522935 0.358323 0.526739 0.497934 0.432832 0.424595 0.361951 0.345808 0.33067 0.305738 0.265039 0.283738 0.293665 0.428942 0.254255 0.2524 0.277718 0.331756 0.34135 0.244241 0.221119 0.219588 0.389103 0.462716 0.355042 0.297252 0.212779 0.207337 0.201048 0.195625
threshold=0.38181310205191049 0.17893452232430596 -1.0679627973229042 54.317116309321413 -0.45393541983302682 0.02082237324227245 0.10101400442351872 0.23345756144541888 0.14274613104910175 0.020113609408808356 0.029217013351912648 0.12638690458053173 0.1882945767181913 0.019176870152343137 0.21468063552689354 2.0933630483520407 0.19168943884979431 -0.35531216339650934 0.03772103263690408 46.417809783715882 1.051891996555552 1.0000000180025095e-35 0.030600854405155257 0.03483095028033479 41.197142628632143 0.15006400711387485 -0.026811300564368531 43.804911406677391 0.046336755418679661 0.090484541174955566
decision_type=2 2 2 2 2 2 2 2 2 2 2 2 2 2 2 2 2 2 2 2 2 2 2 2 2 2 2 2 2 2
left_child=1 10 -3 6 -5 15 7 9 -7 14 -1 12 21 -14 20 16 17 -6 -19 -9 -4 25 23 24 -23 29 -24 -16 -28 -12
right_child=-2 2 3 4 5 8 -8 19 -10 -11 11 -13 13 -15 27 -17 -18 18 -20 -21 -22 22 26 -25 -26 -27 28 -29 -30 -31
leaf_value=9.1062229286945485e-05 -0.00022724953286829463 -0.0057213045799961457 0.0012201274815928555 -0.0065341049357337637 0.0066182152084682299 0.0063299817123818993 0.0079342071418509342 -0.001733518329431088 0.00057388864058469026 -0.00096571026369929314 -0.0017257453058846296 -0.0052729703127764741 -0.0036478368376958227 0.0050063272511276105 0.011245577754047902 -0.0048435510507688915 -0.0041821615688165592 -0.0046578253106283095 0.0027361366922992307 0.0033553562304036496 0.0065223984205658786 -0.005489513781279899 -0.00026992533069390522 -0.0092233608166376758 0.0017922384258201149 0.0024417135825691126 0.0064790466029080564 0.0043739270396708028 8.8591602398082622e-05 -0.005411538153243277
leaf_weight=2590 1722 26 51 23 23 45 33 65 56 27 72 39 21 45 23 34 29 27 37 37 32 26 65 21 47 24 32 21 20 72
leaf_count=2590 1722 26 51 23 23 45 33 65 56 27 72 39 21 45 23 34 29 27 37 37 32 26 65 21 47 24 32 21 20 72
internal_value=3.5439e-12 0.000106831 0.00123658 0.00155791 3.07804e-05 0.000632344 0.00300577 0.00237047 0.00313848 0.00386604 -0.000109637 -0.00118363 -0.000825235 0.00225273 0.00489326 -0.00105512 5.52762e-05 0.00146776 -0.000383191 0.000112446 0.00326438 -0.00136124 -0.00028733 -0.00268279 -0.000801262 -0.00271002 0.00163723 0.00796593 0.00402118 -0.00356864
internal_weight=5385 3663 589 563 274 251 289 256 101 154 3074 484 445 66 127 150 116 87 64 102 83 379 211 94 73 168 117 44 52 144
internal_count=5385 3663 589 563 274 251 289 256 101 154 3074 484 445 66 127 150 116 87 64 102 83 379 211 94 73 168 117 44 52 144
is_linear=0
shrinkage=0.05


Tree=148
num_leaves=31
num_cat=0
split_feature=8 8 4 4 4 9 12 9 9 10 10 13 3 13 0 12 1 4 3 6 6 4 4 11 6 11 8 9 10 8
split_gain=0.0499133 0.158242 0.217589 0.215475 0.489687 0.314757 0.403192 0.540197 0.348216 0.336286 0.280858 0.226936 0.207801 0.2047 0.240068 0.331657 0.450701 0.192793 0.179713 0.178923 0.261909 0.173518 0.304043 0.162245 0.28421 0.261686 0.23924 0.232762 0.194211 0.175127
threshold=-0.79921057767977144 -0.92532001154775134 0.32742457353975613 0.30231192262549833 0.29038957280057592 0.87917654226144692 -0.90479439844699783 1.1347457696864771 0.68626918582077978 -0.17502063649916205 0.49658356011921589 0.49940347450330796 0.31032383390222479 0.87660168997917531 -0.092874107346265708 0.13709401047525641 0.03483095028033479 0.30898700136664242 0.36789049900100884 0.018023573452990566 0.021573528397071124 0.18826639947886062 0.24542614740082577 -1.215462166866599 0.058000135823049817 -0.43224510433459457 -3.5508592884729322 0.85332849575088277 0.61309683579959107 -1.4559965285354501
decision_type=2 2 2 2 2 2 2 2 2 2 2 2 2 2 2 2 2 2 2 2 2 2 2 2 2 2 2 2 2 2
left_child=1 3 -3 4 5 8 -7 11 12 -10 13 18 19 14 -9 16 -16 -5 21 -1 -21 -8 -23 28 25 -25 -27 -28 -19 -29
right_child=-2 2 -4 17 -6 6 7 10 9 -11 -12 -13 -14 -15 15 -17 -18 23 -20 20 -22 22 -24 24 -26 26 27 29 -30 -31
leaf_value=0.0020344789565673897 7.2202895223887992e-05 -0.0031769848951881522 0.002594556154945167 -0.0059981283918023112 0.0072750521733250936 0.0073260531702544545 0.0033430291137968499 -0.0057265782263129957 -0.00012927562164674912 -0.0065462740603834391 -0.0063446899187629639 0.0062247249153810314 0.0034031304596872955 0.003821655528736301 0.0016492797421025379 0.0031770093004028738 -0.0063748043562684743 0.0042096548543001221 0.0049234020553769603 -0.0059205146972090006 8.4474448964971569e-05 -0.0052421233244240289 0.0030288899317383769 -0.0066956173568483331 0.0022889899895400614 0.0029223844331378742 0.001262887781140981 -0.0064123752717979449 -0.0013488665815781465 -0.0012817608096219344
leaf_weight=35 4396 89 20 20 25 24 30 24 35 49 23 38 37 24 35 44 35 30 31 30 46 25 20 31 37 24 27 39 33 29
leaf_count=35 4396 89 20 20 25 24 30 24 35 49 23 38 37 24 35 44 35 30 31 30 46 25 20 31 37 24 27 39 33 29
internal_value=-4.1588e-12 -0.000320934 -0.00211799 -9.83448e-05 0.000422184 0.000129326 0.00106956 0.00061316 -0.00130129 -0.00387252 -0.00117433 0.00290959 0.000158061 -0.000440266 -0.00118147 -0.000224605 -0.00236276 -0.00127435 0.00172114 -0.000923629 -0.00228592 0.000397541 -0.00156612 -0.000896452 -0.00163578 -0.00260388 -0.00153797 -0.0026648 0.00129805 -0.00422432
internal_weight=5385 989 109 880 610 585 353 329 232 84 185 144 148 162 138 114 70 270 106 111 76 75 45 250 187 150 119 95 63 68
internal_count=5385 989 109 880 610 585 353 329 232 84 185 144 148 162 138 114 70 270 106 111 76 75 45 250 187 150 119 95 63 68
is_linear=0
shrinkage=0.05


Tree=149
num_leaves=31
num_cat=0
split_feature=6 14 1 14 12 4 6 13 10 1 14 8 12 13 9 9 13 6 8 1 4 7 3 7 3 3 12 8 13 13
split_gain=0.048495 0.080692 0.121811 0.0702979 0.14597 0.0681602 0.163389 0.309197 0.356997 0.498308 0.65066 0.310012 0.385842 0.292952 0.355627 0.28151 0.241752 0.236354 0.388053 0.222952 0.240458 0.25478 0.260492 0.211638 0.201285 0.19828 0.192609 0.174374 0.165228 0.393178
threshold=0.073321599255601513 5.2207687122396296 0.15618536946227526 4.6481031230115821 -0.031307896791933791 0.37268022773285342 0.032303926165316833 -0.47982947135127535 -0.71280944178032934 0.10731469896107272 0.73717692747020047 0.26052919992939588 -0.079727936249842243 0.41703369918254934 0.7239200258369064 1.52352375404656 0.92707115159465137 0.038810740353533157 -0.026377062414928622 0.45544589461369372 0.30898700136664242 0.098740319529246945 0.32702977285792273 0.16864539711793144 0.09403097809309581 0.49933302976057942 -0.59194236254650157 0.97409948215038311 -1.1617168537768239 -1.247224765198131
decision_type=2 2 2 2 2 2 2 2 2 2 2 2 2 2 2 2 2 2 2 2 2 2 2 2 2 2 2 2 2 2
left_child=1 3 -3 5 -5 6 19 8 25 10 17 13 27 24 -15 23 -17 18 -10 20 28 -22 26 -16 -9 -8 -23 -13 29 -1
right_child=-2 2 -4 4 -6 -7 7 11 9 -11 -12 12 -14 14 15 16 -18 -19 -20 -21 21 22 -24 -25 -26 -27 -28 -29 -30 -31
leaf_value=0.00038115852628834552 -0.0023980622667641865 -0.0011772774115559601 0.0035905151300736379 -0.0051195210916921497 0.00092138681327924132 -0.00049856132734430196 0.00052829629734553625 0.0055736830167006706 -0.0066904445319916272 0.0044984681084752091 -0.010251324765312557 0.011161671415902675 0.00028603066015860134 -0.0047156259495144091 0.00091118067861176459 -0.0057546687324065721 0.0018407794752750885 0.0026424870071760208 0.0011667605830977361 0.0047749398819481341 -0.0055754411548964294 -0.0026764682243363216 -0.0045863156170526057 0.0077525713387876756 0.00066599517057721431 0.0068375071592163307 0.0026477297178792714 0.0048979599718004469 -6.6657678414051738e-05 0.005811474117217586
leaf_weight=200 21 21 37 20 20 596 33 45 33 25 26 20 29 36 26 20 22 27 30 24 38 26 32 20 39 20 49 25 3785 40
leaf_count=200 21 21 37 20 20 596 33 45 33 25 26 20 29 36 26 20 22 27 30 24 38 26 32 20 39 20 49 25 3785 40
internal_value=5.21417e-12 9.38839e-06 0.00186425 -1.08871e-05 -0.00209907 4.97451e-06 6.92373e-05 0.000947115 -0.000589297 -0.00190431 -0.00328422 0.00200408 0.00478348 0.00101525 -0.000529166 0.00118348 -0.0017761 -0.0012715 -0.00294892 -3.03978e-05 -5.80544e-05 -0.00205847 -0.000809453 0.0038857 0.00329511 0.00290913 0.000802008 0.00768183 1.40103e-05 0.00128621
internal_weight=5385 5364 58 5306 40 5266 4670 476 194 141 116 282 74 208 124 88 42 90 63 4194 4170 145 107 46 84 53 75 45 4025 240
internal_count=5385 5364 58 5306 40 5266 4670 476 194 141 116 282 74 208 124 88 42 90 63 4194 4170 145 107 46 84 53 75 45 4025 240
is_linear=0
shrinkage=0.05


Tree=150
num_leaves=31
num_cat=0
split_feature=13 0 13 2 0 13 12 12 14 0 0 13 14 12 4 9 14 13 9 12 0 9 11 13 11 12 13 11 7 4
split_gain=0.0474731 0.194381 0.109146 0.152368 0.208713 0.0796009 0.0680688 0.324673 0.459548 0.351715 0.312523 0.270318 0.298034 0.260374 0.223194 0.372491 0.368242 0.242254 0.239478 0.304086 0.250173 0.223058 0.478029 0.360849 0.368578 0.304185 0.424006 0.369395 0.410678 0.340037
threshold=-2.6499059136653353 0.033516709056989231 -1.9794443355391382 -0.069096460297353987 0.043573114610450887 -1.8562818010688436 0.38181310205191049 0.17893452232430596 -1.0394665389877442 -0.066501788660492153 -0.091074576388859338 -0.69281193022339749 0.36029704082778979 0.029217013351912648 0.30512544832343574 1.4654567114709602 -1.018953607174653 0.49006310104931111 1.6297403276693141 0.5468363758914323 0.040740261617427172 0.70323332612066869 -0.38853420151051837 0.82097991851191121 0.58644513594041692 0.15006400711387485 -0.15912133848389268 0.50586737015713845 0.1429201412277121 0.30231192262549833
decision_type=2 2 2 2 2 2 2 2 2 2 2 2 2 2 2 2 2 2 2 2 2 2 2 2 2 2 2 2 2 2
left_child=1 -1 3 -2 -5 -4 7 13 -9 10 -10 12 -11 -7 -8 16 -16 -18 -17 -20 -21 22 -15 24 -24 27 -27 29 -29 -23
right_child=2 -3 5 4 -6 6 14 8 9 11 -12 -13 -14 21 15 18 17 -19 19 20 -22 25 23 -25 -26 26 -28 28 -30 -31
leaf_value=0.004669385790475644 0.00086220028700635719 -0.0020048702927306298 0.0030170584097504618 -0.0057947831995346973 0.0006422688718885184 0.00012059350653192241 -3.5601636239089063e-06 -0.0055672940177222095 0.0016512880465242921 -0.00073824968950992286 0.0080355883391651627 0.00052792334904902072 0.0064168241091592379 0.0069422189054118167 0.0030765438541060404 0.0051838867578898433 -0.0028748428582966207 -0.0077697666926365913 -0.0056478798389434821 -0.0012065292912831699 0.0049797070320122521 -0.0046511019499320821 0.0037585626432226731 -0.0064176596159560857 -0.0025372032799381525 -0.0042146017859605233 0.0044665529428479763 0.0029510846827179196 -0.0050969089745827346 0.00071519598649400808
leaf_weight=24 34 20 22 34 20 2483 1414 24 41 22 36 416 43 24 21 23 108 33 22 44 26 164 46 23 47 22 39 51 23 36
leaf_count=24 34 20 22 34 20 2483 1414 24 41 22 36 416 43 24 21 23 108 33 22 44 26 164 46 23 47 22 39 51 23 36
internal_value=5.47217e-14 0.00163563 -1.34746e-05 -0.0017598 -0.00341069 1.57804e-05 3.15796e-06 0.000127816 0.00120733 0.00149871 0.00463616 0.000996462 0.00399511 -8.45831e-05 -0.000257807 -0.00155566 -0.00310048 -0.00402046 0.000620532 -0.000520307 0.00109122 -0.00115712 0.000518946 -0.000810007 0.000576831 -0.00185756 0.00133564 -0.00256846 0.000449681 -0.00368517
internal_weight=5385 44 5341 88 54 5253 5231 3540 582 558 77 481 65 2958 1691 277 162 141 115 92 70 475 140 116 93 335 61 274 74 200
internal_count=5385 44 5341 88 54 5253 5231 3540 582 558 77 481 65 2958 1691 277 162 141 115 92 70 475 140 116 93 335 61 274 74 200
is_linear=0
shrinkage=0.05


Tree=151
num_leaves=31
num_cat=0
split_feature=6 4 2 3 13 7 11 13 9 0 3 13 12 12 2 3 13 3 7 7 7 2 6 0 8 11 6 13 7 13
split_gain=0.0467746 0.0871323 0.140301 0.133939 0.183276 0.0981482 0.348312 0.381657 0.3804 0.262321 0.316532 0.258875 0.332793 0.324283 0.225164 0.200516 0.263449 0.210365 0.153425 0.146184 0.318735 0.251118 0.282363 0.42775 0.237749 0.212662 0.255193 0.212008 0.20017 0.43074
threshold=0.011113522153326229 0.12707851606120596 0.13715637235211323 0.085978843936624263 0.51016897639378322 0.054362542166979728 -0.72928458107043304 0.71450685281482629 0.39676304441033777 -0.00065137150250282872 0.060058244559318082 0.088017944905391041 0.11417656558317631 0.69835356241314084 0.1087425235105033 0.24010401358608938 0.39449313177267992 0.0072902182723864071 0.042331077722581816 0.061020241599394377 0.063195809891155447 -0.019072857623824432 0.016414783098894725 0.0175149185512018 0.19091285238248648 0.6190532318016424 0.017830503329361199 0.5190872029446264 0.065928918040489809 -0.37546331343285005
decision_type=2 2 2 2 2 2 2 2 2 2 2 2 2 2 2 2 2 2 2 2 2 2 2 2 2 2 2 2 2 2
left_child=-1 2 3 -2 -5 6 -3 8 -8 10 -9 12 14 -14 -10 17 -17 -13 -11 21 25 24 27 -24 -7 26 -21 -23 29 -22
right_child=1 5 -4 4 -6 19 7 9 11 18 -12 15 13 -15 -16 16 -18 -19 -20 20 28 22 23 -25 -26 -27 -28 -29 -30 -31
leaf_value=0.0023007789965380321 -0.0026053923880681399 -0.005544297719773438 -0.0046118056849361617 -0.0017500773578396312 0.0045620229201512822 0.0036645785564693011 -0.0055816264608158517 0.010513125810151298 -0.0028662497003097091 -0.0019213740192797213 0.0021075031143568813 0.0014358884106124086 0.0067242041803323299 -0.00040592127479612829 0.0027346050450646813 -0.0017189316192848818 0.0054041503435000781 -0.0037602632533889849 0.003578737383213593 0.0050751626868683767 -0.0082466795554627555 -0.0026377133812223162 0.0013930521060489505 -0.0051184563554431267 -0.0029848929261788726 0.0065405650626354176 -0.0018421151547227056 -0.0088173388027707519 1.1327196100709042e-05 -0.00049335597151959384
leaf_weight=22 38 21 26 23 23 41 26 24 38 21 21 28 52 23 34 27 25 64 32 24 23 35 75 38 20 29 30 23 4398 81
leaf_count=22 38 21 26 23 23 41 26 24 38 21 21 28 52 23 34 27 25 64 32 24 23 35 75 38 20 29 30 23 4398 81
internal_value=1.22691e-12 -9.43821e-06 -0.00140216 -0.000408692 0.00140597 1.97259e-05 0.000738103 0.00105601 0.000212933 0.0037831 0.0065905 0.00073066 0.00220668 0.00453763 -0.000221402 -0.000776107 0.00170563 -0.00217883 0.00139945 -4.52964e-05 1.66627e-05 -0.00126979 -0.00225229 -0.000796659 0.00148442 0.00308695 0.00123223 -0.00508825 -3.99419e-05 -0.00220803
internal_weight=5385 5363 110 84 46 5253 436 415 317 98 45 291 147 75 72 144 52 92 53 4817 4585 232 171 113 61 83 54 58 4502 104
internal_count=5385 5363 110 84 46 5253 436 415 317 98 45 291 147 75 72 144 52 92 53 4817 4585 232 171 113 61 83 54 58 4502 104
is_linear=0
shrinkage=0.05


Tree=152
num_leaves=31
num_cat=0
split_feature=0 6 14 14 9 9 14 10 2 13 10 3 0 10 13 7 0 12 10 7 9 13 13 0 13 12 12 13 2 9
split_gain=0.0485187 0.140033 0.142249 0.758886 0.288174 0.397513 0.232974 0.194252 0.351538 0.271578 0.318607 0.271534 0.265513 0.31241 0.25237 0.249061 0.279286 0.23922 0.230618 0.255844 0.246757 0.209161 0.199355 0.189007 0.180016 0.16194 0.368273 0.31777 0.229908 0.216598
threshold=0.010150675402483602 0.013613643808736914 -0.35773539314919461 -0.32350975717845154 0.40858406860995594 0.3034295586116183 -1.0679627973229042 0.51249404543808441 -0.37278261447225242 -0.9506322310667269 1.214989245906599 -0.11089077005534319 -0.074117432715256934 -0.50640931751977991 -1.338043737965928 0.17784817173081804 -0.17366792745860113 -0.057786217190327636 -0.34959263663183082 0.073397321211102748 1.0563893335453218 0.65969047392939439 0.19373806293073961 -0.047767999973648327 0.81127953041458845 -1.3791515788512121 -1.5484070318890366 0.78669956989513812 0.21406282568818505 0.88244201743041473
decision_type=2 2 2 2 2 2 2 2 2 2 2 2 2 2 2 2 2 2 2 2 2 2 2 2 2 2 2 2 2 2
left_child=1 -1 4 23 5 6 -3 11 -9 -10 21 12 14 -14 -6 17 -17 -16 -15 -20 24 -11 -19 -4 -21 26 27 28 -5 -27
right_child=-2 2 3 25 7 -7 -8 8 9 10 -12 -13 13 18 15 16 -18 22 19 20 -22 -23 -24 -25 -26 29 -28 -29 -30 -31
leaf_value=0.0020580141682044737 0.00015094950804849557 -0.0024514889555575792 -0.0036797399329952895 -0.00072811950101620622 -0.0043552824043824028 0.0072741131715969567 0.0034119424688267628 -0.0042871700218794027 0.0079068221990019096 0.0063782783132046474 -0.0018350138306795134 0.0022312948835787137 0.0006807671278253229 -0.0077296438695931878 -0.0052086307333134444 -0.00083465716512552625 0.00533305274322629 0.0047478855773806575 0.0014698096213798071 -0.0037005118923342049 -0.00090825459674785019 0.00068879547373702126 -0.0021494617347012869 -0.01047141198955831 -0.0097790947450058802 -0.00085698098645502901 -0.0065431167025852832 -0.0054976180137600757 0.0051534346731690077 0.00028251911197666488
leaf_weight=70 2677 32 20 54 24 34 36 22 20 35 42 74 62 27 23 29 50 20 29 29 38 30 22 21 21 677 33 24 24 1086
leaf_count=70 2677 32 20 54 24 34 36 22 20 35 42 74 62 27 23 29 50 20 29 29 38 30 22 21 21 677 33 24 24 1086
internal_value=-5.10722e-12 -0.000149222 -0.000207791 -0.00042824 0.000403725 0.00285982 0.000652681 -1.59103e-05 0.001548 0.00255881 0.00155919 -0.00053605 -0.0010836 -0.00228669 0.000391618 0.00118277 0.00306896 -0.00110968 -0.00356434 -0.00260312 -0.00394534 0.00375236 0.00113499 -0.0071584 -0.00625352 -0.000282857 -0.00195186 -0.000466459 0.00108159 -0.000155054
internal_weight=5385 2708 2638 1939 699 102 68 597 149 127 107 448 374 206 168 144 79 65 144 117 88 65 42 41 50 1898 135 102 78 1763
internal_count=5385 2708 2638 1939 699 102 68 597 149 127 107 448 374 206 168 144 79 65 144 117 88 65 42 41 50 1898 135 102 78 1763
is_linear=0
shrinkage=0.05


Tree=153
num_leaves=31
num_cat=0
split_feature=9 9 9 3 2 13 13 3 3 8 2 7 3 11 7 9 12 8 12 4 9 2 3 1 13 5 5 10 3 3
split_gain=0.0486718 0.228834 0.292017 0.255994 0.384218 0.281156 0.249516 0.385773 0.607737 0.41498 0.291281 0.334484 0.25561 0.408899 0.256833 0.243255 0.239548 0.280868 0.262403 0.219858 0.213108 0.22513 0.269488 0.200846 0.368574 0.270609 0.520357 0.315048 0.286865 0.49035
threshold=1.2684222236776992 1.0823917836476624 1.1347457696864771 -0.40700131322992417 -0.32873939556455017 -0.24483163058227073 0.4407611859424963 0.29707672966131721 0.016759813712628139 0.13997869938821905 0.085403648982552496 0.19773289180869111 0.21648452908113672 -0.23412467193435146 0.082691939948492124 1.0772289203243521 -0.13501955955914621 0.94171901658240909 -0.44986938593859127 0.20987841246477643 1.2805235332246487 -0.34886041574787396 -0.40700131322992417 0.165950998681378 1.7695150430691065 66.654856057033967 64.802263284870037 -0.085392664637691684 0.30652040512525341 0.34073099589623485
decision_type=2 2 2 2 2 2 2 2 2 2 2 2 2 2 2 2 2 2 2 2 2 2 2 2 2 2 2 2 2 2
left_child=1 3 16 5 -5 -1 10 8 9 -8 11 12 13 -4 -15 -6 18 -18 -3 -10 -2 -22 -23 25 -25 26 28 -27 -24 -30
right_child=20 2 6 4 15 -7 7 -9 19 -11 -12 -13 -14 14 -16 -17 17 -19 -20 -21 21 22 23 24 -26 27 -28 -29 29 -31
leaf_value=0.0077952986804857146 -0.0037475843410772671 0.0026867837162519045 0.0079167617523732293 -0.0062132018009343976 -7.0243311835714435e-05 0.00065084416186437014 0.0050711239043336647 0.0031753545642019283 -0.010267392130425344 -0.0042594067921692671 -0.00046316011879797569 -0.0037026173745592439 0.0067938017941612224 -0.0031443270058521345 0.002216485812459723 -0.0054707343512702556 0.0022397678768512133 -0.0032302850656660987 0.0089526419100972518 -0.0036309680397001408 0.0033872927851255306 -0.0060065432079136373 4.6246832365554788e-05 0.0011151750224202982 -0.0048145168693736196 -0.00024668953124562211 -0.0074428230648793808 0.0079105333145707852 -0.0090134211747102781 -0.001249484086336073
leaf_weight=21 42 55 24 26 2946 40 26 31 26 22 205 21 35 31 80 21 123 29 24 24 44 20 664 409 28 29 28 20 22 269
leaf_count=21 42 55 24 26 2946 40 26 31 26 22 205 21 35 31 80 21 123 29 24 24 44 20 664 409 28 29 28 20 22 269
internal_value=1.54896e-12 9.66481e-05 0.000875476 -9.61462e-05 -0.000161499 0.00311041 0.000223638 -0.00168618 -0.00322401 0.000794631 0.000845776 0.00225066 0.00298606 0.00199887 0.000719322 -0.000108467 0.00235693 0.00119614 0.00459034 -0.00708191 -0.000233796 -0.000137528 -0.000241687 -0.0001632 0.000735241 -0.000543644 -0.000724413 0.00308279 -0.000527433 -0.00183645
internal_weight=5385 3810 756 3054 2993 61 525 129 98 48 396 191 170 135 111 2967 231 152 79 50 1575 1533 1489 1469 437 1032 983 49 955 291
internal_count=5385 3810 756 3054 2993 61 525 129 98 48 396 191 170 135 111 2967 231 152 79 50 1575 1533 1489 1469 437 1032 983 49 955 291
is_linear=0
shrinkage=0.05


Tree=154
num_leaves=31
num_cat=0
split_feature=11 11 5 5 13 2 9 13 2 11 5 2 11 14 1 9 9 11 13 9 1 12 12 5 8 11 14 4 11 11
split_gain=0.0488481 0.170896 0.178812 0.297443 0.218273 0.253324 0.179895 0.384554 0.24089 0.200541 0.125453 0.107557 0.103771 0.295227 0.195273 0.145135 0.0898511 0.0715742 0.0830762 0.0799141 0.370919 0.191962 0.20837 0.365734 0.227357 0.174445 0.171173 0.124351 0.0906796 0.206766
threshold=1.5269215890232772 1.5972471537231654 55.339882699373362 59.251247317121589 -0.10397671173038707 0.18611290902409541 0.98822413651680308 -1.0005500556125699 -0.057647566268300636 1.8611477860053753 42.998474391852312 0.067608664863410897 1.4036145953739625 1.3923415646703601 -0.0085836752687960521 0.94489349186566607 0.93020618726391069 1.3746126890296588 -2.6499059136653353 0.21965721127833082 0.036428892477049175 0.63568800211216658 -0.043931728309381905 39.598504495832678 -0.58349434216565033 0.60600295751954503 0.83799578376329886 0.21440673510549413 0.71345322266431022 0.60600295751954503
decision_type=2 2 2 2 2 2 2 2 2 2 2 2 2 2 2 2 2 2 2 2 2 2 2 2 2 2 2 2 2 2
left_child=12 16 6 -4 5 -5 7 8 -3 11 -11 -8 17 14 -14 -16 -2 18 -1 20 21 22 23 -20 -24 26 -22 -26 29 -21
right_child=1 2 3 4 -6 -7 9 -9 -10 10 -12 -13 13 -15 15 -17 -18 -19 19 28 25 -23 24 -25 27 -27 -28 -29 -30 -31
leaf_value=0.002733994381768363 -0.0011416710066259838 0.0024926331709139052 0.0059958608338126435 0.0016291846315233179 0.0034532025167397385 -0.0052247434654938323 -0.0070381821818255759 0.0058370680757798259 -0.0045915394773085915 0.0020011649846478747 -0.0025075001802583249 -0.002161023389780894 0.00046675698579968638 -0.0030271951136035986 0.0023657916858792309 0.0082509049912914637 -0.0057721925031563107 -0.0029070113486211217 0.0045305750658735638 3.2266805732270209e-05 -0.005033252291657307 -0.0033620338737964635 -0.00085502004512818532 -0.0040381970928248133 0.0084619199018925433 -0.0075001708634028393 0.00059690576184678965 0.002886280252132565 0.00052062329194016194 -0.0015740486558192886
leaf_weight=28 20 20 27 26 29 28 26 25 30 27 36 20 37 26 20 22 22 21 20 3641 27 25 20 33 20 22 27 20 828 212
leaf_count=28 20 20 27 26 29 28 26 25 30 27 36 20 37 26 20 22 22 21 20 3641 27 25 20 33 20 22 27 20 828 212
internal_value=-1.27076e-13 -0.000583759 -0.000157556 0.00143725 -4.56764e-05 -0.0019247 -0.00111097 0.000773776 -0.00175787 -0.00240781 -0.000575215 -0.00491768 3.88479e-05 0.00159427 0.00311526 0.00544847 -0.00356718 5.81401e-06 1.82392e-05 2.70477e-06 -0.000942156 0.000602636 0.00147978 -0.000804698 0.00349773 -0.00374717 -0.00221817 0.0056741 4.59007e-05 -5.6116e-05
internal_weight=5385 336 294 110 83 54 184 75 50 109 63 46 5049 105 79 42 42 4944 4923 4895 214 138 113 53 60 76 54 40 4681 3853
internal_count=5385 336 294 110 83 54 184 75 50 109 63 46 5049 105 79 42 42 4944 4923 4895 214 138 113 53 60 76 54 40 4681 3853
is_linear=0
shrinkage=0.05


Tree=155
num_leaves=31
num_cat=0
split_feature=1 3 7 4 1 11 0 9 7 0 4 7 13 2 4 4 11 0 7 1 13 1 8 12 12 1 9 9 2 7
split_gain=0.0475899 0.285137 0.186811 0.071176 0.241721 0.199584 0.131372 0.310445 0.225709 0.22048 0.184095 0.173427 0.258988 0.54082 0.223207 0.273813 0.160357 0.15957 0.415544 0.204163 0.138993 0.132238 0.366792 0.320549 0.496511 0.276383 0.262352 0.254321 0.211368 0.172485
threshold=0.74090086638812858 2.3962819260993498 0.29914781326359191 0.37268022773285342 0.35323301434172766 -1.007288777489131 -0.13364615548839678 0.49908598545934418 0.29914781326359191 -0.12229685470370298 0.3176264553779265 0.23350628545131297 -0.088804815217112074 0.27837340572156749 0.24207809778202014 0.28954908738115331 0.20625565691321898 0.1548296969685197 0.16391334848627634 0.11079911261102161 0.16939033501095097 -0.13004362970942632 0.56691157336597398 -0.59194236254650157 -0.18601470818945087 -0.22278397312695411 1.5041451963111248 1.0907803760679773 -0.064042320927322413 0.085938029147872616
decision_type=2 2 2 2 2 2 2 2 2 2 2 2 2 2 2 2 2 2 2 2 2 2 2 2 2 2 2 2 2 2
left_child=1 3 -2 6 -5 -6 7 -1 9 20 16 17 13 -13 -14 -16 -9 21 -19 -20 -8 22 23 -11 -25 -24 27 29 -27 -26
right_child=2 -3 -4 4 5 -7 8 10 -10 11 -12 12 14 -15 15 -17 -18 18 19 -21 -22 -23 25 24 26 28 -28 -29 -30 -31
leaf_value=0.0032243608203889047 0.0015029382637955927 0.0054508585560445987 -0.0051738729886710647 -0.00019821936814385288 -0.0076481532678008089 -0.0014486889128346701 0.0055953792023376147 -0.0022485230227603631 0.0034048278295599368 -0.0022301131811661599 -0.00013464167714118957 -0.0088630409166216857 0.0039173710867762565 0.0015988789676200776 -0.0063356768467929224 0.0015133910439908505 -0.007409811633880492 0.0062802511355462111 0.0042482474818825722 -0.0014120163282231343 0.00045139610883779827 -6.175640599676466e-05 -0.0057495223470674511 0.0080562112413139816 0.0045329962391406301 0.0018356884416306811 -0.0025605739590020913 0.0058490375738318376 -0.0042639082204550503 3.1934797443682325e-05
leaf_weight=27 22 24 20 533 20 37 29 34 51 39 39 30 25 21 20 25 27 37 21 66 24 3899 29 36 29 49 31 41 20 80
leaf_count=27 22 24 20 533 20 37 29 34 51 39 39 30 25 21 20 25 27 37 21 66 24 3899 29 36 29 49 31 41 20 80
internal_value=3.27317e-12 1.31785e-05 -0.0016765 -1.1357e-05 -0.000529179 -0.00362394 5.32476e-05 -0.00153313 9.70264e-05 5.99581e-05 -0.00281766 2.2181e-05 -0.00184512 -0.00455519 0.000129365 -0.00197508 -0.00453303 7.38015e-05 0.00184185 -4.57458e-05 0.00326603 2.22525e-05 0.000947537 0.00194333 0.0026934 -0.00165373 0.00162676 0.00249215 6.76894e-05 0.00122946
internal_weight=5385 5343 42 5319 590 57 4729 127 4602 4551 100 4498 121 51 70 45 61 4377 124 87 53 4253 354 256 217 98 181 150 69 109
internal_count=5385 5343 42 5319 590 57 4729 127 4602 4551 100 4498 121 51 70 45 61 4377 124 87 53 4253 354 256 217 98 181 150 69 109
is_linear=0
shrinkage=0.05


Tree=156
num_leaves=31
num_cat=0
split_feature=9 10 2 14 4 6 10 12 8 8 12 9 4 11 8 13 2 2 10 6 6 11 1 8 12 4 4 8 4 11
split_gain=0.0467922 0.0574031 0.207122 0.296678 0.188648 0.394883 0.0724121 0.159975 0.259349 0.177249 0.365292 0.310111 0.292044 0.258862 0.250075 0.172289 0.19824 0.362631 0.250591 0.203533 0.212388 0.194209 0.221234 0.183152 0.172272 0.406018 0.216743 0.193668 0.190395 0.157131
threshold=3.1941319933717818 -1.4112032685981826 0.001989738511591455 0.4933616920707134 0.26436416571624294 0.032596278015761794 -0.65600776405159522 -1.8366014335827863 -0.23423642033866346 -0.084110206224710146 0.25072149014354694 0.79018398032306492 0.20848451292557144 0.20625565691321898 -0.14122961054236699 -0.72201177033915054 0.21112156091776604 0.060573835137425321 -1.0835475618491046 0.031533918003585647 0.025111566450121473 0.63757466142157804 0.039999466373159438 -0.58349434216565033 -0.57575087934988589 0.40507779608335887 0.28752735216774489 0.75166214645752771 0.23514931476162859 0.51739965561609769
decision_type=2 2 2 2 2 2 2 2 2 2 2 2 2 2 2 2 2 2 2 2 2 2 2 2 2 2 2 2 2 2
left_child=1 2 -1 -4 -5 -6 7 8 -3 14 12 -12 13 -11 15 21 17 19 -18 20 -17 22 -9 -19 25 27 28 -14 -26 -13
right_child=-2 6 3 4 5 -7 -8 9 -10 10 11 29 24 -15 -16 16 18 23 -20 -21 -22 -23 -24 -25 26 -27 -28 -29 -30 -31
leaf_value=0.004390513805179473 -0.0023555837926410497 -0.0021983979697688485 -0.0055463207559660081 0.0053108198038812372 -0.0053054931573569778 0.0045113474037498233 6.1627110091698735e-05 0.0078221532516181465 0.0051046076140576803 -0.00033668166445568207 0.0049899030617191736 0.0022667499824560117 -0.0071774693837046225 -0.0062986661902448135 0.0047069645802756514 -0.0014220949774608018 0.0011170548817608507 0.0064235472474247213 -0.0057096447193677111 0.001528166157418284 -0.0076316403757248604 -0.00040512574299599133 0.00070180547239336499 0.00024106969813937726 -0.00076642838808206419 0.0031801490415818996 -0.0023839000379666689 -0.0010988317709416152 0.0051755165747765994 -0.0024115064055076803
leaf_weight=34 21 20 20 21 21 20 4483 20 31 25 34 28 38 67 28 40 20 25 41 29 21 62 24 23 26 20 45 20 28 50
leaf_count=34 21 20 20 21 21 20 4483 20 31 25 34 28 38 67 28 40 20 25 41 29 21 62 24 23 26 20 45 20 28 50
internal_value=-3.33181e-12 9.22208e-06 0.0011094 -0.000251068 0.00145708 -0.00051679 -1.50958e-05 -0.000464702 0.00224068 -0.000657944 -0.00139444 0.00100491 -0.00239343 -0.00467856 0.000184718 -0.000230439 -0.00109775 -4.85373e-05 -0.00347138 -0.00192035 -0.00355981 0.00139782 0.00393833 0.00346111 -0.00120568 -0.00296304 0.000178907 -0.00508139 0.00231458 -0.000732132
internal_weight=5385 5364 116 82 62 41 5248 765 51 714 381 112 269 92 333 305 199 138 61 90 61 106 44 48 177 78 99 58 54 78
internal_count=5385 5364 116 82 62 41 5248 765 51 714 381 112 269 92 333 305 199 138 61 90 61 106 44 48 177 78 99 58 54 78
is_linear=0
shrinkage=0.05


Tree=157
num_leaves=31
num_cat=0
split_feature=0 0 1 8 0 10 13 10 2 4 13 2 1 4 13 2 7 11 4 10 10 11 1 2 14 2 7 10 1 9
split_gain=0.0485067 0.39352 0.338672 0.350343 0.197964 0.809244 0.344562 0.305135 0.26427 0.23285 0.340652 0.307846 0.292904 0.279636 0.4665 0.335572 0.243353 0.310814 0.206738 0.206714 0.309397 0.218411 0.201395 0.190398 0.186088 0.17226 0.158418 0.157047 0.143496 0.168812
threshold=-0.060338828145336081 -0.066501788660492153 0.005222633653745202 -0.31528277573897839 -0.079259336288434554 0.079088649282691784 0.079892193984012719 -0.451995622427602 -0.0046789621907031833 0.30709494678676547 0.92707115159465137 0.062972374064982031 -0.18443026016918465 0.27160881983393137 -1.0294637376357454 -0.22455811080230006 0.15147427464940774 0.35336688598716354 0.18223540886329515 -0.077745190803905725 0.52167990467040359 0.30941000706240346 -0.057219338477436592 0.036241882923465536 -1.2507343092034913 -0.19346090360576843 0.14030023344475831 0.15297021712851036 -0.25656368302158633 1.0130983638251922
decision_type=2 2 2 2 2 2 2 2 2 2 2 2 2 2 2 2 2 2 2 2 2 2 2 2 2 2 2 2 2 2
left_child=1 4 3 -3 9 7 -7 8 -6 10 13 12 -12 14 -1 -16 17 -11 -17 21 23 -20 25 -21 -18 -15 -8 -5 29 -2
right_child=28 2 -4 27 5 6 26 -9 -10 16 11 -13 -14 22 15 18 24 -19 19 20 -22 -23 -24 -25 -26 -27 -28 -29 -30 -31
leaf_value=0.0059355784059417528 -0.0061622565612196928 0.0037679487761730947 -0.0069807891488859533 -0.0067250259495763619 -0.001971384847447986 0.0018331218058509485 -0.0072237461762226845 0.0080325486322787281 0.0058702544055201792 0.00091617965760330356 0.0039318397250026468 0.0061951824159433063 -0.0030366852009472878 -0.0064737309492193173 0.0044561390497256069 -0.0064951721419884761 0.0046413635369390253 0.0084610911973175551 -0.0067010513252832686 -4.309889195220811e-05 -0.0036769554522391914 -0.0012653460673477856 -0.0080135659207231733 0.0059790454450107762 -0.00038518544651792736 -0.00074090241871185999 -0.0014334380981468019 -0.000679995549754018 0.00010015527087845625 5.7549817574908958e-05
leaf_weight=22 20 24 38 22 21 35 27 42 22 39 25 26 38 20 20 26 20 21 33 35 37 42 26 21 232 38 21 21 4347 24
leaf_count=22 20 24 38 22 21 35 27 42 22 39 25 26 38 20 20 26 20 21 33 35 37 42 26 21 232 38 21 21 4347 24
internal_value=-1.48965e-12 -0.000315403 -0.00321019 -0.00107164 2.65002e-05 0.0015722 -0.00193957 0.00500134 0.00204062 -0.000333663 -0.00111846 0.00161772 -0.000271398 -0.00187946 -0.000997644 -0.00171041 0.000695122 0.0035569 -0.00234613 -0.00170402 -0.000128988 -0.00365706 -0.00435692 0.00221521 1.3747e-05 -0.00271774 -0.00469049 -0.0037728 7.13985e-05 -0.00276963
internal_weight=5385 994 105 67 889 168 83 85 43 721 409 89 63 320 236 214 312 60 194 168 93 75 84 56 252 58 48 43 4391 44
internal_count=5385 994 105 67 889 168 83 85 43 721 409 89 63 320 236 214 312 60 194 168 93 75 84 56 252 58 48 43 4391 44
is_linear=0
shrinkage=0.05


Tree=158
num_leaves=31
num_cat=0
split_feature=0 5 14 5 11 0 0 0 7 4 12 5 11 1 9 14 11 0 13 13 12 12 12 7 4 5 0 11 5 13
split_gain=0.0453573 0.0612526 0.23637 0.184512 0.288185 0.145635 0.150483 0.384781 0.287922 0.338611 0.410351 0.193279 0.111874 0.107615 0.391118 0.149939 0.137334 0.111102 0.374024 0.237828 0.185405 0.182538 0.231951 0.303932 0.25642 0.213312 0.189369 0.275192 0.155497 0.127638
threshold=-0.26253114305987968 26.078018204724682 -0.50812725969661265 30.019079338375025 -0.47768889866292891 -0.20219628151058852 -0.129626796450418 -0.12229685470370298 0.15147427464940774 0.31557105867018714 -0.8617923095889527 41.197142628632143 0.71345322266431022 -0.24733066928670941 1.0823917836476624 -1.6202666333043423 0.14520909365046691 -0.081745124539293654 1.5753932534588786 -1.0527704301162757 1.0383104456448471 0.046032641598380261 0.25072149014354694 0.18390711688197686 0.24542614740082577 45.174028805320702 -0.092874107346265708 0.13068220175741915 32.411446967394092 1.0044851161395525
decision_type=2 2 2 2 2 2 2 2 2 2 2 2 2 2 2 2 2 2 2 2 2 2 2 2 2 2 2 2 2 2
left_child=-1 2 -2 4 -3 -5 8 -8 -7 -10 -11 -12 -6 14 -9 -15 -16 18 19 -17 21 25 -23 24 -24 26 27 -21 -19 -30
right_child=1 3 -4 5 12 6 7 13 9 10 11 -13 -14 15 16 17 -18 28 -20 20 -22 22 23 -25 -26 -27 -28 -29 29 -31
leaf_value=-0.0022656519473953684 0.0014769250651200613 0.0075906263105571282 -0.0049107171399685162 0.0038755054352805022 -0.00074634362596931849 0.0037797698396302409 0.0053180426109226096 -0.00573995296144858 -0.0069763274805154651 0.0039085559868093193 -0.0054297631785560118 0.00043140135663138202 0.0037059153529948423 0.0036598366602057855 0.0033224093631423752 0.0022461167051101498 -0.0020633069984614849 0.0038353968920462112 0.0050649226837170625 -0.0052561893699956796 -0.0062781733015309206 0.0040322086256411342 -0.0026531030647456645 -0.0066147393872961402 0.0048414401576987341 0.0019768128637224435 -0.0064358765163864858 0.00097013241077850893 0.00013546879524076614 -0.00063047252554651622
leaf_weight=22 30 20 28 24 43 21 34 36 32 29 39 22 21 28 29 38 20 27 24 35 23 27 25 20 21 20 39 36 3941 631
leaf_count=22 30 20 28 24 43 21 34 36 32 29 39 22 21 28 29 38 20 27 24 35 23 27 25 20 21 20 39 36 3941 631
internal_value=1.66867e-13 9.29412e-06 -0.00160676 2.69626e-05 0.00235171 -1.044e-05 -2.83855e-05 1.68717e-05 -0.0016279 -0.00255872 -0.00098802 -0.0033159 0.000714554 -1.90326e-05 -0.001783 1.13497e-05 0.00112416 -9.46905e-06 -0.000928814 -0.00143533 -0.00200401 -0.00156317 0.000128145 -0.00146897 0.000768319 -0.00277311 -0.00363674 -0.00209918 5.21005e-05 2.97582e-05
internal_weight=5385 5363 58 5305 84 5221 5197 5054 143 122 90 61 64 5020 85 4935 49 4907 308 284 246 223 93 66 46 130 110 71 4599 4572
internal_count=5385 5363 58 5305 84 5221 5197 5054 143 122 90 61 64 5020 85 4935 49 4907 308 284 246 223 93 66 46 130 110 71 4599 4572
is_linear=0
shrinkage=0.05


Tree=159
num_leaves=31
num_cat=0
split_feature=11 0 8 7 7 9 13 11 6 8 2 3 11 3 5 8 3 4 7 2 4 13 9 9 9 9 11 3 5 4
split_gain=0.0473283 0.191923 0.199515 0.210283 0.252226 0.165214 0.330521 0.288543 0.148728 0.146807 0.123154 0.121433 0.0932192 0.255809 0.267253 0.292616 0.0654266 0.0856968 0.265801 0.175966 0.170275 0.143797 0.154999 0.0977085 0.0887354 0.107729 0.199802 0.16523 0.132137 0.110951
threshold=1.5269215890232772 0.17915313189024942 0.022276345001248286 0.12454534953916423 0.094493838546455627 0.84847882575803679 -0.98069429606142133 1.8611477860053753 0.021573528397071124 -0.23423642033866346 0.0058144520370959638 0.043083989449238975 1.4036145953739625 0.25272511061065789 55.604817281157288 -0.05264879595661686 -0.51667188372115336 0.54493978681134081 0.35020845412798823 -0.15139005337366504 0.49386851414570809 0.6501164773959397 1.3542504095798436 1.3687366821589488 2.5526878248007505 1.9840219321160844 -0.46049752075315287 0.10857411076109526 46.417809783715882 0.47617535539810102
decision_type=2 2 2 2 2 2 2 2 2 2 2 2 2 2 2 2 2 2 2 2 2 2 2 2 2 2 2 2 2 2
left_child=12 2 5 4 10 6 -2 8 -7 -9 -4 -5 16 14 15 -14 -1 20 19 -19 24 22 -22 -21 25 29 28 -28 -27 -18
right_child=1 -3 3 11 -6 7 -8 9 -10 -11 -12 -13 13 -15 -16 -17 17 18 -20 23 21 -23 -24 -25 -26 26 27 -29 -30 -31
leaf_value=0.0022258207371289081 -0.00062379283830523487 0.0036401706710457804 2.9930996242910626e-05 -0.0070595866946790084 0.0028870683367131279 3.6200690447003586e-05 0.0076743163075298076 -0.00022279736513155515 -0.0053976710995330534 0.0050376206592080142 -0.0047081994009204216 -0.0025752778294392759 0.0042176995302240054 -0.0022150520831928588 0.0076070270865507749 -0.0035900993784889579 -1.2581366988107043e-06 -0.00066093187779188163 -0.0024809205361331506 0.0022687023682963279 -0.00064778560107307771 0.0010972023429349064 -0.0062881959762809614 0.0068161248953806028 0.0023432303254958243 0.0038316003512591126 2.2177200298756362e-05 -0.0051352989542382682 -0.001025958790532535 0.0030494835569212838
leaf_weight=33 30 25 24 26 32 20 20 36 34 21 32 36 30 32 23 20 4541 21 30 21 21 20 29 27 40 21 24 44 42 30
leaf_count=33 30 25 24 26 32 20 20 36 34 21 32 36 30 32 23 20 4541 21 30 21 21 20 29 27 40 21 24 44 42 30
internal_value=4.84945e-12 -0.000574606 -0.000913415 -0.00222545 -0.000654066 0.000308976 0.00269545 -0.000766013 -0.00338513 0.00171525 -0.00267757 -0.00445579 3.82388e-05 0.00151247 0.00314645 0.00109458 6.92938e-06 -7.9807e-06 0.00144819 0.0031565 -3.79394e-05 -0.00248596 -0.00391922 0.00482663 -1.80241e-06 -2.17516e-05 -0.00143548 -0.00331501 0.000593228 1.87642e-05
internal_weight=5385 336 311 150 88 161 50 111 54 57 56 62 5049 105 73 50 4944 4911 99 69 4812 70 50 48 4742 4702 131 68 63 4571
internal_count=5385 336 311 150 88 161 50 111 54 57 56 62 5049 105 73 50 4944 4911 99 69 4812 70 50 48 4742 4702 131 68 63 4571
is_linear=0
shrinkage=0.05


Tree=160
num_leaves=31
num_cat=0
split_feature=1 6 1 14 1 1 5 5 6 1 14 1 5 1 12 8 8 5 5 1 10 12 0 2 8 14 14 9 14 12
split_gain=0.047687 0.179236 0.122614 0.0625904 0.134533 0.0846692 0.237388 0.2635 0.156014 0.244827 0.197143 0.0832204 0.223716 0.296223 0.299642 0.247601 0.301974 0.235886 0.167167 0.155997 0.357582 0.333512 0.275333 0.26424 0.258718 0.359876 0.230648 0.286577 0.310504 0.260966
threshold=0.74090086638812858 0.050868006337043963 0.63013447765011488 5.2207687122396296 0.15618536946227526 0.34506675588896935 62.834015202168914 57.081469422421129 0.030408132146673445 0.43324657879919498 2.0307256188320868 0.19659561193232769 58.677763239228398 0.21464067409852419 -0.67972546933537703 -0.059106788105975243 -0.3807321804200528 53.248944072777142 50.047242637671552 0.12867687530653951 1.142856692007882 -0.56691642837595047 0.14954611964186129 0.12298009299491831 0.22731001357811681 1.4081312040813698 1.969070909621466 0.51089822188542822 0.88440608774168339 0.23620762724791752
decision_type=2 2 2 2 2 2 2 2 2 2 2 2 2 2 2 2 2 2 2 2 2 2 2 2 2 2 2 2 2 2
left_child=2 -2 3 5 -5 11 7 -7 9 -8 -10 19 13 18 -15 16 17 -16 -13 22 21 24 -1 -24 25 -21 27 28 -23 -28
right_child=1 -3 -4 4 -6 6 8 -9 10 -11 -12 12 -14 14 15 -17 -18 -19 -20 20 -22 26 23 -25 -26 -27 29 -29 -30 -31
leaf_value=-3.0002895724703669e-06 0.001747534910682589 -0.0047925144433975221 0.0038262686115645228 -0.0011618423497393019 0.0042188328538591479 -0.0012157166012912058 -0.0035275850486119879 0.0048876167674149788 -0.0019880241128029646 0.0032417022623121741 -0.0085375937109347429 0.002285728736647538 -0.00011220335668880463 0.0049732886013396857 -0.0021206645789789039 0.0043127453293312686 -0.0055719656441661145 0.0046049457720734859 0.0083942617483747494 -0.0034799147877077174 -0.0059273509570630274 -0.00082070162842193478 0.00039478157569343848 0.0054317291223687 0.0054266865352272167 0.0032801584309587878 -0.0041632851817435127 -0.00094830940844368126 0.0068347835154445079 -0.00019889152741857938
leaf_weight=3794 20 22 21 21 26 48 34 28 27 22 20 21 372 34 32 22 31 22 24 35 32 26 60 46 36 45 102 265 27 70
leaf_count=3794 20 22 21 21 26 48 34 28 27 22 20 21 372 34 32 22 31 22 24 35 32 26 60 46 36 45 102 265 27 70
internal_value=-1.03861e-13 -0.00167821 1.3192e-05 -1.85401e-06 0.0018147 -1.80394e-05 -0.00108687 0.00103288 -0.00265096 -0.000868222 -0.00477508 1.95039e-05 0.00059572 0.00201157 0.000884318 -0.000414981 -0.00163863 0.000619399 0.00554361 -5.13485e-05 -0.000776149 -0.000504138 6.72214e-05 0.00258063 0.00190665 0.000322626 -0.00107485 -0.000277047 0.00307926 -0.00254987
internal_weight=5385 42 5343 5322 47 5275 179 76 103 56 47 5096 558 186 141 107 85 54 45 4538 638 606 3900 106 116 80 490 318 53 172
internal_count=5385 42 5343 5322 47 5275 179 76 103 56 47 5096 558 186 141 107 85 54 45 4538 638 606 3900 106 116 80 490 318 53 172
is_linear=0
shrinkage=0.05


Tree=161
num_leaves=31
num_cat=0
split_feature=12 12 1 3 3 2 7 1 1 0 7 7 0 3 7 8 8 10 9 0 13 3 10 9 9 13 9 8 8 0
split_gain=0.0454426 0.0783345 0.0584928 0.299379 0.0705207 0.174991 0.172829 0.287924 0.425162 0.148695 0.085775 0.0904353 0.153762 0.0872199 0.329341 0.234882 0.129204 0.0876264 0.243167 0.163296 0.162341 0.282394 0.226281 0.308487 0.216147 0.173362 0.193204 0.192565 0.230809 0.239233
threshold=-3.0624098081889826 -2.739209886738831 0.74090086638812858 2.3962819260993498 0.92721210899988249 0.1983124074257098 0.28482269148207101 0.30150308592555847 0.16814147040883334 0.074953676889383938 0.47367579540529897 0.37585921913259662 -0.048948462079004211 0.80037212135898572 0.094493838546455627 0.59679121276919667 -0.21596613236026105 -0.6204159505038831 0.5180201044338254 -0.0055688378105628314 -0.81162062796227541 0.52555984892536323 -0.80080949036885396 1.2619189793911318 0.71634783737650343 1.2748335076451183 1.2742493487813136 0.54167710896641796 0.24290718016575405 0.067985375289541086
decision_type=2 2 2 2 2 2 2 2 2 2 2 2 2 2 2 2 2 2 2 2 2 2 2 2 2 2 2 2 2 2
left_child=-1 -2 3 4 10 -6 7 8 -7 -9 11 13 -13 17 -15 16 -16 18 19 -3 21 22 24 -24 -20 26 27 28 29 -22
right_child=1 2 -4 -5 5 6 -8 9 -10 -11 -12 12 -14 14 15 -17 -18 -19 20 -21 25 -23 23 -25 -26 -27 -28 -29 -30 -31
leaf_value=-0.0022677828134460886 0.0029867402531883937 0.0058026563841849571 -0.0021342450694646687 0.0058304816950112588 -0.0048817509002983574 -0.0032944343123359216 0.0030987700270810005 -0.0011224500363459812 0.0045626914367959326 -0.0069065947376657283 -0.0028458143226229231 -0.00082905145362019536 0.0052284484178843826 -0.0039417511995204473 0.0020482759446604176 -0.0012787114008856208 0.0068794266110466379 7.8490343364331057e-05 -0.0032180988714875037 0.00038223309216625764 -0.0012058056439248808 0.005147618274869664 0.00059935860335826876 -0.0065870209863143313 0.0020982843007585233 0.0018894638866186143 -0.0026572473901503076 0.0017680995415699169 -0.0046684260406176957 0.0040890122218115721
leaf_weight=22 22 24 32 22 25 33 29 20 36 25 26 20 22 22 25 23 31 4126 24 33 192 28 32 28 94 43 195 65 42 24
leaf_count=22 22 24 32 22 25 33 29 20 36 25 26 20 22 22 25 23 31 4126 24 33 192 28 32 28 94 43 195 65 42 24
internal_value=2.02556e-12 9.30286e-06 -2.96144e-06 9.88487e-06 -1.43355e-05 -0.00102234 -0.000347615 -0.00122433 0.000804936 -0.00433586 1.8746e-05 3.33697e-05 0.00234392 1.41571e-05 0.00146872 0.00297543 0.00472266 -1.55218e-05 -0.000486267 0.00266452 -0.000720419 0.000480003 -0.000254229 -0.00275429 0.00101699 -0.00116122 -0.00141446 -0.000664167 -0.00127695 -0.000617493
internal_weight=5385 5363 5341 5309 5287 168 143 114 69 45 5119 5093 42 5051 101 79 56 4950 824 57 767 206 178 60 118 561 518 323 258 216
internal_count=5385 5363 5341 5309 5287 168 143 114 69 45 5119 5093 42 5051 101 79 56 4950 824 57 767 206 178 60 118 561 518 323 258 216
is_linear=0
shrinkage=0.05


Tree=162
num_leaves=31
num_cat=0
split_feature=6 14 7 14 12 4 2 3 12 6 3 1 5 7 14 13 8 3 11 11 1 11 6 8 1 4 5 3 6 1
split_gain=0.0465379 0.0562654 0.0860324 0.0625637 0.131139 0.0566004 0.191164 0.146079 0.166828 0.15659 0.3154 0.27089 0.281043 0.211352 0.353863 0.224634 0.52241 0.377028 0.374169 0.282679 0.490722 0.65114 0.557552 0.664555 0.352809 0.286013 0.261768 0.242858 0.23253 0.211154
threshold=0.073321599255601513 5.2207687122396296 0.18390711688197686 4.6481031230115821 -0.031307896791933791 0.37268022773285342 0.7528867436986435 0.92721210899988249 -0.51463717773523332 0.029979543245579259 0.75170169531297326 -0.22278397312695411 34.971239908235688 0.10813683494309768 -0.69382088182901469 0.7760403424345147 0.080381609829345321 0.013292953009796828 -0.36168007482401687 1.0285012327582435 -0.022277081909955528 0.47852000374125353 0.034027697576529722 -0.33909243396658051 -0.069855097360600402 0.30512544832343574 52.419880762869049 0.21090762074803429 0.034643036954529478 -0.18443026016918465
decision_type=2 2 2 2 2 2 2 2 2 2 2 2 2 2 2 2 2 2 2 2 2 2 2 2 2 2 2 2 2 2
left_child=1 3 -3 5 -5 6 7 9 -9 11 13 12 -1 14 -11 19 17 18 -17 20 24 22 25 -24 27 -22 -18 -15 -26 -13
right_child=-2 2 -4 4 -6 -7 -8 8 -10 10 -12 29 -14 15 -16 16 26 -19 -20 -21 21 -23 23 -25 28 -27 -28 -29 -30 -31
leaf_value=0.00066662413068115708 -0.0023491742887667248 -0.00043521060807896517 0.0034184668088952704 -0.0048405892541632063 0.00088519691023975606 -0.00045162443322209245 0.0040442311171985544 -0.0061774551821872602 -0.00035619986756501025 0.0078569190499062341 0.005868695746175945 0.0032888162507636789 -0.0071534095676960771 0.00031453025209285867 0.0010895941041661615 -0.0066240071551874283 0.0099177459424192264 0.0032992963774655113 0.0017367658367299515 0.0024111235058893836 -0.0010368910496649534 -0.0097150313580641537 -0.0040638142265379427 0.0080013875961303712 0.0082452204566271538 -0.0086244529164913632 0.0027863522811282064 -0.0047719359911721328 0.00071206334978342063 -4.8302505903523141e-05
leaf_weight=20 21 28 30 20 20 596 30 20 32 24 29 48 27 123 99 32 22 39 23 68 23 32 21 25 21 27 31 29 20 3805
leaf_count=20 21 28 30 20 20 596 30 20 32 24 29 48 27 123 99 32 22 39 23 68 23 32 21 25 21 27 31 29 20 3805
internal_value=7.82537e-13 9.19699e-06 0.00155807 -7.73378e-06 -0.0019777 7.22985e-06 6.57903e-05 4.00676e-05 -0.00259514 6.99349e-05 0.000765405 -5.27532e-05 -0.00382574 0.000540829 0.00241005 0.000111885 0.00177699 -0.000461171 -0.00312768 -0.000517344 -0.0011377 -0.00353824 -0.00147931 0.00249336 0.000454363 -0.00513417 0.00574655 -0.000655914 0.00457051 -6.72926e-06
internal_weight=5385 5364 58 5306 40 5266 4670 4640 52 4588 688 3900 47 659 123 536 147 94 55 389 321 128 96 46 193 50 53 152 41 3853
internal_count=5385 5364 58 5306 40 5266 4670 4640 52 4588 688 3900 47 659 123 536 147 94 55 389 321 128 96 46 193 50 53 152 41 3853
is_linear=0
shrinkage=0.05


Tree=163
num_leaves=31
num_cat=0
split_feature=10 11 11 0 12 12 3 0 9 8 2 2 11 5 5 3 3 5 5 9 0 8 8 8 5 3 2 4 10 12
split_gain=0.0457891 0.277105 0.265184 0.257001 0.212856 0.364219 0.285315 0.381535 0.382569 0.272958 0.350032 0.359116 0.324632 0.310155 0.398039 0.284121 0.261824 0.260651 0.269126 0.248872 0.246455 0.323288 0.538285 0.234415 0.222375 0.24646 0.360409 0.261312 0.205286 0.201717
threshold=-0.16894152701339252 -1.0349910112594141 -0.47768889866292891 -0.040124476415935077 -0.81748901100388582 -0.74945127865564565 0.63388735003279484 -0.057809372295734456 1.7344209880651988 0.036926801205153549 0.097082324485251906 -0.052800565162124051 0.23345756144541888 60.082174038913728 38.669822596715548 0.71326038058444807 0.61395744683435927 43.361526513671429 49.830707579503432 1.7110556277950681 -0.069460616320494037 -0.187407064204971 0.12449349643989525 0.11874466199079377 50.954590445101225 0.80037212135898572 0.47923119941988407 0.27160881983393137 -0.15757594429371138 -1.2645860906475641
decision_type=2 2 2 2 2 2 2 2 2 2 2 2 2 2 2 2 2 2 2 2 2 2 2 2 2 2 2 2 2 2
left_child=1 3 -3 -1 9 -6 7 8 20 13 11 12 -11 14 -4 -12 19 -16 -19 -9 21 -7 -23 -21 -8 27 -27 -26 -2 -20
right_child=28 2 4 -5 5 6 24 16 -10 10 15 -13 -14 -15 17 -17 -18 18 29 23 -22 22 -24 -25 25 26 -28 -29 -30 -31
leaf_value=0.0012877636386648468 -0.0035957324418372343 0.0020189127155141148 0.006154708136376497 -0.0052342955213548108 -0.0051391682846264712 -0.00308598911242542 0.0013134670586118268 0.00061555706748600244 0.0047755861743575059 -0.0056505016008899971 -0.0042401563711323299 0.0050369341609378662 0.0026020552927198317 0.0066762395812582009 -0.003278791370826799 0.0021126500641306242 0.0062165545462630686 0.0040434840318214682 0.001766517542834793 -0.0057108642547504017 -0.0055391191287249659 0.0062710534734651451 -0.0030515356535033792 0.0007268630989039174 -0.0029077665519810494 0.0026288865099559191 -0.0048753724389825953 -0.010238350031431765 -7.6433806611467348e-05 -0.0039855170080921164
leaf_weight=23 42 197 37 44 36 106 36 1080 21 22 66 45 26 34 37 24 20 56 35 31 46 30 32 26 31 32 32 20 3091 27
leaf_count=23 42 197 37 44 36 106 36 1080 21 22 66 45 26 34 37 24 20 56 35 31 46 30 32 26 31 32 32 20 3091 27
internal_value=3.01489e-12 0.000171971 0.000269093 -0.00299538 9.56953e-05 -0.000167619 -5.16271e-05 0.000172306 -0.00166444 0.00111226 -0.000323182 0.001828 -0.00118037 0.00227458 0.00149512 -0.00254607 0.000545371 0.000382832 0.00153097 0.000445614 -0.00229641 -0.00140853 0.00145939 -0.00277436 -0.00211596 -0.00318952 -0.00112324 -0.00578251 -0.000123612 -0.000738401
internal_weight=5385 2252 2185 67 1988 1579 1543 1392 235 409 183 93 48 226 192 90 1157 155 118 1137 214 168 62 57 151 115 64 51 3133 62
internal_count=5385 2252 2185 67 1988 1579 1543 1392 235 409 183 93 48 226 192 90 1157 155 118 1137 214 168 62 57 151 115 64 51 3133 62
is_linear=0
shrinkage=0.05


Tree=164
num_leaves=31
num_cat=0
split_feature=6 6 2 5 5 7 0 10 7 13 0 13 13 3 6 1 6 9 7 9 10 6 2 2 10 0 10 3 3 2
split_gain=0.0439574 0.218684 0.338072 0.514408 0.577354 0.414663 0.339466 0.345568 0.339366 0.327334 0.377516 0.374179 0.300464 0.294558 0.545754 0.281426 0.269076 0.373138 0.249616 0.314656 0.256563 0.247534 0.313355 0.260039 0.239678 0.280207 0.270576 0.340631 0.28187 0.236013
threshold=0.026246700876373371 0.02213372548896295 -0.015051066806249956 65.857734599163436 60.374611441574224 0.15217181316638323 0.041419776385311476 0.7885265351526588 0.12741754333260844 -0.64978680499375041 0.078593857378565737 -0.2160511313604134 0.046811298556946553 0.010066234399431663 0.023855743524434959 0.13110598362906015 0.024520479844784504 1.0823917836476624 0.16049319499952472 0.72708691205991316 0.079088649282691784 0.024724068416818751 -0.19346090360576843 -0.095279405348856469 0.72779685792109439 -0.089459018941135934 0.87744453538051714 0.1319742492717573 -0.060154305198577222 0.054789943601554876
decision_type=2 2 2 2 2 2 2 2 2 2 2 2 2 2 2 2 2 2 2 2 2 2 2 2 2 2 2 2 2 2
left_child=1 24 3 4 5 8 7 15 13 10 -8 -11 -13 21 -15 -4 17 -17 19 -14 -20 22 -3 -23 25 -1 -26 28 -28 -27
right_child=-2 2 6 -5 -6 -7 9 -9 -10 11 -12 12 18 14 -16 16 -18 -19 20 -21 -22 23 -24 -25 26 29 27 -29 -30 -31
leaf_value=-0.0037147442577406767 0.00018314294650614979 -0.0052273702172731815 -0.001202677307443889 -0.0065190066830837171 0.0090840842574834834 0.0044093624737367712 0.0018614230424583217 -0.0078745684707192364 -0.0053799790989918017 0.0050373060856428419 -0.005234479242090119 -0.0048352487684626671 0.007398793924599887 0.0031385845806373536 -0.0062134542583058092 -0.0063321720265472935 -0.0081546703819185499 0.0029150312161073094 0.0014197697204634035 0.00021298040325442951 -0.0057406990124780517 0.0069173719569602431 0.0016899235359232991 -0.0001591802319689166 0.0051645568054649333 -0.00053237135625603586 -0.001828242749685333 -0.0041310646691945967 0.0055393686764599647 0.00052648018577816115
leaf_weight=49 2037 22 257 24 21 55 29 27 30 45 53 28 25 26 39 24 32 20 29 39 22 34 64 21 49 870 21 27 34 1332
leaf_count=49 2037 22 257 24 21 55 29 27 30 45 53 28 25 26 39 24 32 20 29 39 22 34 64 21 49 870 21 27 34 1332
internal_value=4.60885e-12 -0.000111428 -0.000745982 0.000534835 0.00107744 0.000499639 -0.00142908 -0.00243423 -0.000411526 -8.889e-05 -0.00272495 0.00106088 -0.00019044 0.000312035 -0.00247264 -0.00199312 -0.00466607 -0.0021289 0.00094047 0.00301994 -0.00166906 0.00159575 -7.96167e-05 0.00421542 0.000145909 2.49161e-05 0.00222496 0.000468374 0.00272628 0.000108133
internal_weight=5385 3348 966 336 312 291 630 360 236 270 82 188 143 206 65 333 76 44 115 64 51 141 86 55 2382 2251 131 82 55 2202
internal_count=5385 3348 966 336 312 291 630 360 236 270 82 188 143 206 65 333 76 44 115 64 51 141 86 55 2382 2251 131 82 55 2202
is_linear=0
shrinkage=0.05


Tree=165
num_leaves=31
num_cat=0
split_feature=4 4 13 13 4 11 4 6 12 11 11 13 11 13 7 9 8 14 7 0 0 1 12 1 1 1 6 4 12 6
split_gain=0.0475808 0.424544 0.275868 0.500051 0.291173 0.280078 0.263401 0.403237 0.302157 0.252053 0.212007 0.199833 0.199772 0.341752 0.682048 0.371124 0.220953 0.189702 0.165796 0.139087 0.156672 0.253507 0.134685 0.142485 0.251608 0.200179 0.129687 0.121817 0.120735 0.10457
threshold=0.16346645304339691 0.16264997048488231 1.3767282497673758 0.898503317290132 0.13149626046012705 0.95814149942999027 0.15859396639212395 0.016021223886119564 0.58289758990824458 -0.28844104004216309 -0.53705481621601492 -0.28356508560795751 -0.089799785417704739 0.02930318492950883 0.053396531985025884 1.0059035101768032 0.17832990829775233 0.98207095792390209 0.11112031800187287 0.070119192286884693 0.034359358227032961 0.033468640169339377 0.046032641598380261 -0.039655295260410721 0.021711172582212227 0.097412166865546004 0.014997928823597571 0.13846374027740799 0.2933798539817577 0.022009125136834104
decision_type=2 2 2 2 2 2 2 2 2 2 2 2 2 2 2 2 2 2 2 2 2 2 2 2 2 2 2 2 2 2
left_child=1 2 3 5 -5 6 8 -8 10 -6 -1 -7 16 14 -14 -16 28 -9 22 20 21 26 27 -24 -25 -26 -10 -15 -12 -2
right_child=29 -3 -4 4 9 11 7 17 19 -11 12 -13 13 18 15 -17 -18 -19 -20 -21 -22 -23 23 24 25 -27 -28 -29 -30 -31
leaf_value=0.0032473679080053616 0.00039632285697546905 -0.0072065295926718557 -0.0055557547704033232 -0.0014854913065209985 0.0083146914757569051 0.00035310429520905021 -0.0070628658062420226 -0.0037542421010915532 -0.0025366832053771728 0.0017748728931809847 0.00020013270201161505 0.006721031283748082 0.0033568788086995485 -0.00041246463273031018 -0.010270888165667139 -0.0023386439044164337 -0.0074488056590780623 0.0024501674974869406 0.0045727676433592063 0.0054384212674839158 -0.0021696816672217745 0.0053766077484137254 0.0024831308384558985 -0.006144783088865762 0.003782923354301602 -0.0027665425657427741 0.0023639411872459788 0.0040569253168219041 -0.0038701225035382733 -0.00010838750438071362
leaf_weight=27 1548 22 23 20 34 28 39 22 27 26 35 22 27 30 29 30 24 28 23 21 29 35 21 26 20 28 27 31 38 3045
leaf_count=27 1548 22 23 20 34 28 39 22 27 26 35 22 27 30 29 30 24 28 23 21 29 35 21 26 20 28 27 31 38 3045
internal_value=4.86969e-12 -0.000357914 -0.000162239 3.82625e-06 0.0037392 -0.000444195 -0.000735864 -0.00325214 -0.000311719 0.00548077 -0.00102671 0.00315499 -0.0013455 -0.000634861 -0.00322534 -0.00623754 -0.00328692 -0.000279773 0.000609727 0.00168923 0.001022 0.00206199 2.54321e-05 -0.00115182 -0.00218337 -3.75984e-05 -8.6371e-05 0.00185886 -0.00191863 6.17174e-05
internal_weight=5385 792 770 747 80 667 617 89 528 60 389 50 362 265 86 59 97 50 179 139 118 89 156 95 74 48 54 61 73 4593
internal_count=5385 792 770 747 80 667 617 89 528 60 389 50 362 265 86 59 97 50 179 139 118 89 156 95 74 48 54 61 73 4593
is_linear=0
shrinkage=0.05


Tree=166
num_leaves=31
num_cat=0
split_feature=11 0 12 7 5 2 10 0 12 12 6 2 11 11 13 13 13 1 10 7 6 6 6 14 1 12 1 1 6 2
split_gain=0.0461512 0.166395 0.162277 0.198587 0.268055 0.218278 0.271263 0.194611 0.150567 0.293097 0.237338 0.0858423 0.0849159 0.247748 0.173397 0.48551 0.215984 0.203529 0.290196 0.221236 0.19592 0.251263 0.323118 0.267229 0.296798 0.335206 0.312561 0.275678 0.241392 0.310556
threshold=1.5269215890232772 0.17915313189024942 -1.8366014335827863 0.13183629431612578 42.741781262208093 0.079665817786093066 -0.38759853644788106 0.041419776385311476 -0.63443036376554163 -0.29378089348070785 0.022733599469505997 0.0084638416052192928 0.71345322266431022 0.60600295751954503 0.51016897639378322 0.6240518565684412 0.46371887876817192 -0.11111670929548688 -0.20008540592266863 0.11052422171067162 0.043814574738057679 0.032087851631797733 0.030294318535585164 3.4288860415342617 0.072607333185243941 0.35862480259621837 0.10297559699289895 0.005222633653745202 0.021573528397071124 0.067608664863410897
decision_type=2 2 2 2 2 2 2 2 2 2 2 2 2 2 2 2 2 2 2 2 2 2 2 2 2 2 2 2 2 2
left_child=12 2 -2 7 -5 -6 -7 8 -4 -10 -11 -12 13 -1 16 -16 20 -17 19 -19 21 22 23 24 25 27 -26 28 29 -14
right_child=1 -3 3 4 5 6 -8 -9 9 10 11 -13 14 -15 15 17 -18 18 -20 -21 -22 -23 -24 -25 26 -27 -28 -29 -30 -31
leaf_value=3.174850726324843e-05 0.0024895642964111175 0.0033570457510650161 -0.0041755994750807685 0.0013195958917744325 -0.0074941149122561479 -0.0065826479057293566 0.00087911433957774078 0.0031319593145911189 0.0043244369081178406 -0.0055043255910277372 0.0021462905342299827 -0.0020826346240937709 -0.0041025563394285593 -0.0016546159951687585 -0.0066881413451365893 0.0047959437992955954 0.005734802308004527 -0.0013042653794400395 -0.0046455545591250541 0.0043232489767814838 -0.0026082611290944948 0.0033181650541326694 -0.0050003592498027369 -0.0050133890492725193 0.0058693670816323228 0.001998345876083898 0.0013546894297178369 -0.0031446188334874545 0.0020341204078651444 0.002529069241481247
leaf_weight=3810 32 25 30 28 33 21 29 35 27 27 28 21 51 231 31 21 21 40 31 31 45 87 26 20 47 138 208 98 86 27
leaf_count=3810 32 25 30 28 33 21 29 35 27 27 28 21 51 231 31 21 21 40 31 31 45 87 26 20 47 138 208 98 86 27
internal_value=6.27813e-13 -0.000567416 -0.000882887 -0.00126969 -0.0029108 -0.00433792 -0.00225483 -0.00018539 -0.00105838 -0.000150448 -0.00174021 0.000333894 3.77603e-05 -6.46509e-05 0.00044832 -0.00109597 0.000726799 0.000313437 -0.000609432 0.00115282 0.000600546 0.00078379 0.000469253 0.000679935 0.000853776 3.96984e-06 0.00218681 -0.0010465 0.000207249 -0.00180699
internal_weight=5385 336 311 279 111 83 50 168 133 103 76 49 5049 4041 1008 154 854 123 102 71 833 788 701 675 655 400 255 262 164 78
internal_count=5385 336 311 279 111 83 50 168 133 103 76 49 5049 4041 1008 154 854 123 102 71 833 788 701 675 655 400 255 262 164 78
is_linear=0
shrinkage=0.05


Tree=167
num_leaves=31
num_cat=0
split_feature=12 12 3 0 0 13 10 10 10 13 9 5 3 3 10 8 7 13 12 0 1 10 3 5 8 7 8 1 1 7
split_gain=0.0462726 0.271936 0.382181 0.369427 0.288637 0.244199 0.224657 0.531754 0.282836 0.217638 0.215002 0.229304 0.292393 0.216218 0.292466 0.328542 0.311214 0.216823 0.20424 0.235638 0.264254 0.286069 0.216913 0.46946 0.402805 0.35056 0.274795 0.274323 0.359633 0.191972
threshold=0.38181310205191049 0.17893452232430596 -0.18840805662641544 -0.066501788660492153 -0.098084360661361267 -0.69281193022339749 0.48763623492580227 0.25641535392806408 0.76694116683198599 0.96776318365609815 0.58574721889882564 57.52586911930424 0.15391214151381119 0.050628769626179911 -0.2969994057937298 -0.46160388616575826 0.074984939740933662 0.23732051689645975 0.029217013351912648 0.12638690458053173 0.1882945767181913 -0.32833118881518164 0.2376520755205174 63.182146177217312 -0.15915299049391315 0.12371622260404948 -0.65839053946896153 0.072607333185243941 -0.10178929931068452 0.12741754333260844
decision_type=2 2 2 2 2 2 2 2 2 2 2 2 2 2 2 2 2 2 2 2 2 2 2 2 2 2 2 2 2 2
left_child=1 18 29 4 -4 -5 7 9 -8 10 11 -7 -13 -12 17 -16 -17 -15 -1 20 22 -22 23 24 25 26 -20 28 -26 -3
right_child=-2 2 3 5 -6 6 8 -9 -10 -11 13 12 -14 14 15 16 -18 -19 19 -21 21 -23 -24 -25 27 -27 -28 -29 -30 -31
leaf_value=8.8097152652276365e-05 -0.00021376726280102282 -0.0052958212567098218 0.0015871170020545834 0.004006710724305299 0.008203236290993279 0.00019236836405643436 -0.0071892092225607487 0.0060782849589466224 0.00059588815680139569 0.0038180681594990589 0.0040737904619891204 -0.0091746488353237517 -0.0012591108247371656 0.00032019183695824311 0.0029215862043201926 -0.0088048649091354535 -0.00089008241408952953 0.0064952888614719824 -0.0028031431899692579 -0.0047575193624465892 -0.0018674830118050941 0.0048694319665082732 0.00048227038919105241 -0.0094083103071898235 0.0035625256904001749 -0.00013455650303512812 -0.0098821106431042343 0.0053592970594763759 -0.0024493407513905686 0.00073396417904983868
leaf_weight=2590 1722 33 32 59 34 54 20 45 28 38 40 20 28 44 21 23 27 21 26 39 26 40 126 20 35 35 29 22 86 22
leaf_count=2590 1722 33 32 59 34 54 20 45 28 38 40 20 28 44 21 23 27 21 26 39 26 40 126 20 35 35 29 22 86 22
internal_value=-8.60448e-13 0.000100493 0.00108468 0.00149343 0.00499542 0.000999564 0.000565771 0.000993074 -0.0026479 0.000268914 -0.000216223 -0.00204275 -0.00455725 0.000842331 -0.000108098 -0.00232663 -0.00453088 0.00231522 -8.80845e-05 -0.00103087 -0.00070427 0.0022155 -0.00121273 -0.00205687 -0.00142585 -0.00404636 -0.00653569 0.000223424 -0.000710371 -0.00288391
internal_weight=5385 3663 589 534 66 468 409 361 48 316 278 102 48 176 136 71 50 65 3074 484 445 66 379 253 233 90 55 143 121 55
internal_count=5385 3663 589 534 66 468 409 361 48 316 278 102 48 176 136 71 50 65 3074 484 445 66 379 253 233 90 55 143 121 55
is_linear=0
shrinkage=0.05


Tree=168
num_leaves=31
num_cat=0
split_feature=6 10 13 10 10 11 10 7 4 1 12 12 8 8 8 8 10 10 13 7 11 4 10 12 2 8 9 1 12 12
split_gain=0.0443633 0.0500891 0.135777 0.17728 0.167247 0.187392 0.0732995 0.166326 0.254294 0.13205 0.164307 0.127255 0.173044 0.271008 0.220066 0.20071 0.21993 0.193011 0.303179 0.185724 0.245765 0.210634 0.401605 0.176773 0.268724 0.248287 0.372746 0.271942 0.213559 0.162821
threshold=0.073321599255601513 -1.4112032685981826 -0.32369621829620426 -2.1387269649547478 -1.7273025358401359 1.0699513728749832 -0.65600776405159522 0.27883400139063469 0.46726782205286016 0.4108951729240306 -1.9891225161687138 1.1311869424054819 -0.084110206224710146 0.52468178279224742 -0.14677391489522204 0.20225595648453112 -1.0577556670312338 -0.90107861445849424 -0.010646899701046845 0.19773289180869111 0.19501191499510998 0.22458526476834609 -0.93165913287867819 -1.3298331798189194 -0.076796214791502768 -2.6478502073480565 1.6427525856451826 0.039999466373159438 -0.20731196621872008 -0.53563702905384547
decision_type=2 2 2 2 2 2 2 2 2 2 2 2 2 2 2 2 2 2 2 2 2 2 2 2 2 2 2 2 2 2
left_child=1 2 3 -1 5 -4 7 9 -9 10 -3 12 14 15 23 16 -14 -18 -19 20 -15 -22 -23 -12 -25 -26 27 -27 29 -29
right_child=-2 6 4 -5 -6 -7 -8 8 -10 -11 11 -13 13 19 -16 -17 17 18 -20 -21 21 22 -24 24 25 26 -28 28 -30 -31
leaf_value=-0.00040143274448134681 -0.0022936317005327772 0.0034996219087285378 -0.0055576231256550691 0.0055507302541157296 0.0026768269183646358 0.00083101047202944762 6.2595813718676932e-05 0.0053098274581134322 -0.0012562269184353025 -0.004685982689261437 -0.0039652464235381737 0.0022218757728114723 -0.0055322065485857563 0.0046391000796575099 0.0043209097210179879 -0.0048689879926953573 0.0029213273383933923 -0.0045163338178430094 0.0020686635811781062 -0.0040862581396306106 -0.0040393001150472894 0.0066612522273013994 -0.002354135645243029 -0.0037253357744656311 -0.0041673241860487242 0.0029304573952686043 0.0071152221262454993 -0.0018104617382589455 -0.0045253097555938765 0.0041417271504178644
leaf_weight=22 21 24 22 29 28 24 4476 30 29 20 31 35 28 32 27 74 29 44 29 22 28 21 30 39 22 64 25 27 33 20
leaf_count=22 21 24 22 29 28 24 4476 30 29 20 31 35 28 32 27 74 29 44 29 22 28 21 30 39 22 64 25 27 33 20
internal_value=-9.0743e-13 8.97954e-06 0.000998139 0.00298313 -0.000369896 -0.00222442 -1.46213e-05 -0.000467602 0.00208244 -0.000681313 -0.000564217 -0.000711993 -0.00087629 -0.0016454 2.36784e-05 -0.00279027 -0.00160701 -0.0005295 -0.00190038 0.000110642 0.00094246 -0.000554914 0.00135808 -0.000420863 5.68585e-05 0.000829139 0.00147957 0.000501154 -0.00144229 0.000722385
internal_weight=5385 5364 125 51 74 46 5239 763 59 704 684 660 625 337 288 204 130 102 73 133 111 79 51 261 230 191 169 144 80 47
internal_count=5385 5364 125 51 74 46 5239 763 59 704 684 660 625 337 288 204 130 102 73 133 111 79 51 261 230 191 169 144 80 47
is_linear=0
shrinkage=0.05


Tree=169
num_leaves=31
num_cat=0
split_feature=6 4 2 6 7 7 11 13 9 1 5 10 3 13 5 10 1 2 5 13 7 10 7 10 12 4 6 5 5 1
split_gain=0.0445158 0.0773959 0.133648 0.123184 0.198541 0.0871562 0.301605 0.326695 0.325938 0.296679 0.29051 0.242528 0.264434 0.240743 0.220183 0.173934 0.186242 0.156634 0.147239 0.137746 0.128017 0.293851 0.277048 0.250923 0.234646 0.226558 0.293343 0.288187 0.377629 0.203108
threshold=0.011113522153326229 0.12707851606120596 0.13715637235211323 0.013613643808736914 0.057347262633312898 0.054362542166979728 -0.72928458107043304 0.71450685281482629 0.39676304441033777 0.13950879366016092 54.989443733847004 0.17148796913955572 0.060058244559318082 -0.1318296409166351 50.954590445101225 -0.58712342063263712 0.001219063970208434 -0.0085898065679301788 53.248944072777142 0.020550895056640043 0.061020241599394377 0.52167990467040359 0.063195809891155447 0.13387230055058638 -0.12107973975476044 0.20128266395338876 0.02397053527576196 59.134778320055894 50.461003041168532 0.041682446504510813
decision_type=2 2 2 2 2 2 2 2 2 2 2 2 2 2 2 2 2 2 2 2 2 2 2 2 2 2 2 2 2 2
left_child=-1 2 3 4 -2 6 -3 8 -8 10 14 12 -9 -12 15 -10 17 -17 -14 -11 21 25 23 24 -22 27 29 28 -7 -27
right_child=1 5 -4 -5 -6 20 7 11 9 19 13 -13 18 -15 -16 16 -18 -19 -20 -21 22 -23 -24 -25 -26 26 -28 -29 -30 -31
leaf_value=0.0022445371771358294 -0.0018640274951008684 -0.005150785325982031 -0.0044544289247474252 -0.003566526011987166 0.0038066493331229893 -0.0016506602854055705 -0.005152693398010273 0.0062289286241866658 -0.0042403955385088921 0.0066896523027680822 0.0015906688838225346 0.0066396688503262248 -0.0038460223888978368 -0.0045527785443342647 0.0042632224799201987 -0.00035751207047667326 -0.001734752514748834 0.0049511819709247597 0.0022210755711421374 0.0017693004174030979 0.00068595024109210662 0.0037143784859735105 -3.7785995327823096e-05 -0.0014329780669262012 0.0071512256349605093 0.0063450253579172902 -0.004341906253248453 0.00099657770778451655 -0.0076506550580708564 -0.00052956848244537554
leaf_weight=22 33 21 26 22 29 61 26 20 20 25 23 38 20 52 41 24 40 33 20 33 23 27 4502 24 36 22 20 35 46 21
leaf_count=22 33 21 26 22 29 61 26 20 20 25 23 38 20 52 41 24 40 33 20 33 23 27 4502 24 36 22 20 35 46 21
internal_value=-4.91864e-12 -9.2075e-06 -0.00132181 -0.000352186 0.000788386 1.82789e-05 0.000695235 0.000991058 0.000211047 0.000690282 -0.00010625 0.00351415 0.00153466 -0.00266879 0.00111014 5.21969e-06 0.000880604 0.00271594 -0.000812473 0.00389014 -4.29943e-05 -0.00118888 1.49873e-05 0.00287746 0.00463086 -0.00183468 0.000660817 -0.00294183 -0.0042301 0.00298767
internal_weight=5385 5363 110 84 62 5253 436 415 317 291 233 98 60 75 158 117 97 57 40 58 4817 232 4585 83 59 205 63 142 107 43
internal_count=5385 5363 110 84 62 5253 436 415 317 291 233 98 60 75 158 117 97 57 40 58 4817 232 4585 83 59 205 63 142 107 43
is_linear=0
shrinkage=0.05


Tree=170
num_leaves=31
num_cat=0
split_feature=11 0 8 9 9 13 11 6 8 2 0 11 14 1 9 11 9 1 12 12 0 8 11 3 6 0 1 1 13 1
split_gain=0.0445096 0.150088 0.162451 0.15376 0.144661 0.276729 0.252583 0.326402 0.163298 0.127676 0.0964547 0.0804118 0.246511 0.159296 0.126957 0.0692772 0.078176 0.325921 0.16628 0.186496 0.282981 0.200105 0.149854 0.180299 0.113376 0.0843513 0.238125 0.368694 0.341975 0.294129
threshold=1.5269215890232772 0.17915313189024942 0.022276345001248286 1.0286533456657116 0.84847882575803679 -0.98069429606142133 2.0665915526571026 0.020928388830125523 -0.20136936434656388 0.074461624848076072 -0.0014100440842850779 1.4036145953739625 1.3923415646703601 -0.0085836752687960521 0.94489349186566607 1.3746126890296588 0.21965721127833082 0.036428892477049175 0.63568800211216658 -0.043931728309381905 -0.041770864599240114 -0.58349434216565033 0.60600295751954503 0.10581579785345509 0.021800272923057678 -0.081745124539293654 -0.19008794069265836 0.005222633653745202 1.396339640153466 -0.013069738543531105
decision_type=2 2 2 2 2 2 2 2 2 2 2 2 2 2 2 2 2 2 2 2 2 2 2 2 2 2 2 2 2 2
left_child=11 2 4 10 5 -2 7 -6 -9 -5 -4 15 13 -13 -15 16 17 18 19 20 -1 -21 23 -19 -23 26 -18 29 -29 -28
right_child=1 -3 3 9 6 -7 -8 8 -10 -11 -12 12 -14 14 -16 -17 25 22 -20 21 -22 24 -24 -25 -26 -27 27 28 -30 -31
leaf_value=0.0026410000016247586 -0.0005578786216210574 0.0031699759177863602 0.0020573463356122375 -0.0058124701052697167 0.0024929997785269127 0.007035004163626582 0.0028296218061929241 -0.0068733174121007323 -0.0012407454852522775 -0.0016014366714646004 -0.0017103078045864713 0.0004040257073938847 -0.0028166931194181627 0.0020203169248998168 0.0075245462188666514 -0.0028577008373325782 0.0011621133649757334 -0.0056111053521321584 -0.0031563059315085416 -0.00082445845415350053 -0.0046777626052498826 0.0079628257919102923 -0.0070222195179667326 0.00026889795844908804 0.0026389142102561892 0.00014209347070030784 -0.0015166676139460671 -0.0001001325380962549 0.0066171369243723651 -0.006805592895774492
leaf_weight=28 30 25 25 36 24 20 34 31 22 36 53 37 26 20 22 21 157 22 25 20 25 20 22 32 20 4128 281 90 24 29
leaf_count=28 30 25 25 36 24 20 34 31 22 36 53 37 26 20 22 21 157 22 25 20 25 20 22 32 20 4128 281 90 24 29
internal_value=2.82762e-13 -0.000557233 -0.000856848 -0.00204076 0.000246172 0.00247927 -0.000759731 -0.00234464 -0.00453527 -0.00370695 -0.000502726 3.70826e-05 0.0014063 0.00279614 0.00490348 8.00344e-06 2.02276e-05 -0.000914423 0.000533637 0.00135 -0.000811247 0.00325909 -0.00354379 -0.00212666 0.00530087 6.27027e-05 -0.000501368 -0.00111733 0.00131403 -0.00201144
internal_weight=5385 336 311 150 161 50 111 77 53 72 78 5049 105 79 42 4944 4923 214 138 113 53 60 76 54 40 4709 581 424 114 310
internal_count=5385 336 311 150 161 50 111 77 53 72 78 5049 105 79 42 4944 4923 214 138 113 53 60 76 54 40 4709 581 424 114 310
is_linear=0
shrinkage=0.05


Tree=171
num_leaves=31
num_cat=0
split_feature=11 9 11 3 11 3 8 8 8 8 1 9 7 4 11 1 6 8 12 8 2 2 9 2 6 4 7 6 1 6
split_gain=0.044536 0.172342 0.1649 0.333861 0.20748 0.186765 0.149499 0.206121 0.168058 0.376599 0.405408 0.458558 0.360221 0.515487 0.443806 0.417514 0.349326 0.383743 0.303572 0.273422 0.262364 0.228624 0.556111 0.364582 0.313767 0.308466 0.239651 0.219903 0.385799 0.384993
threshold=-0.065265438735305381 0.032540427306703312 -0.034591485959648331 0.076087596251062664 -0.023049962899004042 0.26366254647690962 -1.9364376852113538 -3.1845524978997397 -0.84113157131488703 -0.33909243396658051 -0.0099639457958685656 1.1706588636842605 0.14120265244048055 0.27160881983393137 -0.29647758837838595 0.2481676834125395 0.016576460001339405 -0.38863426523872263 1.3727931008616279 4.6829394399800055 0.39589292692931938 0.21813262129848712 0.9923240574260711 0.14283244653097141 0.027114147741001512 0.19466989817051225 0.097111212047553533 0.016576460001339405 -0.047419749206102195 0.01841433444687705
decision_type=2 2 2 2 2 2 2 2 2 2 2 2 2 2 2 2 2 2 2 2 2 2 2 2 2 2 2 2 2 2
left_child=1 -1 3 -2 -4 -5 7 -3 -8 10 11 -10 13 15 20 21 -12 -18 19 -14 -15 23 26 24 27 -25 -23 -11 29 -29
right_child=2 6 4 5 -6 -7 8 -9 9 12 16 -13 18 14 -16 -17 17 -19 -20 -21 -22 22 -24 25 -26 -27 -28 28 -30 -31
leaf_value=-0.0038801310880620396 -0.0012508127107631064 -0.00073055306131562304 -0.0048959043187399715 0.0079313794997198355 9.0405512052222617e-05 0.0015916558958235243 -0.0014542956175748259 0.002941092263300265 -0.0033083929221682028 0.0011254382661626311 -0.0013962033563681567 0.0035863776387965404 0.0012673688385510481 -0.0033982821297622078 -0.0097182763218879708 -0.0057743906801832577 0.003211010458694586 0.010735021345317364 -0.0042213310852336388 -0.0036612026362369461 0.0028230230230838062 0.0028922896181495911 -0.0015964587789494547 -0.0010329977951261419 0.0049775272864719918 -0.0071288430856333842 0.0095174046233296398 -0.0047757810913026336 -0.0027814886552242641 0.0021038549094313515
leaf_weight=31 37 67 21 26 3177 21 250 89 66 158 33 38 454 111 25 35 111 20 30 30 20 39 60 49 29 36 21 25 167 109
leaf_count=31 37 67 21 26 3177 21 250 89 66 158 33 38 454 111 25 35 111 20 30 30 20 39 60 49 29 36 21 25 167 109
internal_value=-1.90506e-12 -0.000179631 0.000115102 0.00230191 5.76624e-05 0.00509874 -0.000124267 0.00136417 -0.000245455 -6.40559e-05 0.0016529 -0.00078915 -0.0003932 -0.00100521 -0.0036135 -0.000446287 0.00320151 0.00435971 0.000659357 0.000961879 -0.00244846 -0.000177191 0.00180731 -0.000592793 -6.6425e-05 -0.00361477 0.00521108 -0.000385106 -0.00117802 0.000820341
internal_weight=5385 2103 3282 84 3198 47 2072 156 1916 1666 268 104 1398 884 156 728 164 131 514 484 131 693 120 573 488 85 60 459 301 134
internal_count=5385 2103 3282 84 3198 47 2072 156 1916 1666 268 104 1398 884 156 728 164 131 514 484 131 693 120 573 488 85 60 459 301 134
is_linear=0
shrinkage=0.05


Tree=172
num_leaves=31
num_cat=0
split_feature=4 4 7 5 13 5 7 8 0 5 2 13 6 0 7 7 6 0 7 12 0 7 4 8 5 11 9 8 5 0
split_gain=0.0452364 0.52098 0.282602 0.277476 0.329486 0.227147 0.254211 0.219784 0.3534 0.291896 0.292188 0.217471 0.215721 0.227032 0.25089 0.557696 0.291432 0.215385 0.379506 0.373392 0.227809 0.207544 0.209424 0.306146 0.299324 0.305052 0.285356 0.424397 0.340077 0.301139
threshold=0.20464161247435114 0.19743500631158439 0.064114644322173495 54.461783298622343 0.46371887876817192 61.924311804383329 0.11887637860318177 0.61570637746381529 0.06185851263450682 72.199245905355809 0.022663933315616894 -0.96556780147966426 0.022079464457277539 0.13297745159818167 0.15945172581648012 0.14483797998812703 0.021283962064986589 -0.077670171027932763 0.12454534953916423 0.076328711165292232 -0.05551475265120475 0.06765335584687461 0.23168101929004423 2.6534059486572059 72.976872219273389 1.1943240324168303 1.2684222236776992 -0.5306723205184315 66.914814621550519 -0.020517056555611809
decision_type=2 2 2 2 2 2 2 2 2 2 2 2 2 2 2 2 2 2 2 2 2 2 2 2 2 2 2 2 2 2
left_child=1 7 3 -2 -5 -3 -7 11 -9 10 -10 -1 13 14 15 16 17 -13 20 -20 -19 -4 23 24 25 26 27 29 -29 -23
right_child=2 5 21 4 -6 6 -8 8 9 -11 -12 12 -14 -15 -16 -17 -18 18 19 -21 -22 22 -24 -25 -26 -27 -28 28 -30 -31
leaf_value=0.0030321657285989766 0.003557239701798868 -0.0015871647619173424 -0.0029080854391213508 0.0020286891097202899 -0.0057054838331948438 -0.0097621994372457267 -0.0025318926966358579 -1.3438415286752085e-05 0.00094915215624496356 0.00072156155329881888 0.0083207049946550562 -0.0037340293641318564 -0.0034208939124185309 -0.0050649927929043775 0.0050112801390544831 -0.0075438978206366306 0.004708077397663147 0.0026733392767324185 0.00013663654293244082 0.0091547270940447404 -0.00035065432950210067 -0.0031915305106186851 -0.00015352888905856147 -0.0044890413790618861 0.0058387858718032806 -0.0021423056119956175 -0.00060325778870572969 0.0035308881943036797 -0.0010920788126779681 0.0027728395769372584
leaf_weight=52 112 180 60 40 21 20 31 177 20 49 41 40 52 23 24 25 32 66 24 22 1105 59 2482 26 31 77 155 259 47 33
leaf_count=52 112 180 60 40 21 20 31 177 20 49 41 40 52 23 24 25 32 66 24 22 1105 59 2482 26 31 77 155 259 47 33
internal_value=3.49428e-12 -0.000189813 0.000110641 0.00207944 -0.000633895 -0.00242174 -0.00536731 0.000104465 0.00136972 0.00359535 0.0059038 -0.000143404 -0.000260269 -0.00013951 -5.48421e-05 -0.000147374 -3.91937e-06 -0.000123875 -5.21723e-06 0.00444964 -0.000180216 5.15847e-06 6.03161e-05 0.000832897 0.00104223 0.000806212 0.00121676 0.00192557 0.00282082 -0.00105214
internal_weight=5385 1983 3402 173 61 231 51 1752 287 110 61 1465 1413 1361 1338 1314 1289 1257 1217 46 1171 3229 3169 687 661 630 553 398 306 92
internal_count=5385 1983 3402 173 61 231 51 1752 287 110 61 1465 1413 1361 1338 1314 1289 1257 1217 46 1171 3229 3169 687 661 630 553 398 306 92
is_linear=0
shrinkage=0.05


Tree=173
num_leaves=31
num_cat=0
split_feature=9 8 6 6 11 9 5 0 7 8 8 6 1 5 11 9 12 12 6 3 13 8 0 12 1 9 1 10 1 10
split_gain=0.0443551 0.0543311 0.31795 0.502647 0.252615 0.337378 0.487328 0.279102 0.338535 0.250681 0.233478 0.454484 0.393738 0.323171 0.198742 0.313286 0.175099 0.388052 0.205652 0.354584 0.229687 0.161809 0.153335 0.143215 0.141577 0.131276 0.196745 0.159048 0.129924 0.124763
threshold=3.1941319933717818 1.4189769049835064 0.023573149161386812 0.02561401454261086 0.64918840550835921 1.0869368023328423 68.504469683871434 0.019974330881989969 0.13366152388891031 2.2219562480136097 1.2178497993435438 0.020616239144719588 0.10297559699289895 55.604817281157288 -1.0781762139206854 0.81516293942050633 0.79235529760429746 0.49550976364308258 0.036779831585268173 -0.049245331799445173 -0.85132273485972298 2.2219562480136097 0.055208297440861982 0.10663608751357195 0.059569677696776908 2.5526878248007505 0.54510591727190738 -0.17502063649916205 0.34506675588896935 -0.16454211340650027
decision_type=2 2 2 2 2 2 2 2 2 2 2 2 2 2 2 2 2 2 2 2 2 2 2 2 2 2 2 2 2 2
left_child=1 10 4 29 5 7 23 -3 24 -10 25 -12 13 -13 15 -5 17 18 19 -16 -20 -22 -21 -7 -9 26 -1 -28 -27 -4
right_child=-2 2 3 14 -6 6 -8 8 9 -11 11 12 -14 -15 16 -17 -18 -19 20 22 21 -23 -24 -25 -26 28 27 -29 -30 -31
leaf_value=-4.7381315159276015e-05 -0.0022934209444515764 -0.002424131720154374 -0.0038234695404147112 0.00086497617140412336 0.0047267394095587625 -0.0087811716459691522 0.0033300908257091499 0.0096168167376890785 0.0041031599673442545 -0.0038132989750010895 -0.0024626545932595477 0.0036721842468626074 -0.001338692824356258 0.011705552434016553 0.0060992202804689968 -0.0066052378351741936 -0.0030010554354724496 0.0071290667378343638 -0.0055606918409466747 0.0014825583718644055 -0.0036088089502993082 0.0019428357455347268 -0.0026526378374546766 -0.0029959522086479094 0.0038043021118607033 0.0045719940928862458 0.0003135432999226309 0.0064672841557434626 -0.0004521302878856659 -0.0091006798586542054
leaf_weight=4580 21 27 24 25 39 20 23 20 20 20 33 31 20 21 28 32 43 20 30 51 21 35 40 23 22 31 21 21 22 21
leaf_count=4580 21 27 24 25 39 20 23 20 20 20 33 31 20 21 28 32 43 20 30 51 21 35 40 23 22 31 21 21 22 21
internal_value=-1.2561e-12 8.97872e-06 -0.000446279 -0.00133354 0.00108776 0.000276791 -0.00254452 0.00198511 0.00343693 0.00014493 6.46002e-05 0.00239631 0.00462334 0.00691643 -0.000647787 -0.00332883 -7.7565e-05 0.000481147 -0.000167431 0.00117885 -0.00203031 -0.000139031 -0.00033511 -0.00568675 0.00657217 1.22301e-05 -1.61422e-05 0.00339041 0.00248651 -0.00628617
internal_weight=5385 5364 584 370 214 175 66 109 82 40 4780 105 72 52 325 57 268 225 205 119 86 56 91 43 42 4675 4622 42 53 45
internal_count=5385 5364 584 370 214 175 66 109 82 40 4780 105 72 52 325 57 268 225 205 119 86 56 91 43 42 4675 4622 42 53 45
is_linear=0
shrinkage=0.05


Tree=174
num_leaves=31
num_cat=0
split_feature=13 2 3 14 1 6 13 10 13 5 2 5 5 7 2 2 14 5 9 6 4 1 13 1 1 7 1 13 7 9
split_gain=0.0422802 0.359192 0.304017 0.241794 0.234104 0.212006 0.447153 0.403373 0.36539 0.449409 0.461676 0.419237 0.487744 0.385151 0.31885 0.279173 0.275748 0.239368 0.26097 0.228151 0.279266 0.262467 0.189032 0.43195 0.372178 0.31547 0.257233 0.245623 0.240549 0.21013
threshold=1.0044851161395525 0.30477238753734742 0.63388735003279484 1.6529615053758915 0.21464067409852419 0.016576460001339405 1.2748335076451183 0.16050563771775458 1.2907875953411228 44.709415076000958 -0.038423951475360422 37.039744441588127 44.087760070098874 0.17141784302767102 -0.15139005337366504 0.022663933315616894 -0.42092882779307655 63.424068623443205 0.87917654226144692 0.029832863082636062 0.3176264553779265 0.041682446504510813 0.87660168997917531 0.0081084769330995749 -0.13430284998518791 0.13113210450926716 -0.084357179624513043 0.86354661593436577 0.082691939948492124 0.56509764532261153
decision_type=2 2 2 2 2 2 2 2 2 2 2 2 2 2 2 2 2 2 2 2 2 2 2 2 2 2 2 2 2 2
left_child=22 2 5 4 -3 6 7 -2 9 -7 14 13 15 -10 -11 16 -13 19 -19 -14 -21 -22 27 24 -24 28 -26 -1 -25 -28
right_child=1 3 -4 -5 -6 8 -8 -9 11 10 -12 12 17 -15 -16 -17 -18 18 -20 20 21 -23 23 25 26 -27 29 -29 -30 -31
leaf_value=1.7779289154938953e-05 0.00089486486447805716 -0.0021990453412469766 0.0054245105380407322 -0.0010091173767872725 -0.0090470974411194522 0.00069742188519207626 -0.0019522464950568975 0.010469601752067154 -0.0073343950882554052 -0.0039026534780859951 -0.0065771023990037819 0.0063202898576855656 -0.0021064317266140647 0.00098003085631017512 0.0045673693041317171 0.0098012350322235209 -0.0015564635442569853 0.0077215340733528138 0.00029734307257779711 0.0059158214038082715 0.0025059631676413122 -0.003926313202828169 0.005103840505970376 0.003850750467025264 -0.0072820265963673596 -0.00022093186174364143 -0.0047107155248522761 -0.0054026512074328605 0.010379318972783429 0.0017481537676169809
leaf_weight=4377 22 26 26 76 24 82 34 22 30 25 73 25 109 26 20 21 20 20 29 24 35 29 21 43 20 30 20 21 21 34
leaf_count=4377 22 26 26 76 24 82 34 22 30 25 73 25 109 26 20 21 20 20 29 24 35 29 21 43 20 30 20 21 21 34
internal_value=-2.53556e-12 -0.000335899 0.000123439 -0.0027857 -0.00548611 -8.99167e-05 0.00235438 0.00568223 -0.000425578 -0.00214579 -0.00412159 0.000509323 0.0012243 -0.00347413 -0.000138199 0.00504097 0.00281951 0.000200317 0.00332763 -0.000577542 0.0013162 -0.000408662 5.84363e-05 0.00160679 -0.000770915 0.00400979 -0.00243808 -8.10271e-06 0.00599294 -0.00064402
internal_weight=5385 798 672 126 50 646 78 44 568 200 118 368 312 56 45 66 45 246 49 197 88 64 4587 189 95 94 74 4398 64 54
internal_count=5385 798 672 126 50 646 78 44 568 200 118 368 312 56 45 66 45 246 49 197 88 64 4587 189 95 94 74 4398 64 54
is_linear=0
shrinkage=0.05


Tree=175
num_leaves=31
num_cat=0
split_feature=12 12 3 0 10 13 2 2 7 13 5 4 4 9 12 10 7 10 2 12 0 0 0 2 10 3 8 12 4 4
split_gain=0.0429632 0.236591 0.342087 0.340842 0.261582 0.221837 0.228043 0.20807 0.307813 0.427087 0.284894 0.257398 0.42165 0.246006 0.291255 0.221837 0.230211 0.189331 0.187058 0.185007 0.266023 0.242233 0.247107 0.282291 0.255798 0.276759 0.247531 0.171066 0.171043 0.149827
threshold=0.38181310205191049 0.17893452232430596 -0.18840805662641544 -0.066501788660492153 -0.31066197962871389 -0.69281193022339749 0.26150051426950965 0.19036113500912247 0.13928813195413078 0.96776318365609815 55.974921480825437 0.18876253557210351 0.17794533071170218 0.96065608598186247 0.22085158291897486 0.028300639452452623 0.061481198270808342 -0.42443430560409562 -0.19346090360576843 0.05307875847690062 0.12638690458053173 -0.0037113303845976438 0.0081949773006405619 0.16526803825825312 -0.45891035682617715 0.4934176992378943 0.041519709186880284 0.25727081337263752 0.21577416685135595 0.30512544832343574
decision_type=2 2 2 2 2 2 2 2 2 2 2 2 2 2 2 2 2 2 2 2 2 2 2 2 2 2 2 2 2 2
left_child=1 19 18 4 -4 6 -5 8 9 11 -9 12 13 14 -7 16 -16 -12 -3 -1 21 -21 -23 26 -25 -26 -24 -15 -28 -2
right_child=29 2 3 5 -6 7 -8 10 -10 -11 17 -13 -14 27 15 -17 -18 -19 -20 20 -22 22 23 24 25 -27 28 -29 -30 -31
leaf_value=7.0097673768214144e-05 6.5069936243693016e-06 0.00083145277828655456 -8.486961014568806e-06 0.0015672764239402918 0.0068408979733130372 0.0029730719652994037 0.0081341232545673863 0.0026389132579600801 0.0054537392067219564 0.0066734302923298228 0.00096894675821420696 -0.0023250912732714004 0.0073719115360923433 -9.5210381021553818e-05 0.0026298883845447562 -0.0076673148199915891 -0.0047049060524643766 -0.0046261092369806849 -0.0051206651708167617 -0.0021232688876582817 -0.0058786373240528288 0.0049917061477362254 -0.0054191101603542589 -0.0029197712242603306 0.0010777106499421951 0.0082300100564247081 -0.0025845072290394456 0.0060719155746957534 0.0028192061137545994 -0.0012296561772657429
leaf_weight=2678 1426 22 20 39 46 26 20 31 37 26 21 83 23 22 20 20 23 54 33 170 27 26 35 20 38 21 32 23 27 296
leaf_count=2678 1426 22 20 39 46 26 20 31 37 26 21 83 23 22 20 20 23 54 33 170 27 26 35 20 38 21 32 23 27 296
internal_value=7.81127e-13 9.6833e-05 0.00101484 0.00140155 0.00476533 0.000927174 0.00379333 0.000513719 0.00118075 0.000586385 -0.00139298 -7.30445e-05 0.00111753 4.40144e-05 -0.00147934 -0.00331685 -0.00129337 -0.00305949 -0.00273982 -7.9063e-05 -0.00108778 -0.000737231 0.000446822 -0.000236224 0.00196693 0.00362344 -0.00208781 0.00305688 -0.000111621 -0.000205981
internal_weight=5385 3663 589 534 66 468 59 409 303 266 106 240 157 134 89 63 43 75 55 3074 396 369 199 173 79 59 94 45 59 1722
internal_count=5385 3663 589 534 66 468 59 409 303 266 106 240 157 134 89 63 43 75 55 3074 396 369 199 173 79 59 94 45 59 1722
is_linear=0
shrinkage=0.05


Tree=176
num_leaves=31
num_cat=0
split_feature=4 4 11 0 11 10 8 2 11 6 2 4 11 4 6 0 0 8 9 3 8 8 9 9 11 3 3 13 5 8
split_gain=0.0436365 0.454075 0.212847 0.303916 0.219603 0.209883 0.305551 0.22954 0.319201 0.205018 0.258502 0.218901 0.308814 0.429611 0.359274 0.291695 0.322628 0.407499 0.367319 0.332739 0.320423 0.319849 0.345416 0.303986 0.288788 0.335389 0.280811 0.261569 0.243351 0.236427
threshold=0.20464161247435114 0.19743500631158439 0.92729978374122568 -0.067980565927832012 1.4036145953739625 0.46126885647269378 1.0399293521064281 0.14514825896159525 -0.096495750345948025 0.022540500717077076 -0.131489029409914 0.16431503648578485 0.95814149942999027 0.15859396639212395 0.016021223886119564 0.1301669000860968 0.026973837358644896 -0.89870847791344732 0.85332849575088277 0.59375621918934007 0.43166966248378641 1.0000000180025095e-35 1.0096805802216895 1.1347457696864771 0.85576331287540119 0.15904916383970683 0.15904916383970683 0.088017944905391041 55.974921480825437 -0.14122961054236699
decision_type=2 2 2 2 2 2 2 2 2 2 2 2 2 2 2 2 2 2 2 2 2 2 2 2 2 2 2 2 2 2
left_child=1 5 3 -3 -4 9 7 8 -7 10 -1 12 13 -12 -15 16 17 18 -13 28 21 24 -23 -20 29 -26 -16 -22 -18 -19
right_child=-2 2 4 -5 -6 6 -8 -9 -10 -11 11 15 -14 14 26 -17 19 20 23 -21 27 22 -24 -25 25 -27 -28 -29 -30 -31
leaf_value=-0.003859626689146078 0.0001086667128363972 0.0026486427722764868 0.0042316384856467661 -0.0037376861270714667 -0.0027558277043598623 7.9512899104930177e-05 0.0069858794545997749 -0.0015364300439922284 0.0050952826257584238 -0.0042831425598455226 -0.00024470628394648067 -0.0016354896290207623 0.0031255413138940231 -0.0069584511423562761 -0.0046749183593098728 -0.0042386068031191829 0.0053292205712480341 -0.00067170223919674763 0.0091983139282092452 0.0070564502204257641 0.0061533603662004078 -0.0060638654323655269 -0.0002712903295601295 0.0016127900537103415 0.00092873034896911132 -0.0080175502744333996 0.0015418794101629502 -0.00021589384967228402 0.00094937532177592982 0.0037492084723768984
leaf_weight=43 3402 21 23 165 22 79 23 65 53 29 546 26 53 47 34 29 37 79 28 31 27 62 44 25 20 22 39 40 222 49
leaf_count=43 3402 21 23 165 22 79 23 65 53 29 546 26 53 47 34 29 37 79 28 31 27 62 44 25 20 22 39 40 222 49
internal_value=-4.55278e-12 -0.000186427 -0.00227012 -0.00301665 0.000815544 8.83065e-05 0.00153245 0.000895754 0.00209342 -0.000119077 -3.87323e-05 7.38009e-05 -0.000547729 -0.000840046 -0.00354884 0.000676878 0.000877087 -5.22845e-06 0.00323228 0.00216101 -0.000750893 -0.00150384 -0.0036594 0.00562024 -0.000159793 -0.00375742 -0.00135362 0.00235082 0.00157507 0.00102068
internal_weight=5385 1983 231 186 45 1752 220 197 132 1532 1503 1460 719 666 120 741 712 422 79 290 343 276 106 53 170 42 73 67 259 128
internal_count=5385 1983 231 186 45 1752 220 197 132 1532 1503 1460 719 666 120 741 712 422 79 290 343 276 106 53 170 42 73 67 259 128
is_linear=0
shrinkage=0.05


Tree=177
num_leaves=31
num_cat=0
split_feature=9 0 0 2 2 10 2 6 5 0 12 13 14 14 6 5 9 9 9 8 12 0 6 6 6 10 5 5 0 3
split_gain=0.0421619 0.0731624 0.209748 0.200034 0.162759 0.160413 0.150243 0.167783 0.244096 0.561141 0.181099 0.146563 0.091121 0.195599 0.129767 0.116705 0.07846 0.293031 0.242186 0.244707 0.210436 0.191118 0.172363 0.430575 0.388424 0.472026 0.382168 0.339678 0.334175 0.263697
threshold=-0.16362454127843609 -0.13364615548839678 -0.12229685470370298 -0.4073343724098637 -0.32873939556455017 -0.15211729171867525 -0.23780401271393783 0.031263115576202892 35.29142757815476 -0.17366792745860113 -0.34242340726108322 0.2744356967000175 -1.6202666333043423 -1.3013503589565611 0.022953775142872192 45.289104267355825 0.88244201743041473 0.89662137579840628 0.86749948639330388 -0.05264879595661686 1.5553850429780585 0.022891275480851906 0.026246700876373371 0.022079464457277539 0.036553036986381772 0.26937035285259797 55.604817281157288 58.127504237701181 -0.0065067667301521017 0.69517620503846111
decision_type=2 2 2 2 2 2 2 2 2 2 2 2 2 2 2 2 2 2 2 2 2 2 2 2 2 2 2 2 2 2
left_child=-1 3 5 -2 -5 -3 -6 -8 9 -9 -10 -7 -4 14 -14 -16 18 21 20 -20 -15 -18 23 -19 25 27 -27 28 29 -24
right_child=1 2 12 4 6 11 7 8 10 -11 -12 -13 13 16 15 -17 17 22 19 -21 -22 -23 24 -25 -26 26 -28 -29 -30 -31
leaf_value=0.0020485652685165406 0.0031827137150146345 -0.00039414148292659474 0.002536271900337722 -0.0050922855161703549 0.0025064041305865562 0.007816060106270015 -0.0043114787519861683 -0.0028005188765625158 -0.0057699733142120152 0.007235300197051122 -0.0002850431305191973 0.0018354008373405253 -0.0060430046822875748 -7.9691614958113247e-05 -0.0032920973359917604 0.0015678317773909795 0.0057024438578922023 0.00035952598249703422 -0.0064459529254705678 2.5555665550720216e-06 -0.0052353869914077223 -0.00030929159314837309 0.0022070465222631974 -0.0013255206611791004 -0.00058703023946369908 -0.0019154679132736335 0.0021828905313795561 -4.5469860111445413e-05 0.0047352357602006671 -0.003792967461049557
leaf_weight=25 27 24 35 26 28 20 39 30 27 26 34 21 20 1901 30 21 39 1091 31 28 20 20 217 581 467 168 86 136 147 20
leaf_count=25 27 24 35 26 28 20 39 30 27 26 34 21 20 1901 30 21 39 1091 31 28 20 20 217 581 467 168 86 136 147 20
internal_value=5.66538e-13 -9.55487e-06 3.01774e-05 -0.000868409 -0.00138927 0.00285239 -0.000866016 -0.00147132 -0.000524603 0.00185897 -0.0027128 0.0047528 -6.09062e-06 -2.38057e-05 -0.00262956 -0.00129095 1.35547e-05 0.000176002 -0.00023028 -0.00338564 -0.000133369 0.00366457 0.000105344 -0.000226008 0.000551775 0.00123888 -0.000527835 0.00210186 0.00286237 0.00170072
internal_weight=5385 5360 5123 237 210 65 184 156 117 56 61 41 5058 5023 71 51 4952 2972 1980 59 1921 59 2913 1672 1241 774 254 520 384 237
internal_count=5385 5360 5123 237 210 65 184 156 117 56 61 41 5058 5023 71 51 4952 2972 1980 59 1921 59 2913 1672 1241 774 254 520 384 237
is_linear=0
shrinkage=0.05


Tree=178
num_leaves=31
num_cat=0
split_feature=12 12 12 14 5 9 1 3 7 4 14 13 13 8 5 1 1 9 4 9 10 7 3 9 12 5 7 12 13 7
split_gain=0.0417765 0.0460619 0.21294 0.35243 0.385646 0.360496 0.289412 0.276616 0.266133 0.282219 0.247315 0.243104 0.411845 0.267165 0.252526 0.232606 0.22737 0.217215 0.168253 0.31859 0.354016 0.228212 0.301085 0.215 0.206239 0.187424 0.284411 0.167624 0.204331 0.466339
threshold=2.460419036470459 0.38181310205191049 0.17893452232430596 -1.0679627973229042 54.317116309321413 0.59039119393343631 0.10101400442351872 0.15391214151381119 0.15147427464940774 0.18961428766657418 0.66564321054546949 -0.036248835788548435 0.37289337059194322 0.31533837175883378 62.620758884653362 -0.024116149940029526 0.089505823515645414 1.254401319804596 0.31114824912284683 1.4545229681083895 0.42174127825064639 0.15945172581648012 0.28061182240968957 1.6297403276693141 1.0620467550693742 44.709415076000958 0.16391334848627634 0.05307875847690062 0.10830636009444351 0.13113210450926716
decision_type=2 2 2 2 2 2 2 2 2 2 2 2 2 2 2 2 2 2 2 2 2 2 2 2 2 2 2 2 2 2
left_child=1 2 27 -4 6 7 8 -6 9 10 15 13 14 -7 -13 -5 -14 -10 -3 20 21 -20 -23 -21 -22 -25 -27 -1 29 -29
right_child=-2 18 3 4 5 11 -8 -9 17 -11 -12 12 16 -15 -16 -17 -18 -19 19 23 24 22 -24 25 -26 26 -28 28 -30 -31
leaf_value=6.6239575457600991e-05 0.0022257572749540921 -9.6272394257412666e-06 -0.0047293208575306033 0.0029122816722613213 -0.0062980369938647049 0.0063500280567520377 0.0069060716453488132 -0.00051986307766780542 0.0086651091740350249 -0.00062190508986736221 0.00020757560771678325 -0.0082078184060083003 0.0049453208229637575 0.00034142397595821202 -0.0007347235482974122 0.0095445047982502737 -0.00088597653229953726 0.0017868782689964228 -0.003903865411657056 0.0045679202234303511 -0.0085517214756691828 0.0038739249782843727 -0.0036594800141063477 0.0030332388188689949 -0.0027811914045984547 -0.0066141307015310643 0.00064082818371909015 0.0017731755781449678 -0.0022488574814082856 -0.0031377349702330932
leaf_weight=2678 21 1435 26 39 34 37 33 53 24 107 44 20 35 37 26 20 32 22 38 27 32 36 21 25 30 22 35 136 185 75
leaf_count=2678 21 1435 26 39 34 37 33 53 24 107 44 20 35 37 26 20 32 22 38 27 32 36 21 25 30 22 35 136 185 75
internal_value=2.95801e-13 -8.71381e-06 9.11321e-05 0.000962044 0.00122488 -0.000119075 0.00249908 -0.002778 0.00193099 0.00117647 0.00304468 0.00111797 -0.000340922 0.00334573 -0.0039839 0.00516049 0.00216022 0.00537552 -0.000223726 -0.00137873 -0.00282054 -0.00090247 0.00109846 0.000698009 -0.00575953 -0.000576231 -0.00215933 -7.57408e-05 -0.0010359 2.75913e-05
internal_weight=5385 5364 3663 589 563 274 289 87 256 210 103 187 113 74 46 59 67 46 1701 266 157 95 57 109 62 82 57 3074 396 211
internal_count=5385 5364 3663 589 563 274 289 87 256 210 103 187 113 74 46 59 67 46 1701 266 157 95 57 109 62 82 57 3074 396 211
is_linear=0
shrinkage=0.05


Tree=179
num_leaves=31
num_cat=0
split_feature=4 4 7 5 9 1 7 10 10 8 2 7 10 4 8 5 9 8 1 5 3 7 10 5 10 1 10 13 13 1
split_gain=0.0414677 0.399997 0.254095 0.250801 0.314558 0.213359 0.200992 0.259566 0.193285 0.28319 0.220132 0.184508 0.237146 0.191991 0.26993 0.266029 0.269699 0.347907 0.324658 0.30484 0.254028 0.291627 0.225887 0.255226 0.261055 0.369065 0.207622 0.261221 0.259176 0.210247
threshold=0.20464161247435114 0.19743500631158439 0.064114644322173495 54.461783298622343 0.97631006571003554 0.15618536946227526 0.10190352646716909 -0.43662524654730023 0.46126885647269378 0.56691157336597398 0.13925946680444437 0.06765335584687461 -0.20008540592266863 0.23168101929004423 2.6534059486572059 72.976872219273389 1.1347457696864771 -0.5306723205184315 0.22266919304758573 68.202948545265329 0.24572828308732389 0.12741754333260844 0.54920889464947753 40.033924529143192 -0.093498741885397793 0.079812050606557397 0.028300639452452623 0.48266433375960127 -0.060752002821993771 0.038407122323272265
decision_type=2 2 2 2 2 2 2 2 2 2 2 2 2 2 2 2 2 2 2 2 2 2 2 2 2 2 2 2 2 2
left_child=1 8 3 -2 -5 6 7 -3 -1 10 -10 12 -4 14 15 16 17 20 19 22 21 -13 23 -19 25 -25 27 28 29 -18
right_child=2 5 11 4 -6 -7 -8 -9 9 -11 -12 13 -14 -15 -16 -17 26 18 -20 -21 -22 -23 -24 24 -26 -27 -28 -29 -30 -31
leaf_value=-0.00012289341822714517 0.0033777647154888007 0.0010380818471012097 0.00050910543570102293 -0.0034985734068008292 0.0038512854293609659 -0.0051440435075300172 0.00053574132355065616 -0.0044118566710715859 0.0018495045402168967 0.0049995983847313458 -0.0018719541621260865 -0.0073087926451116799 -0.0057812282199700997 -0.00014683407673474905 -0.0041996097585909487 0.0055161325997042081 -0.0057551910934437603 -0.00076083088448892046 -0.0031680580616618194 -0.0024859855155227708 0.0020784929008888348 0.00025451926026457495 6.8715995266323995e-05 0.00077370656367677917 0.0067099325867766534 0.007333279417071026 0.0013585194897391673 -0.0055867432757760538 0.0025485234751994185 -0.00034368009306490422
leaf_weight=1532 112 31 29 37 24 47 79 74 114 45 61 25 31 2482 26 31 28 24 24 24 35 26 42 65 87 32 92 33 43 50
leaf_count=1532 112 31 29 37 24 47 79 74 114 45 61 25 31 2482 26 31 28 24 24 24 35 26 42 65 87 32 92 33 43 50
internal_value=-4.78132e-12 -0.000181735 0.000105932 0.00197279 -0.000606826 -0.00213742 -0.00136942 -0.00280283 7.61207e-05 0.00146198 0.00055231 5.91096e-06 -0.0027409 5.79175e-05 0.000797646 0.00099421 0.000771702 0.00159972 0.00240822 0.00289665 -0.0012018 -0.00345299 0.00341338 0.00408875 0.0047213 0.00293769 -0.000520819 -0.00164354 -0.000568123 -0.00228627
internal_weight=5385 1983 3402 173 61 231 184 105 1752 220 175 3229 60 3169 687 661 630 384 298 274 86 51 250 208 184 97 246 154 121 78
internal_count=5385 1983 3402 173 61 231 184 105 1752 220 175 3229 60 3169 687 661 630 384 298 274 86 51 250 208 184 97 246 154 121 78
is_linear=0
shrinkage=0.05


Tree=180
num_leaves=31
num_cat=0
split_feature=13 13 3 4 10 13 7 12 12 14 5 9 1 7 6 3 10 9 13 3 7 12 9 12 8 8 8 1 14 9
split_gain=0.0399446 0.054799 0.167991 0.0927035 0.161114 0.0739737 0.369064 0.0550791 0.204697 0.306158 0.341073 0.32648 0.259966 0.315288 0.326549 0.254628 0.252172 0.230669 0.26313 0.344236 0.447811 0.328302 0.240946 0.186151 0.211287 0.674617 0.302416 0.282432 0.387163 0.25836
threshold=-3.0996595473145638 -1.9794443355391382 -0.13690642108228621 0.34995409559108204 -0.72630141440429707 -1.792174979507652 0.12454534953916423 0.38181310205191049 0.17893452232430596 -1.0394665389877442 54.317116309321413 0.59039119393343631 0.10101400442351872 0.15147427464940774 0.02266098052154358 0.15391214151381119 0.23217116418248993 0.73216630694067686 -0.69281193022339749 0.45581347436760872 0.13793343819185946 0.30150422858192466 1.0823917836476624 0.05307875847690062 0.022276345001248286 0.36448429752590911 -0.071001149415172313 0.072607333185243941 1.1588706032952605 1.1555119812639989
decision_type=2 2 2 2 2 2 2 2 2 2 2 2 2 2 2 2 2 2 2 2 2 2 2 2 2 2 2 2 2 2
left_child=-1 2 -2 4 -4 6 -3 8 23 -10 12 15 13 14 16 -12 -11 -13 -19 20 21 22 -20 -7 26 -26 29 -27 -29 -25
right_child=1 5 3 -5 -6 7 -8 -9 9 10 11 17 -14 -15 -16 -17 -18 18 19 -21 -22 -23 -24 24 25 27 -28 28 -30 -31
leaf_value=0.0021261729702184147 0.0019374155643163251 0.0068482867708163607 0.0021620184094423337 -0.005204613914801961 -0.0033487641265512341 9.494475938838028e-05 -0.00231968779116869 -0.0002378630333388537 -0.004561023499506215 0.0013204439522983306 -0.005975521035382853 0.0051319561010071393 0.0065840419233691968 0.0057125383474737066 -0.0020587249639599276 -0.00041095143992256805 0.0065859503362194777 0.0051497444588070119 -0.0017333778637376699 -0.0053500945904645433 0.0066351004913449297 -0.0047317409449640444 0.0058493997016921644 -0.00018747772237857289 0.0043384206444320702 -0.0039670921805490915 -0.0080355359267559844 0.0062619038578122857 -0.0029165432409003931 -0.0041472929304406519
leaf_weight=22 32 21 21 21 36 2557 23 1686 24 121 34 30 33 44 60 52 28 24 22 29 25 34 20 119 63 74 20 20 27 63
leaf_count=22 32 21 21 21 36 2557 23 1686 24 121 34 30 33 44 60 52 28 24 22 29 25 34 20 119 63 74 20 20 27 63
internal_value=-2.01518e-12 -8.72195e-06 -0.00111321 -0.00236474 -0.00131848 1.44064e-05 0.00205594 -2.83822e-06 0.000109637 0.000968159 0.00120683 -6.77236e-05 0.00241008 0.00186565 0.00105577 -0.0026109 0.00230994 0.00112093 0.000339566 -0.000548467 0.000830218 -0.00107928 0.00187747 -5.9558e-05 -0.00108304 0.000142647 -0.00219951 -0.00204193 0.000989179 -0.00155818
internal_weight=5385 5363 110 78 57 5253 44 5209 3523 580 556 270 286 253 209 86 149 184 154 130 101 76 42 2943 386 184 202 121 47 182
internal_count=5385 5363 110 78 57 5253 44 5209 3523 580 556 270 286 253 209 86 149 184 154 130 101 76 42 2943 386 184 202 121 47 182
is_linear=0
shrinkage=0.05


Tree=181
num_leaves=31
num_cat=0
split_feature=6 4 5 2 2 10 11 7 5 13 13 6 10 10 14 10 2 4 5 4 11 2 5 4 11 9 10 4 10 9
split_gain=0.0399903 0.0752075 0.195488 0.328208 0.245553 0.286806 0.101694 0.0739848 0.0563773 0.0525397 0.198193 0.362027 0.542683 0.414967 0.373767 0.36931 0.327687 0.340299 0.275136 0.298744 0.255551 0.25998 0.25434 0.232754 0.239106 0.216195 0.20763 0.256106 0.238575 0.298975
threshold=0.011113522153326229 0.13149626046012705 42.47726955918116 0.040206198051068294 0.1275330915436266 0.10329285960603056 0.023748030787950365 0.030907625416247277 53.940794420886711 0.41703369918254934 0.66973932085611676 0.026519190917985731 0.44605268694416883 -0.54833496984394925 0.98207095792390209 -0.76613373784895822 0.034805106590044772 0.28831835487275731 61.341286410234972 0.21262318477479794 0.46308180308098207 0.085403648982552496 63.590469773918834 0.20669828824040593 -0.227971905057792 1.0615792303629334 -0.033075109587585409 0.1523607953421611 -0.093498741885397793 0.9499790954059576
decision_type=2 2 2 2 2 2 2 2 2 2 2 2 2 2 2 2 2 2 2 2 2 2 2 2 2 2 2 2 2 2
left_child=-1 2 -2 8 6 -6 -5 -3 -4 -9 11 12 13 15 18 -11 -13 -18 19 -15 21 -16 -23 24 -14 -25 28 -28 -12 -30
right_child=1 7 3 4 5 -7 -8 9 -10 10 26 16 23 14 20 -17 17 -19 -20 -21 -22 22 -24 25 -26 -27 27 -29 29 -31
leaf_value=0.0021273901728405195 0.0028549605532764244 0.0026839957536699682 -0.00753304680925794 0.00026826333666506868 -0.0068972237704491074 0.0013757602765690536 0.005010624914430082 0.00012987189766696533 -0.0037788047408685091 -0.002657193206250668 0.00056387523794201421 -0.0057549853058559688 -0.0028753715722511213 -0.0043987196686049541 -0.0030368179800764968 0.0059054467334028558 -0.0051861682370224083 0.002787214599629806 -0.0086945627621995911 0.0011376006528735162 -0.0035052359961953608 0.00037279321082137729 0.0067551983037480601 0.0022297764163037455 0.0045269937906414273 0.0090135640262261688 0.00256485116414671 -0.00064008460185359199 0.000149715436703485 0.0080487525276839739
leaf_weight=22 26 26 20 26 22 20 20 3310 20 20 472 67 24 86 24 34 23 32 24 34 38 37 27 24 20 23 68 748 23 25
leaf_count=22 26 26 20 26 22 20 20 3310 20 20 472 67 24 86 24 34 23 32 24 34 38 37 27 24 20 23 68 748 23 25
internal_value=5.49581e-13 -8.72694e-06 -0.00109769 -0.00190057 -0.000193595 -0.00295771 0.00233016 2.34674e-05 -0.00565593 1.01212e-05 -0.000201505 -0.00101277 -0.00030887 -0.00126709 -0.00206733 0.0027341 -0.00340717 -0.000547109 -0.00380751 -0.0028301 -7.85627e-05 0.00140114 0.00306537 0.00310283 0.00048934 0.0055495 0.000124579 -0.000373007 0.000905407 0.0042638
internal_weight=5385 5363 154 128 88 42 46 5209 40 5183 1873 537 415 324 270 54 122 55 144 120 126 88 64 91 44 47 1336 816 520 48
internal_count=5385 5363 154 128 88 42 46 5209 40 5183 1873 537 415 324 270 54 122 55 144 120 126 88 64 91 44 47 1336 816 520 48
is_linear=0
shrinkage=0.05


Tree=182
num_leaves=31
num_cat=0
split_feature=11 0 4 4 3 12 4 13 4 2 4 1 10 11 3 5 8 4 7 2 3 4 13 12 7 7 5 10 2 1
split_gain=0.0398558 0.135821 0.157989 0.177358 0.187928 0.192955 0.154287 0.146888 0.139672 0.111196 0.198372 0.0990986 0.105544 0.0752345 0.212162 0.227601 0.230496 0.0621229 0.181533 0.343769 0.141268 0.144054 0.128831 0.0928393 0.212319 0.366131 0.204635 0.141973 0.125983 0.22355
threshold=1.5269215890232772 0.17915313189024942 0.38665516055246341 0.26743391751487705 0.030009549459649291 -0.25163824914871058 0.22010159417962097 -0.81162062796227541 0.23810034003510136 0.27490589662628301 0.21308478180448404 -0.080563979444715036 -0.44467998280510573 1.4036145953739625 0.25272511061065789 55.604817281157288 -0.05264879595661686 0.54493978681134081 0.35020845412798823 -0.20135286892962714 -0.51667188372115336 0.49386851414570809 0.6501164773959397 -1.7483322376753418 0.11820269957986605 0.17638779958695219 52.419880762869049 -1.2460757837045373 0.45378242161147214 -0.022277081909955528
decision_type=2 2 2 2 2 2 2 2 2 2 2 2 2 2 2 2 2 2 2 2 2 2 2 2 2 2 2 2 2 2
left_child=13 2 3 4 6 9 7 -2 -8 10 -6 -5 -13 17 15 16 -15 20 19 -19 -1 23 -23 24 26 -26 -22 28 29 -25
right_child=1 -3 -4 11 5 -7 8 -9 -10 -11 -12 12 -14 14 -16 -17 -18 18 -20 -21 21 22 -24 27 25 -27 -28 -29 -30 -31
leaf_value=0.00388959063945905 0.0023446981370216237 0.0030183337461203337 -0.0043950697531857132 0.0044125383719801903 0.00026228367320679048 -0.0028615939340347219 -0.0080847714236006157 -0.0037151780817657708 -0.0026534170169254831 -0.0015276124235242606 0.0065984270557583801 -0.0013011261027910421 0.00272752465198523 0.0037258783852060634 -0.0020351634966573329 0.0069639582267921902 -0.0032037633936852217 -0.0029101463068010557 -0.0019092014256977673 0.0046098724989728493 0.004588056260557926 -0.0036466194260865448 0.0011015892913565039 -0.00053123799176925488 -0.0074103733588909287 -0.00014059600463613522 -0.0023273190576583148 -1.0745680471035772e-05 -0.0016131594870239499 0.0049932602448686169
leaf_weight=23 20 25 28 21 30 36 20 20 29 20 21 37 29 30 32 23 20 21 33 55 23 50 20 30 29 43 20 4530 20 47
leaf_count=23 20 25 28 21 30 36 20 20 29 20 21 37 29 30 32 23 20 21 33 55 23 50 20 30 29 43 20 4530 20 47
internal_value=-7.83733e-12 -0.000527298 -0.000812316 -0.000457839 -0.00129178 0.000120242 -0.00298937 -0.00068524 -0.0048703 0.00163216 0.00287128 0.00142092 0.000469039 3.50905e-05 0.00135949 0.00284756 0.000954022 6.963e-06 0.0011874 0.00253197 -1.96486e-05 -3.83337e-05 -0.00228999 -5.09544e-06 -0.00140841 -0.0030687 0.0013716 2.97828e-05 0.0019225 0.00284086
internal_weight=5385 336 311 283 196 107 89 40 49 71 51 87 66 5049 105 73 50 4944 109 76 4835 4812 70 4742 115 72 43 4627 97 77
internal_count=5385 336 311 283 196 107 89 40 49 71 51 87 66 5049 105 73 50 4944 109 76 4835 4812 70 4742 115 72 43 4627 97 77
is_linear=0
shrinkage=0.05


Tree=183
num_leaves=31
num_cat=0
split_feature=8 8 4 7 4 7 12 5 9 9 10 12 9 7 1 4 5 8 6 8 12 11 7 12 5 6 4 6 12 10
split_gain=0.0409989 0.14538 0.184435 0.244659 0.171718 0.168131 0.316999 0.304624 0.214482 0.249144 0.229954 0.262134 0.252641 0.229065 0.187345 0.20087 0.326739 0.214365 0.170076 0.214625 0.235752 0.23718 0.206481 0.269609 0.245424 0.178974 0.146711 0.324979 0.212184 0.182067
threshold=-0.79921057767977144 -0.92532001154775134 0.32742457353975613 0.13714311054535575 0.16264997048488231 0.064882279100734783 0.20549720289081994 45.603664995710147 0.87917654226144692 0.92356731023674621 1.0771387157621246 0.69088933686898013 1.1847100733220572 0.12338694680710847 -0.1675815814788508 0.28276542247217024 47.653394911868112 -1.6484025073981985 0.020132849756781871 -4.2541835381050896 -0.37183635723705771 0.10091485018951417 0.20796435071780892 0.31365846362958177 43.229871957827946 0.018104370842269433 0.24132384603234944 0.023234580306473396 -0.16168994596575012 0.21468063552689354
decision_type=2 2 2 2 2 2 2 2 2 2 2 2 2 2 2 2 2 2 2 2 2 2 2 2 2 2 2 2 2 2
left_child=1 5 3 4 -3 6 7 -1 18 -10 11 13 -13 26 -15 -16 17 -17 25 -20 21 -21 23 24 -22 -7 27 29 -28 -11
right_child=-2 2 -4 -5 -6 8 -8 -9 9 10 -12 12 -14 14 15 16 -18 -19 19 20 22 -23 -24 -25 -26 -27 28 -29 -30 -31
leaf_value=0.0047659019152412104 6.5438394687020242e-05 -0.0051153203428146391 0.0023253492976073177 -0.007302589613633852 0.00038006548155945812 -0.0014660249703696796 0.0060612724928726111 -0.0026394650070337444 0.0045771799486828968 0.00312157915905118 -0.0046484807655215264 0.0079103925023810001 0.0011082907997851455 0.0033578993473201996 0.00013012957190820839 -0.0027536957369496424 0.00020408399565064389 -0.0083240443269812295 -0.0041019574995152649 -0.0051239833816047447 -0.00071106894029071555 0.0012581735912438794 0.0058349634567275641 -0.0028112141146612842 0.0055312110516693332 -0.0070050872280262412 0.0062581930759138087 -0.0052634876771745359 -2.7521857991814616e-05 -0.0019137066851656597
leaf_weight=21 4396 21 20 24 44 35 31 41 32 58 25 20 43 20 85 39 46 31 40 37 32 24 20 42 31 25 29 22 25 26
leaf_count=21 4396 21 20 24 44 35 31 41 32 58 25 20 43 20 85 39 46 31 40 37 32 24 20 42 31 25 29 22 25 26
internal_value=4.66678e-12 -0.000290867 -0.00201334 -0.00298833 -0.00139537 -7.75149e-05 0.00193296 -0.000131196 -0.000315093 0.000308558 1.73086e-05 0.000280022 0.00326769 -0.000214002 -0.00125716 -0.00171637 -0.00306941 -0.00522056 -0.00140757 -0.000779327 -6.47828e-05 -0.00261297 0.00117873 0.000291832 0.00236053 -0.00377397 0.00122686 0.000146212 0.00334814 0.00156304
internal_weight=5385 989 109 89 65 880 93 62 787 501 469 444 63 381 221 201 116 70 286 226 186 61 125 105 63 60 160 106 54 84
internal_count=5385 989 109 89 65 880 93 62 787 501 469 444 63 381 221 201 116 70 286 226 186 61 125 105 63 60 160 106 54 84
is_linear=0
shrinkage=0.05


Tree=184
num_leaves=31
num_cat=0
split_feature=12 6 14 9 14 12 9 2 7 7 0 6 13 7 3 11 2 0 3 14 0 2 12 13 0 14 12 12 2 12
split_gain=0.041241 0.0517811 0.0505649 0.0803952 0.0583314 0.105006 0.0670962 0.219036 0.176284 0.243266 0.211124 0.275586 0.278802 0.176946 0.200734 0.166407 0.114486 0.27558 0.304195 0.400164 0.287654 0.266853 0.23941 0.221597 0.20646 0.209024 0.239519 0.236403 0.198167 0.355453
threshold=2.460419036470459 0.073321599255601513 5.2207687122396296 1.4844675419010922 4.6481031230115821 -0.031307896791933791 1.8759038194036137 -0.23780401271393783 0.21892544269147673 0.18390711688197686 -0.069460616320494037 0.036226745159972436 0.95426334509023636 0.24049375278895788 0.34512127009658994 0.3025818749656583 0.39589292692931938 -0.072447188628201473 0.47348626018677403 0.72291908061887433 0.1034999882877632 0.30477238753734742 0.93897345636744378 -1.1361806647328512 0.0014768280636890954 2.4180308425482098 0.12150122865341585 -0.52592383182920699 0.45378242161147214 -0.094508047520579133
decision_type=2 2 2 2 2 2 2 2 2 2 2 2 2 2 2 2 2 2 2 2 2 2 2 2 2 2 2 2 2 2
left_child=1 2 4 -4 6 -6 16 -8 9 10 -9 12 15 -10 -15 -12 21 -18 19 -19 -21 -1 23 -23 -20 26 -26 -27 -29 -30
right_child=-2 -3 3 -5 5 -7 7 8 13 -11 11 -13 -14 14 -16 -17 17 18 24 20 -22 22 -24 -25 25 27 -28 28 29 -31
leaf_value=7.2864779584824971e-05 0.0022114466521002 -0.0025480471551418307 -0.0010968160181073472 0.0028196318405925447 -0.0044792180648073558 0.00064441504538990555 0.004252880362328142 0.0022203771688509735 0.0047406944623660484 -0.0062410734491503061 0.0044652200268151671 -0.005869395911253782 -0.0046500240622733072 -0.0036866065908085417 0.0025311070811003446 -0.0016012045909883457 -0.0044450110586529432 -0.0011928772961255164 0.0042994717834517358 0.0032299621101962977 0.0097365200790451283 0.0022430344840228956 0.0034806563135300001 -0.0024702712557260194 -0.00021172821366538606 -0.0027730930656509698 -0.0070803470909595496 0.005893689919961617 0.0054018170022490349 -0.0028542170908622214
leaf_weight=4384 21 20 20 38 20 20 20 34 21 29 26 36 26 27 25 20 22 32 26 49 26 28 22 228 30 34 22 25 22 32
leaf_count=4384 21 20 20 38 20 20 20 34 21 29 26 36 26 27 25 20 22 32 26 49 26 28 22 228 30 34 22 25 22 32
internal_value=-8.57104e-13 -8.65779e-06 8.45913e-07 0.00146913 -1.52647e-05 -0.0019174 -7.61165e-07 -0.000777553 -0.00118988 -0.00206799 -0.00121574 -0.00229747 -0.000511514 0.000867039 -0.000697321 0.00182764 4.04016e-05 0.000955263 0.00135394 0.00348828 0.00548557 -2.23945e-05 -0.00152461 -0.00195475 0.000158266 -0.000494287 -0.00311768 0.000712939 0.00221326 0.000509352
internal_weight=5385 5364 5344 58 5286 40 5246 264 244 171 142 108 72 73 52 46 4982 320 298 107 75 4662 278 256 191 165 52 113 79 54
internal_count=5385 5364 5344 58 5286 40 5246 264 244 171 142 108 72 73 52 46 4982 320 298 107 75 4662 278 256 191 165 52 113 79 54
is_linear=0
shrinkage=0.05


Tree=185
num_leaves=31
num_cat=0
split_feature=6 4 11 1 4 9 6 10 9 13 2 1 1 6 4 8 1 4 0 12 13 10 11 6 11 9 9 13 0 9
split_gain=0.0409728 0.19741 0.42451 0.251651 0.194425 0.183143 0.53151 0.293986 0.259311 0.22835 0.574354 0.375265 0.22694 0.36769 0.291568 0.234572 0.198419 0.186745 0.186013 0.250653 0.373314 0.18461 0.175092 0.168163 0.236737 0.169635 0.236858 0.233426 0.214563 0.163518
threshold=0.026246700876373371 0.26151987354395856 0.80454244034612932 0.1882945767181913 0.2567395944969757 1.3597406887015284 0.025037499148178429 0.66215268772508462 1.3912631221836016 -0.18344953844243569 -0.064042320927322413 0.1124574232372826 -0.13004362970942632 0.024971476056830071 0.25327923279078357 0.56691157336597398 0.016258114908014657 0.22131299739498289 -0.018242945019283082 -0.17173819362255052 0.4407611859424963 1.142856692007882 -1.0781762139206854 0.026519190917985731 0.82675749144114385 0.7239200258369064 0.64392459949039871 0.41703369918254934 -0.12229685470370298 0.8010635192134582
decision_type=2 2 2 2 2 2 2 2 2 2 2 2 2 2 2 2 2 2 2 2 2 2 2 2 2 2 2 2 2 2
left_child=1 4 3 29 5 12 7 8 -7 11 -11 -10 13 15 22 -1 -8 18 -12 20 -20 -9 -14 24 -2 26 27 28 -25 -3
right_child=23 2 -4 -5 -6 6 16 21 9 10 17 -13 14 -15 -16 -17 -18 -19 19 -21 -22 -23 -24 25 -26 -27 -28 -29 -30 -31
leaf_value=0.0022248144364300656 0.0048101212542374129 -0.0022885657368793286 0.0018432512553408741 0.00061330584733999176 0.0039152074064458574 -0.0052755052246333612 -0.009256872457141678 0.0065283925272524362 -0.0055040610916152295 0.0061792092459250457 -0.0044300383844902407 0.0011167132761329412 -0.0036324184300610797 0.0080212555910375988 -0.0046171914566965665 -0.0033156813979148868 -0.002682958890429952 0.0031214087261245229 -0.0023267829223819403 -0.0026534851854583914 0.0064998219180852183 -3.9911940693855288e-05 8.9115162381029538e-05 0.004014071582406316 -0.0017744020558893682 0.00032344012647644258 -0.0035244421273305571 -0.0018863788057644746 -5.0739460491243156e-05 -0.0071552050931172244
leaf_weight=81 43 28 50 24 31 31 24 23 49 36 39 38 32 22 34 25 22 26 23 56 25 20 2564 42 20 1590 68 131 143 45
leaf_count=81 43 28 50 24 31 31 24 23 49 36 39 38 32 22 34 25 22 26 23 56 25 20 2564 42 20 1590 68 131 143 45
internal_value=-3.05815e-12 -0.000107579 -0.0018992 -0.0038283 -2.53022e-05 -6.38372e-05 -0.00104713 -0.000410461 -0.000927503 -0.0004659 0.000444981 -0.00261223 8.30511e-05 0.00213895 -1.70078e-05 0.000918094 -0.00611283 -0.000776512 -0.00148522 -0.00038092 0.00227041 0.00347337 4.32411e-05 0.000176816 0.0027198 9.56572e-05 -0.000847506 -0.000271457 0.000872083 -0.00528855
internal_weight=5385 3348 147 97 3201 3170 412 366 323 292 205 87 2758 128 2630 106 46 169 143 104 48 43 2596 2037 63 1974 384 316 185 73
internal_count=5385 3348 147 97 3201 3170 412 366 323 292 205 87 2758 128 2630 106 46 169 143 104 48 43 2596 2037 63 1974 384 316 185 73
is_linear=0
shrinkage=0.05


Tree=186
num_leaves=31
num_cat=0
split_feature=1 3 6 2 7 7 9 12 12 3 2 14 7 7 1 2 0 2 7 12 10 12 7 12 0 0 1 0 7 14
split_gain=0.0389926 0.209126 0.158881 0.0598874 0.0458913 0.0606548 0.17831 0.1946 0.158003 0.19373 0.356691 0.163862 0.130076 0.11993 0.300427 0.445441 0.32106 0.306874 0.221073 0.205468 0.172698 0.142933 0.0944675 0.246568 0.306078 0.223419 0.434613 0.227713 0.224931 0.178609
threshold=0.74090086638812858 2.3962819260993498 0.050868006337043963 1.0671052427260728 0.47367579540529897 0.27883400139063469 1.7490616714914886 0.71100182592985017 -1.1681601633705061 -0.28371717910901839 -0.04218624047776403 0.85561964922857514 0.33551400980797202 0.23350628545131297 0.11822327050754601 0.045134702672918976 -0.12229685470370298 0.17652814064467373 0.22781928468550264 0.046032641598380261 -0.069554622812752473 -0.45878700193729011 0.20171234561335444 0.33544145383629148 0.013172783373827325 0.1548296969685197 0.087407955777493176 0.14571647238779475 0.16391334848627634 -0.25232511758826254
decision_type=2 2 2 2 2 2 2 2 2 2 2 2 2 2 2 2 2 2 2 2 2 2 2 2 2 2 2 2 2 2
left_child=1 3 -2 4 5 13 7 8 -7 -10 -11 -12 -13 18 15 16 -15 -16 22 -20 -19 -18 25 -24 29 27 -27 -1 -28 -25
right_child=2 -3 -4 -5 -6 6 -8 -9 9 10 11 12 -14 14 17 -17 21 20 19 -21 -22 -23 23 24 -26 26 28 -29 -30 -31
leaf_value=2.5482135617316233e-05 0.0017078270483762027 0.0046687668616262577 -0.0044496669518676677 -0.0025549343017780262 -0.0019480546874304614 -0.0027865401660092173 0.0038923454817193443 -0.0037504249562819803 0.0056094062631018467 -0.0043230474424220764 0.0048200850763047733 0.0028760832141746175 -0.0026953550132748205 0.0019707886143945732 -0.0086752314797856594 0.005376173235708848 -0.0013602291269657705 -0.0052141633328227771 0.0073124602623283871 0.00014539140276610853 0.00058605732452688807 -0.0065542820116711994 -0.0021923130183705594 0.0020435845549218357 0.0052363708801567562 0.0075526467468268396 0.0039508844090794977 -0.0044194784352620106 -0.0025375183616929194 -0.0044850078242068946
leaf_weight=4473 20 24 22 23 30 25 39 27 24 27 36 22 20 39 22 32 26 21 20 20 33 27 147 20 30 29 22 29 34 22
leaf_count=4473 20 24 22 23 30 25 39 27 24 27 36 22 20 39 22 32 26 21 20 20 33 27 147 20 30 29 22 29 34 22
internal_value=-5.58965e-12 1.19289e-05 -0.00151753 -9.08334e-06 1.97303e-06 1.30822e-05 0.000825772 0.000165018 0.000851492 0.00155654 0.000630167 0.00234474 0.000223017 -2.23502e-05 -0.00122223 0.000294893 -0.00147251 -0.00369753 2.71702e-05 0.00372893 -0.00166958 -0.00400626 -3.63921e-06 -0.00101816 0.00137906 4.47978e-05 0.00258436 -3.15044e-06 1.1497e-05 -0.00137615
internal_weight=5385 5343 42 5319 5296 5266 220 181 154 129 105 78 42 5046 200 124 92 76 4846 40 54 53 4806 219 72 4587 85 4502 56 42
internal_count=5385 5343 42 5319 5296 5266 220 181 154 129 105 78 42 5046 200 124 92 76 4846 40 54 53 4806 219 72 4587 85 4502 56 42
is_linear=0
shrinkage=0.05


Tree=187
num_leaves=31
num_cat=0
split_feature=4 4 10 10 8 4 8 8 6 1 14 3 2 3 7 1 2 6 11 2 2 1 7 2 6 7 1 10 1 6
split_gain=0.0388939 0.361869 0.244686 0.481107 0.336963 0.284177 0.266998 0.264365 0.318301 0.257895 0.242118 0.228675 0.232298 0.214437 0.260228 0.21312 0.202991 0.199508 0.196152 0.230996 0.263588 0.18967 0.188717 0.181968 0.163414 0.14671 0.135091 0.133477 0.128868 0.128487
threshold=0.16346645304339691 0.16264997048488231 0.23861260081563279 -0.0046483873584540333 0.73298600020624616 0.15135708964927808 0.055083130793602393 0.080381609829345321 0.016485476163522091 0.16104012204349852 2.2551220617255772 0.016759813712628139 0.071752179829643561 0.21967452813360069 0.11393258862268209 -0.054316258203936922 0.14737140626974124 0.014997928823597571 -0.28844104004216309 0.012271232462609862 0.087412533373080428 0.093068796361320053 0.061020241599394377 0.1983124074257098 0.013613643808736914 0.075489809817788064 0.20564194903162161 -0.24556017385431564 0.033468640169339377 0.014290406493175601
decision_type=2 2 2 2 2 2 2 2 2 2 2 2 2 2 2 2 2 2 2 2 2 2 2 2 2 2 2 2 2 2
left_child=1 2 3 9 7 11 -7 8 17 10 13 -5 28 14 15 -1 -14 -4 -17 27 24 22 -15 -12 -21 -9 -11 -20 -13 -22
right_child=-2 -3 4 5 -6 6 -8 25 -10 26 23 12 16 21 -16 18 -18 -19 19 20 29 -23 -24 -25 -26 -27 -28 -29 -30 -31
leaf_value=0.0021781136626080472 5.5799734705378728e-05 -0.0066465070793955503 0.0018643752705447339 -0.0049935313903035662 0.0071481363847851753 -0.0079903616581130064 -0.0015907992758522078 -0.0053859020380870159 -0.0023896171121547622 0.0062526089712404281 -0.005586321091141145 0.00013208348148812849 -0.0061188484763815294 0.0038456985506927599 0.0050428514058391254 0.0027568918972974647 0.00038420586663830494 0.0072461282834410667 -0.0018857344477014107 -0.0024071450205519797 0.0019143248315561902 0.0063813648223876966 -0.0026705442159436644 0.00010693179536610842 -0.0081029778702513267 0.00046946970454882827 0.00078672551433555781 0.0037580597307533027 0.0055664401780813931 -0.0033249004315584899
leaf_weight=47 4593 22 51 31 23 39 28 23 30 26 32 24 21 25 21 22 28 26 22 20 22 25 20 25 34 20 20 20 20 25
leaf_count=47 4593 22 51 31 23 39 28 23 30 26 32 24 21 25 21 22 28 26 22 20 22 25 20 25 34 20 20 20 20 25
internal_value=-4.26356e-13 -0.000323596 -0.000142942 -0.000622747 0.0015128 -0.00269217 -0.00531592 0.000648717 0.00197938 0.000350802 -9.96581e-05 -0.00127451 -3.48306e-05 0.000462746 -0.000266325 -0.000792234 -0.00240282 0.00368159 -0.00163833 -0.00231452 -0.00361041 0.00288951 0.000949591 -0.00308928 -0.00599341 -0.00266247 0.00387614 0.000801787 0.00260225 -0.000872497
internal_weight=5385 792 770 597 173 191 67 150 107 406 360 124 93 303 233 212 49 77 165 143 101 70 45 57 54 43 46 42 44 47
internal_count=5385 792 770 597 173 191 67 150 107 406 360 124 93 303 233 212 49 77 165 143 101 70 45 57 54 43 46 42 44 47
is_linear=0
shrinkage=0.05


Tree=188
num_leaves=31
num_cat=0
split_feature=6 4 5 2 2 10 11 7 5 8 5 7 4 7 4 7 5 14 2 14 5 8 12 11 10 12 10 1 11 10
split_gain=0.0368914 0.0692786 0.176179 0.283836 0.216092 0.259007 0.0868223 0.066939 0.050807 0.046808 0.183495 0.142743 0.140124 0.268449 0.160112 0.294564 0.225086 0.190531 0.146224 0.310238 0.315249 0.16642 0.15825 0.17031 0.150773 0.29624 0.240608 0.298065 0.250879 0.432805
threshold=0.011113522153326229 0.13149626046012705 42.47726955918116 0.040206198051068294 0.1275330915436266 0.10329285960603056 0.023748030787950365 0.030907625416247277 53.940794420886711 -0.79921057767977144 64.453250677845986 0.04713106940270851 0.16085607158238499 0.077161805699456673 0.17197005299495802 0.059927462645625283 55.339882699373362 1.2511430331475824 0.18083794241959009 1.601657288540203 41.531590703536068 -1.160940781083972 0.36625686910172356 0.32769308911736683 0.38113683260700809 0.25072149014354694 -0.32833118881518164 -0.12691696891197138 0.40759016460195152 -0.17502063649916205
decision_type=2 2 2 2 2 2 2 2 2 2 2 2 2 2 2 2 2 2 2 2 2 2 2 2 2 2 2 2 2 2
left_child=-1 2 -2 8 6 -6 -5 -3 -4 10 11 -9 13 -13 -14 -16 18 -18 24 22 -21 -22 23 -20 26 -26 -17 -28 29 -29
right_child=1 7 3 4 5 -7 -8 9 -10 -11 -12 12 14 -15 15 16 17 -19 19 20 21 -23 -24 -25 25 -27 27 28 -30 -31
leaf_value=0.0020433003627906808 0.0026988175814040005 0.0025531925314750811 -0.0070900048408657317 0.0002340090908826544 -0.0065650658681988723 0.0012967706125346012 0.0046159146004356444 0.0036861421267056597 -0.003526053219102323 8.1509734248911327e-05 -0.0050442663533613085 0.00022351067604948626 0.0031211101524402495 -0.0067263462813571097 -0.0056298755146563058 -0.00072427246956514174 0.0059142713533499496 0.00070455080519119906 -0.0062647949456452181 0.0047649681736747253 -0.00012105163948401784 -0.0052402049303054811 -1.5497448233266673e-05 -0.0010975929705992989 0.0012961302796134452 -0.0033553055733836334 0.0056986233196221299 0.0086124783557828596 -0.0022277318832019102 0.00052567236707545817
leaf_weight=22 26 26 20 26 22 20 20 23 20 4222 20 33 36 24 25 171 26 54 52 29 77 20 24 23 61 78 40 21 46 78
leaf_count=22 26 26 20 26 22 20 20 23 20 4222 20 33 36 24 25 171 26 54 52 29 77 20 24 23 61 78 40 21 46 78
internal_value=4.30153e-12 -8.38198e-06 -0.00105354 -0.00181574 -0.000228335 -0.00282133 0.00213919 2.25173e-05 -0.00530803 9.82246e-06 -0.000305124 -0.000204398 -0.000301874 -0.00270274 -0.000142931 -0.000285362 -0.000118346 0.00239771 -0.000397908 -0.00145479 0.000190944 -0.00117655 -0.00354935 -0.00468019 8.24915e-05 -0.00131403 0.000627762 0.00187748 0.000823371 0.00224106
internal_weight=5385 5363 154 128 88 42 46 5209 40 5183 961 941 918 57 861 825 800 80 720 225 126 97 99 75 495 139 356 185 145 99
internal_count=5385 5363 154 128 88 42 46 5209 40 5183 961 941 918 57 861 825 800 80 720 225 126 97 99 75 495 139 356 185 145 99
is_linear=0
shrinkage=0.05


Tree=189
num_leaves=31
num_cat=0
split_feature=11 11 5 5 6 13 5 6 9 0 9 7 11 0 11 11 9 0 5 11 11 12 14 8 9 8 1 1 9 1
split_gain=0.0378053 0.128942 0.149196 0.234101 0.269629 0.304681 0.179602 0.133119 0.127282 0.124198 0.0785704 0.126658 0.1046 0.070786 0.068523 0.229797 0.181749 0.157136 0.188125 0.278467 0.174478 0.17333 0.145088 0.283652 0.378041 0.26798 0.242983 0.274924 0.313781 0.245217
threshold=1.5269215890232772 1.5644420225269757 55.339882699373362 59.251247317121589 0.021077542904059863 -0.85132273485972298 53.457633194985554 0.039217136353847999 1.4545229681083895 0.0023582476573094095 0.98822413651680308 0.13183629431612578 1.8218889886970842 0.1548296969685197 0.71345322266431022 0.60600295751954503 0.49194045558679445 0.18581863287644432 70.188934322883213 1.0285012327582435 0.8676182488688039 1.322966589511936 0.28270946424094684 0.30569924169983492 0.7239200258369064 1.8618894378482242 0.072607333185243941 0.031976860828909277 0.55359833067334197 0.097412166865546004
decision_type=2 2 2 2 2 2 2 2 2 2 2 2 2 2 2 2 2 2 2 2 2 2 2 2 2 2 2 2 2 2
left_child=14 -2 6 -4 -5 -6 7 8 9 10 11 -3 -12 -7 15 -1 -17 18 21 20 -20 22 23 -16 -25 26 27 28 -24 -28
right_child=1 2 3 4 5 13 -8 -9 -10 -11 12 -13 -14 -15 17 16 -18 -19 19 -21 -22 -23 25 24 -26 -27 29 -29 -30 -31
leaf_value=3.5020680522519894e-05 -0.0043070838764487284 0.0041407850284415947 0.0050426669675728373 0.0042898580376058816 -0.0062945050905303408 -0.0012286281135554114 -0.0052595849634836551 0.0028991840993209434 -0.004624474823305553 -0.0034451945100694766 -0.0033431731136515739 -0.0010800444166220371 0.0011451685145773269 0.0029277105920482429 0.001868216508365192 -0.0050865496542428449 -0.0010266939778320828 -0.0029903205365619879 0.002451644381190735 -0.0004918060053194709 0.0088233157460178655 0.0035316921351477501 0.002975030204238878 -0.0062110915879852006 0.0005851778045517246 0.0047803333727642894 0.0047116077865564064 -0.0045413496002318365 -0.0018092634755697463 -8.4447618742399899e-05
leaf_weight=3810 21 26 29 25 24 21 23 24 22 28 25 21 27 20 247 32 199 33 22 34 21 40 44 28 76 24 31 63 155 190
leaf_count=3810 21 26 29 25 24 21 23 24 22 28 25 21 27 20 247 32 199 33 22 34 21 40 44 28 76 24 31 63 155 190
internal_value=3.83052e-13 -0.000513554 -0.000260652 0.00113587 -0.000122985 -0.00182023 -0.00110854 -0.000556669 -0.00111332 -0.000505085 0.000326462 0.00180807 -0.00101269 0.000798854 3.41759e-05 -5.78206e-05 -0.0015891 0.000402983 0.000517834 0.00288967 0.00556339 0.000314458 0.00016447 0.000945904 -0.00124459 -0.000376522 -0.000632763 -0.00166275 -0.00075143 0.000588302
internal_weight=5385 336 315 119 90 65 196 173 149 127 99 47 52 41 5049 4041 231 1008 975 77 43 898 858 351 104 507 483 262 199 221
internal_count=5385 336 315 119 90 65 196 173 149 127 99 47 52 41 5049 4041 231 1008 975 77 43 898 858 351 104 507 483 262 199 221
is_linear=0
shrinkage=0.05


Tree=190
num_leaves=31
num_cat=0
split_feature=9 0 7 7 2 8 12 0 12 10 2 12 11 10 14 14 10 0 5 8 9 9 5 9 3 8 5 12 11 5
split_gain=0.0365327 0.0677727 0.261829 0.233936 0.247512 0.241369 0.190426 0.17263 0.171852 0.14521 0.137847 0.0977313 0.095348 0.0891528 0.0750892 0.163447 0.0953413 0.0718419 0.207196 0.194242 0.123874 0.211439 0.326672 0.14738 0.261476 0.227014 0.237608 0.127064 0.115519 0.0869654
threshold=-0.16362454127843609 -0.13364615548839678 0.15147427464940774 0.20796435071780892 -0.4073343724098637 -0.48732713870523586 -0.35129367322361404 -0.12229685470370298 0.14567212974677976 -0.15211729171867525 -0.0046789621907031833 0.85608795922216474 -0.15877638122056845 0.47237628944974441 -1.6202666333043423 -1.3013503589565611 0.10329285960603056 -0.089459018941135934 32.411446967394092 -0.84113157131488703 1.4061282668768518 1.7768819187834659 37.666958933642377 0.68626918582077978 -0.03662669084980346 -0.15376116654428001 39.805218656477358 -0.066752105553306754 1.0000000180025095e-35 36.350460330769593
decision_type=2 2 2 2 2 2 2 2 2 2 2 2 2 2 2 2 2 2 2 2 2 2 2 2 2 2 2 2 2 2
left_child=-1 2 -2 5 -5 -4 10 9 -8 -3 12 -10 -6 -11 -9 16 -16 20 19 -19 23 22 -22 24 -17 26 27 -25 -27 -20
right_child=1 7 3 4 6 -7 8 14 11 13 -12 -13 -14 -15 15 17 -18 18 29 -21 21 -23 -24 25 -26 28 -28 -29 -30 -31
leaf_value=0.0019069112837314607 0.004233787362666234 -0.00049916069838218391 -0.0001593601934257008 0.004486447428776459 -0.0024364058726600241 -0.0071019606132458352 0.0042130965739488602 0.0023043438396416604 -0.0029970359731594041 0.006786936577409506 1.980680628383363e-05 0.0013163673924282194 -0.0071466026362031702 0.0021224407878305232 -0.0041090644356843679 -0.0066901889008780316 -0.0004354723270587398 -0.00047707907982509244 -0.0013333785658418808 0.0056260397353980812 -0.0002245180739555508 0.000594640224270763 -0.0090537813809615647 -0.0045496814325451853 0.00019968482432886959 0.0063351268492018182 0.0040862250397913158 -0.00022142632649495053 0.0013905884963201567 5.9007291789958988e-05
leaf_weight=25 23 24 21 22 21 31 22 35 29 20 22 24 22 21 38 21 33 22 115 32 20 31 22 30 40 21 20 39 27 4512
leaf_count=25 23 24 21 22 21 31 22 35 29 20 22 24 22 21 38 21 33 22 115 32 20 31 22 30 40 21 20 39 27 4512
internal_value=-1.461e-12 -8.89418e-06 -0.000835509 -0.00138034 -0.000443736 -0.00429822 -0.00121848 2.93466e-05 0.000498225 0.00258969 -0.00319929 -0.0010438 -0.00484627 0.0043978 -3.55623e-06 -1.96376e-05 -0.00240162 1.45145e-05 6.03375e-05 0.00313958 -0.00077699 -0.00253753 -0.00484937 -0.000127902 -0.00217224 0.00078235 -0.000712377 -0.00210328 0.00355382 2.44008e-05
internal_weight=5385 5360 237 214 162 52 140 5123 75 65 65 53 43 41 5058 5023 71 4952 4681 54 271 73 42 198 61 137 89 69 48 4627
internal_count=5385 5360 237 214 162 52 140 5123 75 65 65 53 43 41 5058 5023 71 4952 4681 54 271 73 42 198 61 137 89 69 48 4627
is_linear=0
shrinkage=0.05


Tree=191
num_leaves=31
num_cat=0
split_feature=6 4 11 1 5 4 6 11 4 7 12 2 12 7 7 12 7 6 7 7 4 10 7 1 2 5 5 3 10 6
split_gain=0.0389983 0.173189 0.380036 0.228777 0.18037 0.174084 0.153718 0.210545 0.136916 0.363879 0.137832 0.339305 0.136203 0.100937 0.145173 0.258647 0.249379 0.102289 0.218534 0.273475 0.204877 0.598111 0.325401 0.432484 0.157821 0.15138 0.278436 0.362078 0.464557 0.286241
threshold=0.026246700876373371 0.26151987354395856 0.80454244034612932 0.1882945767181913 61.473342586160832 0.2567395944969757 0.026519190917985731 0.82675749144114385 0.25254284164609808 0.094058898673365948 1.4661762691507341 0.001989738511591455 -0.05057635665854051 0.066522912542245807 0.080574609633956559 0.27723654906573564 0.083684347003672374 0.026989994273009799 0.14218755597818963 0.11646197641455282 0.2567395944969757 0.42975100393533583 0.12371622260404948 0.055570027762045011 -0.10340224046164652 70.451639273688727 62.962459715999138 0.6681018909855192 -0.40265410238558746 0.028469158261424644
decision_type=2 2 2 2 2 2 2 2 2 2 2 2 2 2 2 2 2 2 2 2 2 2 2 2 2 2 2 2 2 2
left_child=1 5 3 12 -4 8 7 -2 10 -10 -1 -12 -3 -8 15 -15 -16 18 19 -18 21 22 -19 24 -24 26 29 28 -28 -22
right_child=6 2 4 -5 -6 -7 13 -9 9 -11 11 -13 -14 14 16 -17 17 20 -20 -21 25 -23 23 -25 -26 -27 27 -29 -30 -31
leaf_value=-5.9800538472917951e-05 0.0045751122898573795 -0.0029278836035365732 0.0047610026653856045 0.00062660991000787665 -0.0012451622821390629 0.0037007965688263217 0.0034627391385253178 -0.0016344875760842114 0.0025947709483179183 -0.0055672905312247976 0.0071668850469656974 -0.0015186358000273291 -0.0072510266257449982 0.00077120314898162059 0.0056840814207680529 -0.0060966221114190731 -0.0034093156121671204 -0.00046321867557708174 -0.0055543893752619629 0.0041453525363265176 -0.0023250803009304626 -0.0036180954007431865 -0.00054607514549778519 0.011247633734629267 0.0045492054098709069 0.0019397152311917719 -0.0052347231903695501 -0.0053747946363208558 0.0021436438756609276 0.0002904722031218369
leaf_weight=3067 43 38 25 24 25 31 22 20 22 36 22 23 35 29 20 26 25 40 25 23 114 40 21 21 55 92 32 56 64 1269
leaf_count=3067 43 38 25 24 25 31 22 20 22 36 22 23 35 29 20 26 25 40 25 23 114 40 21 21 55 92 32 56 64 1269
internal_value=8.85005e-14 -0.000104955 -0.00178307 -0.00360832 0.00175792 -2.78907e-05 0.000172503 0.00260381 -6.43542e-05 -0.00247134 -1.9494e-05 0.00272762 -0.00500062 9.49083e-05 5.69512e-05 -0.00247541 0.000130372 7.11957e-05 -0.00176369 0.00021063 0.000145446 0.00176094 0.00333146 0.00489628 0.0031413 -3.03027e-05 -0.000148375 -0.00217965 -0.000315812 7.48735e-05
internal_weight=5385 3348 147 97 50 3201 2037 63 3170 58 3112 45 73 1974 1952 55 1897 1877 73 48 1804 177 137 97 76 1627 1535 152 96 1383
internal_count=5385 3348 147 97 50 3201 2037 63 3170 58 3112 45 73 1974 1952 55 1897 1877 73 48 1804 177 137 97 76 1627 1535 152 96 1383
is_linear=0
shrinkage=0.05


Tree=192
num_leaves=31
num_cat=0
split_feature=0 5 12 5 0 0 0 7 9 14 1 6 1 6 9 14 5 14 6 6 6 3 3 3 6 7 7 2 12 9
split_gain=0.0367603 0.0468943 0.183534 0.146149 0.115621 0.121176 0.281904 0.230053 0.237292 0.132789 0.122052 0.106239 0.0798046 0.303967 0.249073 0.110443 0.24968 0.0863618 0.196504 0.135701 0.142629 0.0820293 0.364064 0.204621 0.18948 0.197094 0.299056 0.318898 0.204958 0.145498
threshold=-0.26253114305987968 26.078018204724682 0.19972953068066052 30.019079338375025 -0.20219628151058852 -0.129626796450418 -0.12229685470370298 0.15147427464940774 0.85332849575088277 -0.4833165630726815 -0.12028133793629468 0.039217136353847999 -0.24733066928670941 0.031111589160480787 1.1028922549110554 -1.4996785626943339 47.32763069877533 -1.0679627973229042 0.023234580306473396 0.026121698943876861 0.03059008924651381 -0.16911563015460837 -0.18144333924871728 -0.15253821639129081 0.022404089800241198 0.10616815303013555 0.14030023344475831 -0.2187005191298427 0.17893452232430596 1.5644317347615517
decision_type=2 2 2 2 2 2 2 2 2 2 2 2 2 2 2 2 2 2 2 2 2 2 2 2 2 2 2 2 2 2
left_child=-1 2 -2 -3 -5 7 -7 -6 11 -10 -11 -9 13 -8 -15 16 -14 18 -17 -20 -21 22 24 -23 -19 28 -27 -28 -26 -29
right_child=1 3 -4 4 5 6 12 8 9 10 -12 -13 15 14 -16 17 -18 21 19 20 -22 23 -24 -25 25 26 27 29 -30 -31
leaf_value=-0.0020396680867468767 -0.0043170065560843799 0.0020928326805698732 0.0013116157763579394 0.0034529858346407614 0.003372995657402845 0.0045526440132080638 -0.0059169376268982891 -0.0018014325440162795 -0.0068915960788726808 9.0294717811048041e-05 -0.0046052488468347058 0.0032904638509665221 0.0065930538956308739 -0.004010989944217727 0.0028825272040098517 -0.0044884211144277028 -0.0012129571067080612 -0.00448145097354427 0.0027407484923906884 -0.0038436309037812562 0.0011182687378355437 -0.0031787525478969604 0.005700568543226623 6.4845954730806118e-06 0.0065867788197162261 -0.0036554753557235622 -0.0036226081803241482 0.0013720011403647197 0.00079457159375860586 0.0061333421262956805
leaf_weight=22 28 84 30 24 21 34 27 20 25 25 31 21 20 20 38 35 21 20 29 30 28 51 34 4436 24 48 28 68 42 21
leaf_count=22 28 84 30 24 21 34 27 20 25 25 31 21 20 20 38 35 21 20 29 30 28 51 34 4436 24 48 28 68 42 21
internal_value=3.28134e-12 8.36709e-06 -0.00140565 2.38267e-05 -9.46131e-06 -2.54511e-05 1.51607e-05 -0.00146078 -0.00229282 -0.00386167 -0.00250902 0.000806612 -1.55713e-05 -0.0015346 0.000505452 1.05924e-05 0.00259485 -1.10576e-05 -0.00132468 -5.19046e-05 -0.00144823 2.25261e-05 0.000845072 -2.97193e-05 0.000187355 0.000591581 -0.000332119 0.00103131 0.00290083 0.00249546
internal_weight=5385 5363 58 5305 5221 5197 5054 143 122 81 56 41 5020 85 58 4935 41 4894 122 87 58 4772 285 4487 251 231 165 117 66 89
internal_count=5385 5363 58 5305 5221 5197 5054 143 122 81 56 41 5020 85 58 4935 41 4894 122 87 58 4772 285 4487 251 231 165 117 66 89
is_linear=0
shrinkage=0.05


Tree=193
num_leaves=31
num_cat=0
split_feature=13 2 6 8 8 9 9 1 1 10 14 2 11 1 14 1 6 6 6 2 13 1 9 9 7 7 13 2 2 1
split_gain=0.037632 0.29129 0.23289 0.639642 0.422812 0.393102 0.418946 0.312579 0.273385 0.335933 0.266269 0.239627 0.237144 0.236496 0.214114 0.210944 0.197029 0.295269 0.191688 0.169659 0.163476 0.360724 0.324125 0.338783 0.276769 0.217207 0.211613 0.141886 0.257797 0.408123
threshold=1.0044851161395525 0.30477238753734742 0.031111589160480787 -0.38863426523872263 -0.58349434216565033 0.37259955967946473 0.44102866849692957 0.21464067409852419 0.068248757260591222 0.44605268694416883 0.83799578376329886 0.1156546945247109 -1.5752580465451642 -0.10758288705417061 1.6529615053758915 0.17684825791176542 0.016576460001339405 0.018372414335573312 0.03827986622725605 -0.131489029409914 0.87660168997917531 0.0081084769330995749 0.60502875657969213 1.0869368023328423 0.13113210450926716 0.082691939948492124 0.86354661593436577 -0.038423951475360422 -0.083750670421818982 -0.087549316565575283
decision_type=2 2 2 2 2 2 2 2 2 2 2 2 2 2 2 2 2 2 2 2 2 2 2 2 2 2 2 2 2 2
left_child=20 2 3 10 19 -5 -7 8 16 11 -2 -10 -6 18 15 -3 -8 -18 -14 -4 26 22 -22 -24 25 -23 -1 28 29 -19
right_child=1 14 4 5 12 6 7 -9 9 -11 -12 -13 13 -15 -16 -17 17 27 -20 -21 21 24 23 -25 -26 -27 -28 -29 -30 -31
leaf_value=1.7276023990350273e-05 0.0053242442524877561 -0.0018165210876613857 -0.0055458541366864341 0.0034027041181137691 -0.00068944358323333845 -0.0084751437013239964 0.0026778661397596202 0.0037661930689444909 0.00040028118217984841 -0.0099617747412551021 -3.7373451348871759e-05 -0.0066652853414416319 0.0043932497368327208 0.0063604681417672787 -0.00085121877188947491 -0.0083118187077343472 -0.0068669898299655576 0.0019713119307363577 -0.0018435502170839092 8.9249420253669523e-05 -0.0045017173088022638 0.0035129118970660279 0.0057064352729530249 -0.0018456649021104431 -0.00027174511924386028 0.0097166494422015696 -0.0050139141668166434 -0.002814055358000573 0.0045059622534049243 -0.0052633556055038111
leaf_weight=4377 57 25 22 38 33 23 30 26 30 21 39 20 28 57 76 25 24 44 22 34 35 43 27 33 30 21 21 63 26 35
leaf_count=4377 57 25 22 38 33 23 30 26 30 21 39 20 28 57 76 25 24 44 22 34 35 43 27 33 30 21 21 63 26 35
internal_value=-2.214e-12 -0.000316897 9.67514e-05 -0.000500539 0.00154731 -0.00142179 -0.00195785 -0.00148795 -0.00195419 -0.00465485 0.00314609 -0.00242595 0.00301606 0.00415887 -0.00252302 -0.00506417 -0.00109046 -0.00167926 0.00164906 -0.00212454 5.51306e-05 0.00149502 -0.000677824 0.00155278 0.00369098 0.00554851 -6.74739e-06 -0.000938156 0.000187384 -0.00123392
internal_weight=5385 798 672 476 196 380 342 319 293 71 96 50 140 107 126 50 222 192 50 56 4587 189 95 60 94 64 4398 168 105 79
internal_count=5385 798 672 476 196 380 342 319 293 71 96 50 140 107 126 50 222 192 50 56 4587 189 95 60 94 64 4398 168 105 79
is_linear=0
shrinkage=0.05


Tree=194
num_leaves=31
num_cat=0
split_feature=10 10 12 10 7 7 9 5 10 14 12 12 4 12 2 2 2 14 14 2 9 6 9 4 0 12 9 13 12 14
split_gain=0.0358339 0.203904 0.325093 0.358081 0.311663 0.230203 0.197869 0.235383 0.178498 0.290899 0.139624 0.458945 0.225393 0.237758 0.322262 0.216361 0.206546 0.196006 0.302171 0.233131 0.204871 0.19286 0.38347 0.277032 0.467687 0.272861 0.215961 0.275808 0.205304 0.316858
threshold=-0.16894152701339252 -0.23268183655238633 0.41958313390131746 -0.20602821219411357 0.16644061639234978 0.13441643382547125 1.0130983638251922 58.276855604594765 -0.15757594429371138 1.063144715365437 -0.81748901100388582 -0.74945127865564565 0.3999995680523955 -0.44228896184214589 0.043283597594972141 -0.29683233937269288 0.40712739573953854 1.8229359155261144 2.6841778968868595 -0.29683233937269288 2.075985840892753 0.026989994273009799 0.8877098044375763 0.26335671175705938 -0.0065067667301521017 1.0000000180025095e-35 1.1460686012327035 -1.0294637376357454 0.17239263205157154 0.58510998711898665
decision_type=2 2 2 2 2 2 2 2 2 2 2 2 2 2 2 2 2 2 2 2 2 2 2 2 2 2 2 2 2 2
left_child=1 10 4 -4 5 6 7 -3 9 -2 17 -12 15 -14 -15 -13 -16 19 -19 -1 -20 28 25 24 -24 -23 27 -25 -17 -30
right_child=8 2 3 -5 -6 -7 -8 -9 -10 -11 11 12 13 14 16 21 -18 18 20 -21 -22 22 23 26 -26 -27 -28 -29 29 -31
leaf_value=0.0052532529724495756 -0.0075081932402792434 0.0034964144270498913 0.0037375628360314297 -0.0046067140479054717 0.0075935808076922386 -0.0031584521429613233 0.0057668455038219699 -0.0023943703496895202 -6.535961787932043e-05 0.00081416349802609716 -0.0056426123728191384 -0.0039897162932902575 0.002033130479200433 -4.2727597590003699e-05 -0.010227041854523123 -0.00075965228433164675 -0.0034099461026489732 0.005440931788225677 -0.0022715371900371146 -0.00020045452739696939 0.0035878790587258453 -0.0054465216113550761 0.00079647783568361776 -0.0007083471212536097 0.0095632276088320495 0.00066160442585852454 0.00034319682011976532 0.0066913824090186289 -0.00083039669345345087 0.0018347125616154623
leaf_weight=21 21 43 20 36 28 20 35 28 3091 21 38 32 24 35 20 623 25 51 35 293 26 33 32 20 29 41 179 34 202 249
leaf_count=21 21 43 20 36 28 20 35 28 3091 21 38 32 24 35 20 623 25 51 35 293 26 33 32 20 29 41 179 34 202 249
internal_value=-4.0031e-12 0.000152132 0.00163573 -0.00162662 0.00282204 0.0017617 0.00269003 0.00117329 -0.000109352 -0.00334701 -4.42033e-07 -0.000212721 -8.19627e-05 -0.00233163 -0.00364106 7.67658e-05 -0.00643977 0.000804821 0.00260061 0.000164284 0.000225919 0.000167007 0.00115485 0.0019646 0.00496428 -0.00206229 0.00117928 0.00395074 -0.000171471 0.000641027
internal_weight=5385 2252 210 56 154 126 106 71 3133 42 2042 1616 1578 104 80 1474 45 426 112 314 61 1442 368 294 61 74 233 54 1074 451
internal_count=5385 2252 210 56 154 126 106 71 3133 42 2042 1616 1578 104 80 1474 45 426 112 314 61 1442 368 294 61 74 233 54 1074 451
is_linear=0
shrinkage=0.05


Tree=195
num_leaves=31
num_cat=0
split_feature=6 6 13 0 13 3 6 13 10 6 4 0 11 11 4 11 11 0 10 3 6 12 12 10 13 13 0 1 4 5
split_gain=0.0378986 0.0487914 0.212275 0.0639607 0.124829 0.15805 0.0642326 0.234928 0.290714 0.323951 0.215134 0.281484 0.319613 0.189066 0.280703 0.22469 0.241607 0.31501 0.174503 0.267848 0.162799 0.317591 0.35509 0.351013 0.134879 0.171025 0.128905 0.120397 0.12024 0.117577
threshold=0.073321599255601513 0.060518572701877306 -0.60047696995582356 0.25625928207082044 0.748544478533404 0.62432537462194848 0.037685754379484022 -0.58489944477956402 -1.0835475618491046 0.038810740353533157 0.34995409559108204 0.03772103263690408 -0.45256816199277178 0.388480371261059 0.3999995680523955 -0.77483175814794669 -0.57762725528658609 -0.1498329673636519 -0.5699432354253896 0.27411025179736842 0.035535525254786156 -0.079727936249842243 0.49550976364308258 0.21468063552689354 1.2489027614338659 1.999716547937175 -0.17366792745860113 0.036428892477049175 0.41957366717311745 54.187841341030442
decision_type=2 2 2 2 2 2 2 2 2 2 2 2 2 2 2 2 2 2 2 2 2 2 2 2 2 2 2 2 2 2
left_child=1 3 -3 6 5 -5 20 8 -8 -10 -11 12 -12 15 -15 24 -17 -18 -19 -20 26 23 -23 -22 29 -26 -1 -13 -14 -9
right_child=-2 2 -4 4 -6 -7 7 13 9 10 11 27 28 14 -16 16 17 18 19 -21 21 22 -24 -25 25 -27 -28 -29 -30 -31
leaf_value=-0.0040248450648505242 -0.0021199403862868036 0.0052190681514532669 -0.00080924847628921276 0.0031016154976730996 0.0042419610545039177 -0.002607540664245823 0.0029307404599551645 0.0028791156805833273 -0.0079560740385204564 0.0022546936354566633 0.0025557676232174824 -0.0083008079263179203 -0.0057898389003067105 0.0064696101937443025 3.6673023647000624e-05 -0.0067980968493169969 0.0045483905777689961 0.0010518240599104991 -0.00084905970619612132 -0.0078847898713623483 0.0011542184697464109 -0.0039164664789017199 0.0031731012637134302 0.0084534483030438423 -0.0034024583961581815 0.0024915645318105816 -1.8243736043384867e-06 -0.0031848346045159782 -0.0010259342451508229 -0.0011716840633712508
leaf_weight=20 21 23 40 22 26 27 28 81 24 28 38 23 27 28 43 21 21 26 31 24 40 38 33 28 32 20 4500 23 26 23
leaf_count=20 21 23 40 22 26 27 28 81 24 28 38 23 27 28 43 21 21 26 31 24 40 38 33 28 32 20 4500 23 26 23
internal_value=6.25307e-12 8.29955e-06 0.00139157 -8.13994e-06 0.00144164 -4.42461e-05 -2.89462e-05 -0.000531425 -0.00182398 -0.00252839 -0.0017389 -0.00255511 -0.000943745 0.00026996 0.00257361 -0.000316272 -0.00191425 -0.000908747 -0.00232356 -0.0039192 3.22055e-05 0.00171764 -0.000621315 0.00415978 0.000943668 -0.00113553 -1.96254e-05 -0.00574282 -0.00345283 0.00198327
internal_weight=5385 5364 63 5301 75 49 5226 567 217 189 165 137 91 350 71 279 123 102 81 55 4659 139 71 68 156 52 4520 46 53 104
internal_count=5385 5364 63 5301 75 49 5226 567 217 189 165 137 91 350 71 279 123 102 81 55 4659 139 71 68 156 52 4520 46 53 104
is_linear=0
shrinkage=0.05


Tree=196
num_leaves=31
num_cat=0
split_feature=0 0 1 10 1 12 1 4 10 14 9 14 13 4 5 9 6 13 0 12 5 13 9 12 0 13 12 4 4 6
split_gain=0.0355694 0.298465 0.279704 0.287326 0.166745 0.353049 0.260682 0.351414 0.371282 0.238694 0.214217 0.236392 0.296102 0.194978 0.40764 0.186384 0.182462 0.177081 0.165166 0.155294 0.275604 0.289507 0.292313 0.243911 0.251184 0.185542 0.183466 0.218037 0.192578 0.214807
threshold=-0.060338828145336081 -0.066501788660492153 -0.059015016791247703 0.028300639452452623 0.005222633653745202 0.66236068011519877 -0.038259331579421289 0.20215604957073682 0.25641535392806408 -0.54941025540279353 0.5180201044338254 -0.19389483268800872 0.29692649684689759 0.30371053562920663 40.397581243041877 1.3013587553447516 0.028827628736604289 -0.020535425814736771 -0.098084360661361267 0.51466357108759409 39.214821952358399 -0.067271797212089521 0.93020618726391069 0.79235529760429746 -0.10053891284073461 1.0262137975852725 0.21340960132870893 0.24395838336891187 0.26620235354460847 0.039217136353847999
decision_type=2 2 2 2 2 2 2 2 2 2 2 2 2 2 2 2 2 2 2 2 2 2 2 2 2 2 2 2 2 2
left_child=1 4 -3 -4 6 9 10 -8 15 -6 11 12 -1 17 -15 -9 -7 -11 -16 20 26 -22 -23 24 -21 -24 27 -12 -29 -30
right_child=-2 2 3 -5 5 16 7 8 -10 13 19 -13 -14 14 18 -17 -18 -19 -20 23 21 22 25 -25 -26 -27 -28 28 29 -31
leaf_value=0.0036656209829208607 6.1140246611572418e-05 0.00018871684144768452 -0.0086033816513573311 -0.001679442065858072 0.0049276813616692698 0.0018132025154773146 0.0033041200926527386 -0.0038700286260185146 -0.0087716130340205773 0.00011959370364107796 -0.0044691013766999313 0.0052532979422003816 -0.0028858921909704805 0.0073662529257126162 -0.0041754754665105243 0.0021500522969290616 0.0083431846219236445 -0.0047722219752924164 0.0018843724731017243 -0.0015453287124938262 -0.00096774258276127517 0.0091175669941797165 -0.0014632171974517407 -0.00027514507230587827 -0.0089985401346348217 0.0053474778425879783 0.0019039116779287512 0.0032918812776053397 -0.0035802598832289506 0.00074181419291437191
leaf_weight=34 4391 45 29 31 23 20 20 36 28 37 46 38 35 20 23 20 23 37 22 26 40 22 20 86 20 20 51 27 57 58
leaf_count=34 4391 45 29 31 23 20 20 36 28 37 46 38 35 20 23 20 23 37 22 26 40 22 20 86 20 20 51 27 57 58
internal_value=6.19436e-13 -0.000270087 -0.00279113 -0.00502601 2.76734e-05 0.0012785 -0.000347208 -0.00265233 -0.00407054 0.000209474 6.61248e-05 0.00208645 0.00034239 -0.000571237 0.00142685 -0.00172 0.00530598 -0.00232631 -0.00121288 -0.000390904 0.000172768 0.00234865 0.00448825 -0.00184706 -0.00478586 0.00194213 -0.000755849 -0.00147738 -0.000508231 -0.00140043
internal_weight=5385 994 105 60 889 205 684 104 84 162 580 107 69 139 65 56 43 74 45 473 341 102 62 132 46 40 239 188 142 115
internal_count=5385 994 105 60 889 205 684 104 84 162 580 107 69 139 65 56 43 74 45 473 341 102 62 132 46 40 239 188 142 115
is_linear=0
shrinkage=0.05


Tree=197
num_leaves=31
num_cat=0
split_feature=7 7 0 9 1 1 8 13 13 12 3 12 13 3 6 9 1 3 9 9 7 14 14 13 13 6 0 5 9 0
split_gain=0.0375015 0.296583 0.373149 0.362781 0.217288 0.241949 0.219474 0.209964 0.365171 0.337595 0.203817 0.203358 0.297932 0.200229 0.300822 0.191304 0.194948 0.187248 0.1418 0.281044 0.132304 0.129994 0.258829 0.29627 0.322827 0.248598 0.2621 0.221672 0.251226 0.20389
threshold=0.17972346125189245 0.16391334848627634 0.16350174606030246 0.49194045558679445 0.052109635752334189 -0.10407459781663124 -0.77535970759658113 1.396339640153466 0.94365604166821981 -0.81748901100388582 -0.14674709108995634 -1.4554730840565961 0.7916876240473969 1.4218485095999569 0.032087851631797733 0.88244201743041473 -0.032200824251599251 -0.023292258295565301 1.2343927931288972 1.5337904529425714 0.24049375278895788 1.7479463191057514 1.0122721937449506 0.5771912731528025 -0.46817191574578348 0.044489310843539742 0.11148407659757066 63.590469773918834 1.2872826273457783 0.0093205552629667138
decision_type=2 2 2 2 2 2 2 2 2 2 2 2 2 2 2 2 2 2 2 2 2 2 2 2 2 2 2 2 2 2
left_child=1 2 -1 -3 5 -5 -6 8 11 -9 -10 13 21 14 -2 -7 -17 -11 -8 -20 -14 22 23 24 -13 26 29 28 -24 -23
right_child=7 3 -4 4 6 15 18 9 10 17 -12 12 20 -15 -16 16 -18 -19 19 -21 -22 25 27 -25 -26 -27 -28 -29 -30 -31
leaf_value=-8.0219847856077351e-05 0.0055969391590105777 -0.004255921405274421 0.0053404590144054964 0.0012736085373177832 -0.0039807523088529707 0.0018054548520012759 0.0040901837792868415 -0.0027537299552932385 0.00034136876091361048 0.0060871620529464321 -0.0049488926708607921 -0.0015846654593283348 0.00080763473885045163 0.006255999818122724 -0.0011774188267034396 0.0046041944917912282 0.011200797258477127 0.0014409341900446045 -0.0038992746781635413 0.0033599062714104854 0.0064201973689099155 0.00096335101520202853 -0.0018243707868700419 -0.00504675445092075 0.0012894972646395623 -0.0038177528900319134 -0.00028710978414164855 -0.00081069325096905231 -0.008488942307209776 0.0071080585113830032
leaf_weight=4030 23 23 32 51 20 20 39 32 25 35 67 200 21 21 57 24 21 57 24 30 21 27 26 34 191 29 100 47 31 27
leaf_count=4030 23 23 32 51 20 20 39 32 25 35 67 200 21 21 57 24 21 57 24 30 21 27 26 34 191 29 100 47 31 27
internal_value=-3.01397e-12 6.5744e-05 -3.75163e-05 0.0017302 0.00233143 0.00385156 0.000770944 -0.000264818 -0.000518146 0.00166988 -0.00351132 -0.000196073 -0.000478296 0.00191082 0.000770209 0.00587425 0.00768261 0.00320852 0.00179281 0.000133604 0.00361392 -0.000719691 -0.00111706 -0.00056995 -0.000180663 0.000428974 0.00122868 -0.00335282 -0.00544896 0.0040357
internal_weight=5385 4314 4062 252 229 116 113 1071 947 124 92 855 754 101 80 65 45 92 93 54 42 712 529 425 391 183 154 104 57 54
internal_count=5385 4314 4062 252 229 116 113 1071 947 124 92 855 754 101 80 65 45 92 93 54 42 712 529 425 391 183 154 104 57 54
is_linear=0
shrinkage=0.05


Tree=198
num_leaves=31
num_cat=0
split_feature=13 8 12 8 1 9 5 10 3 9 9 9 0 11 3 8 1 11 8 3 12 9 12 5 13 1 11 10 1 10
split_gain=0.0374267 0.189802 0.275988 0.423921 0.2762 0.294772 0.23281 0.229068 0.21606 0.421639 0.402002 0.194216 0.192222 0.192317 0.285717 0.282757 0.180748 0.277167 0.161242 0.164447 0.234613 0.300801 0.211576 0.173198 0.147808 0.57898 0.134496 0.128165 0.103873 0.102171
threshold=1.0044851161395525 -0.35816858589399991 -0.29378089348070785 -0.56664358171429263 -0.1320773313704012 1.3469599166164807 45.929653934491 0.10329285960603056 -0.23863061993885329 0.37259955967946473 0.44102866849692957 0.9923240574260711 -0.09497580736960469 -0.23412467193435146 -0.055139671509256964 0.15906974338321136 0.17387159324932547 -0.8191459595281817 -0.013017081792336708 -0.055139671509256964 -0.64474431581050229 1.0869368023328423 0.25072149014354694 59.52702710674879 0.96776318365609815 0.068248757260591222 -0.55761951583184965 -0.18222383766247843 -0.14006761405902038 -0.10470929211236522
decision_type=2 2 2 2 2 2 2 2 2 2 2 2 2 2 2 2 2 2 2 2 2 2 2 2 2 2 2 2 2 2
left_child=24 2 3 27 -4 7 -7 -6 11 -10 -11 28 -12 16 -15 -16 18 -18 26 22 -21 -22 -20 -23 -1 -26 -14 -2 -3 -17
right_child=1 8 4 -5 5 6 -8 -9 9 10 12 -13 13 14 15 29 17 -19 19 20 21 23 -24 -25 25 -27 -28 -29 -30 -31
leaf_value=2.7695716091511912e-05 -0.00079991495116583759 0.0025798514392226936 -0.0029620178893674169 0.0045580145670101047 0.0014989307011655044 0.0045475795431411826 -0.002569847712638202 0.0079477058560587475 0.0038891439865294253 -0.0078907844649317369 0.0024247325309481697 0.0049898224260167424 -0.0057774576898534892 -0.0034900146684958598 0.0052751531796247676 -0.0027707875055191971 -0.0017210401536431165 -0.008747442848980427 0.00011753387410532344 -0.0046007883513257616 0.0043250305475233944 -0.0037902732228394598 -0.0067410435649039955 0.0021301985604666352 -0.0025897993706166748 0.0091645892837550497 -0.00074244228945601553 -0.0051583109700397874 -0.0020720509067177774 0.0014363304651792974
leaf_weight=4545 31 20 20 24 21 20 27 40 38 24 33 28 36 40 33 27 32 25 22 21 43 30 23 21 22 20 21 37 30 31
leaf_count=4545 31 20 20 24 21 20 27 40 38 24 33 28 36 40 33 27 32 25 22 21 43 30 23 21 22 20 21 37 30 31
internal_value=-2.98156e-12 -0.000316032 0.000933857 -0.00115503 0.00243524 0.00343474 0.000458845 0.00572764 -0.000791768 -0.00117358 -0.00159 0.00165578 -0.00124475 -0.00154375 3.20187e-05 0.00158017 -0.00229712 -0.0048028 -0.00163895 -0.000825453 0.000177267 0.00124471 -0.00338796 -0.00135243 5.498e-05 0.00300753 -0.00392245 -0.0031714 -0.00021129 -0.000522155
internal_weight=5385 798 220 92 128 108 47 61 578 500 462 78 438 405 131 91 274 57 217 160 115 94 45 51 4587 42 57 68 50 58
internal_count=5385 798 220 92 128 108 47 61 578 500 462 78 438 405 131 91 274 57 217 160 115 94 45 51 4587 42 57 68 50 58
is_linear=0
shrinkage=0.05


Tree=199
num_leaves=31
num_cat=0
split_feature=9 6 7 2 2 1 0 7 7 7 0 9 12 8 5 2 1 8 1 11 13 5 5 9 5 12 12 2 7 13
split_gain=0.0351187 0.0483046 0.166603 0.41812 0.158556 0.0972682 0.0677361 0.196717 0.0912658 0.353347 0.389361 0.363155 0.183444 0.194754 0.261696 0.22631 0.17643 0.1552 0.145125 0.241554 0.143919 0.150321 0.256568 0.350618 0.336146 0.251017 0.737494 0.245617 0.256985 0.236104
threshold=3.1941319933717818 0.056003656228331554 0.32065306497681501 -0.066264303324058013 -0.010068044987456224 -0.34752118840955692 0.25625928207082044 0.30760542629446253 0.17972346125189245 0.16391334848627634 0.16350174606030246 0.49194045558679445 0.71100182592985017 0.6311582976786988 40.72458966446252 0.089990125878553942 0.052109635752334189 -0.4724389175037168 0.19659561193232769 0.24794276775377744 2.3088823155774212 35.29142757815476 48.779959314927304 1.4768721212889846 55.80932761081263 -0.8617923095889527 -1.3791515788512121 -0.10340224046164652 0.22781928468550264 -0.052314126858945688
decision_type=2 2 2 2 2 2 2 2 2 2 2 2 2 2 2 2 2 2 2 2 2 2 2 2 2 2 2 2 2 2
left_child=1 5 4 -4 -3 -1 8 -8 9 10 -7 -11 20 14 -14 -15 17 -13 19 -18 21 27 23 -23 -24 26 -26 -10 -29 -27
right_child=-2 2 3 -5 -6 6 7 -9 12 11 -12 16 13 15 -16 -17 18 -19 -20 -21 -22 22 24 -25 25 29 -28 28 -30 -31
leaf_value=-0.003064857063089641 -0.0020407099204714455 8.8704696099739533e-05 0.0040646804319251148 -0.0053422842329988876 0.0049582599449370587 -7.8056181505273064e-05 -0.0025727096549235285 0.0033478763474627062 -0.00092730867365996045 -0.0040291910970826515 0.0055471309881296857 0.0067316567076756793 -0.0034600313535243601 -0.0088028163579292589 0.0019029194044156207 -0.0017854520861335375 -0.0028341751939688739 0.0026994101140104857 0.0034076999374000093 0.0034618196990340946 0.0037213693808830018 -0.0006615560020041553 0.0026884111345455214 -0.005507060297116239 0.0013147909251018995 -0.0013990873371607024 -0.0085668742354027931 0.00097837746369704203 0.007744425913804899 0.0016304882738279317
leaf_weight=26 21 32 21 27 35 4011 20 47 60 23 31 35 46 20 45 27 39 75 42 25 23 112 93 56 41 136 35 36 23 122
leaf_count=26 21 32 21 27 35 4011 20 47 60 23 31 35 46 20 45 27 39 75 42 25 23 112 93 56 41 136 35 36 23 122
internal_value=9.98495e-12 7.98937e-06 0.00102169 -0.00122674 0.0026325 -1.42197e-05 9.663e-07 0.00158054 -1.95595e-05 7.55445e-05 -3.4914e-05 0.00194363 -0.000484863 -0.00215792 -0.000808023 -0.00477156 0.00257963 0.0039824 0.00112393 -0.000374802 -0.00017159 -0.000296993 -0.000621442 -0.00227672 2.98168e-05 -0.000710451 -0.00323598 0.00132525 0.00361599 3.35027e-05
internal_weight=5385 5364 115 48 67 5249 5223 67 5156 4281 4042 239 875 138 91 47 216 110 106 64 737 714 595 168 427 334 76 119 59 258
internal_count=5385 5364 115 48 67 5249 5223 67 5156 4281 4042 239 875 138 91 47 216 110 106 64 737 714 595 168 427 334 76 119 59 258
is_linear=0
shrinkage=0.05


end of trees

feature_importances:
beta_mkt=493
beta_rmw=478
return_3m=459
beta_cma=439
macd_hist=432
rsi=397
return_1m=388
atr_norm=384
beta_hml=381
bb_width=378
beta_smb=378
return_6m=373
gk_vol=362
return_12m=335
mom_vol_scaled=323

parameters:
[boosting: gbdt]
[objective: regression]
[metric: l2]
[tree_learner: serial]
[device_type: cpu]
[data_sample_strategy: bagging]
[data: ]
[valid: ]
[num_iterations: 200]
[learning_rate: 0.05]
[num_leaves: 31]
[num_threads: 2]
[seed: 0]
[deterministic: 0]
[force_col_wise: 0]
[force_row_wise: 0]
[histogram_pool_size: -1]
[max_depth: -1]
[min_data_in_leaf: 20]
[min_sum_hessian_in_leaf: 0.001]
[bagging_fraction: 0.8]
[pos_bagging_fraction: 1]
[neg_bagging_fraction: 1]
[bagging_freq: 0]
[bagging_seed: 7719]
[bagging_by_query: 0]
[feature_fraction: 0.8]
[feature_fraction_bynode: 1]
[feature_fraction_seed: 2437]
[extra_trees: 0]
[extra_seed: 11797]
[early_stopping_round: 0]
[early_stopping_min_delta: 0]
[first_metric_only: 0]
[max_delta_step: 0]
[lambda_l1: 0]
[lambda_l2: 0]
[linear_lambda: 0]
[min_gain_to_split: 0]
[drop_rate: 0.1]
[max_drop: 50]
[skip_drop: 0.5]
[xgboost_dart_mode: 0]
[uniform_drop: 0]
[drop_seed: 21238]
[top_rate: 0.2]
[other_rate: 0.1]
[min_data_per_group: 100]
[max_cat_threshold: 32]
[cat_l2: 10]
[cat_smooth: 10]
[max_cat_to_onehot: 4]
[top_k: 20]
[monotone_constraints: ]
[monotone_constraints_method: basic]
[monotone_penalty: 0]
[feature_contri: ]
[forcedsplits_filename: ]
[refit_decay_rate: 0.9]
[cegb_tradeoff: 1]
[cegb_penalty_split: 0]
[cegb_penalty_feature_lazy: ]
[cegb_penalty_feature_coupled: ]
[path_smooth: 0]
[interaction_constraints: ]
[verbosity: -1]
[saved_feature_importance_type: 0]
[use_quantized_grad: 0]
[num_grad_quant_bins: 4]
[quant_train_renew_leaf: 0]
[stochastic_rounding: 1]
[linear_tree: 0]
[max_bin: 255]
[max_bin_by_feature: ]
[min_data_in_bin: 3]
[bin_construct_sample_cnt: 200000]
[data_random_seed: 38]
[is_enable_sparse: 1]
[enable_bundle: 1]
[use_missing: 1]
[zero_as_missing: 0]
[feature_pre_filter: 1]
[pre_partition: 0]
[two_round: 0]
[header: 0]
[label_column: ]
[weight_column: ]
[group_column: ]
[ignore_column: ]
[categorical_feature: ]
[forcedbins_filename: ]
[precise_float_parser: 0]
[parser_config_file: ]
[objective_seed: 8855]
[num_class: 1]
[is_unbalance: 0]
[scale_pos_weight: 1]
[sigmoid: 1]
[boost_from_average: 1]
[reg_sqrt: 0]
[alpha: 0.9]
[fair_c: 1]
[poisson_max_delta_step: 0.7]
[tweedie_variance_power: 1.5]
[lambdarank_truncation_level: 30]
[lambdarank_norm: 1]
[label_gain: ]
[lambdarank_position_bias_regularization: 0]
[eval_at: ]
[multi_error_top_k: 1]
[auc_mu_weights: ]
[num_machines: 1]
[local_listen_port: 12400]
[time_out: 120]
[machine_list_filename: ]
[machines: ]
[gpu_platform_id: -1]
[gpu_device_id: -1]
[gpu_device_id_list: ]
[gpu_use_dp: 0]
[num_gpu: 1]

end of parameters

pandas_categorical:[]
