tree
version=v4
num_class=1
num_tree_per_iteration=1
label_index=0
max_feature_idx=14
objective=regression
feature_names=return_1m return_3m return_6m return_12m gk_vol rsi atr_norm bb_width macd_hist beta_mkt beta_smb beta_hml beta_rmw beta_cma mom_vol_scaled
feature_infos=[-0.39405384419323786:0.8775622219761785] [-0.51152454634288158:2.0089763451529201] [-0.60000001971419736:2.5595929307783547] [-0.74078175299330717:9.3040887892940951] [0.078632923471941132:1.1316799918662825] [12.404652484489347:91.241288852266578] [0.0092872235983986941:0.1362759684892407] [0.017073312084962818:1.8099551555183759] [-50.970636369462483:30.659754722103969] [-1.5386710568010571:4.7968854059555373] [-4.1800601352525:3.7214017804637471] [-4.1149717257964573:4.2852197515623676] [-7.1738205261112951:4.1843908247382267] [-4.6551056409486886:5.4883842776941769] [-2.75049990006571:26.96012884733311]
tree_sizes=2727 2914 2905 2919 2910 2918 2926 2922 2902 2892 2912 2924 2907 2922 2916 2920 2921 2915 2923 2916 2934 2897 2907 2896 2930 2889 2930 2908 2892 2892 2910 2922 2886 2866 2891 2904 2894 2912 2877 2913 2866 2925 2883 2897 2898 2921 2871 2889 2889 2892 2890 2892 2881 2913 2902 2909 2872 2912 2898 2912 2909 2849 2899 2892 2891 2917 2897 2875 2904 2900 2881 2880 2873 2892 2884 2889 2913 2914 2893 2902 2894 2907 2904 2889 2902 2885 2873 2917 2895 2903 2913 2902 2910 2878 2912 2903 2893 2876 2902 2899 2899 2881 2906 2906 2864 2909 2905 2897 2871 2868 2917 2877 2892 2896 2876 2895 2899 2872 2876 2921 2884 2908 2910 2922 2888 2888 2911 2869 2897 2906 2916 2878 2918 2893 2872 2900 2895 2898 2925 2868 2900 2894 2895 2891 2887 2907 2904 2918 2882 2879 2903 2922 2905 2889 2900 2900 2889 2915 2908 2879 2894 2916 2902 2921 2913 2895 2885 2886 2888 2910 2911 2902 2926 2905 2903 2875 2903 2885 2872 2887 2894 2909 2900 2896 2910 2912 2902 2891 2877 2918 2894 2896 2880 2889 2884 2873 2903 2889 2892 2877

Tree=0
num_leaves=31
num_cat=0
split_feature=3 1 8 4 3 13 12 3 9 2 13 10 4 7 4 8 1 5 13 12 13 4 9 6 7 2 4 10 7 10
split_gain=1.55671 1.39049 1.8675 1.82889 1.22071 1.19631 1.04152 0.99287 1.13242 0.948577 0.916647 1.03504 0.869302 0.973727 0.843193 0.771413 1.10566 0.79224 0.810977 0.764758 0.760028 0.754118 0.672505 0.747624 0.644093 0.80611 0.766368 0.59963 0.593813 0.623066
threshold=0.76070361482531845 -0.12459763578516279 -1.4102557168268774 0.52408431169434022 -0.19477654344777703 -1.0323279714927993 -0.2587378065945059 0.022599066352826717 0.30431894057778391 -0.21349088710993017 -1.0551728940719125 -0.49441870912137426 0.63357828869692001 0.13613839265144001 0.41748916817786197 0.19162011693157857 0.34611718571419209 65.227563554157484 0.99263745370879364 -0.028794967010230401 2.2171778699806879 0.28165723378317675 0.90318432618625411 0.02356345640227319 0.11816580199094213 -0.16846894618505756 0.4125272190412837 0.12065270934158775 0.19712598210088061 -0.60706591376043928
decision_type=2 2 2 2 2 2 2 2 2 2 2 2 2 2 2 2 2 2 2 2 2 2 2 2 2 2 2 2 2 2
left_child=1 3 14 4 6 9 21 8 -7 -4 -2 12 13 -12 22 17 -17 18 -13 -5 28 -1 -3 -24 -9 -26 -27 -23 29 -10
right_child=10 2 5 19 -6 7 -8 24 20 -11 11 15 -14 -15 -16 16 -18 -19 -20 -21 -22 27 23 -25 25 26 -28 -29 -30 -31
leaf_value=0.48861083428844976 0.50136668817050922 0.49783710777349222 0.51623109613305218 0.51855389236312088 0.50604242847305736 0.49590615828548157 0.50399125371027742 0.50277000741164701 0.49854065449995666 0.50526338892110378 0.50341262432284817 0.50286682752700551 0.50312270772561052 0.51577891201459369 0.49096080853679314 0.50587169352512684 0.49341653906145433 0.51683342931097542 0.51239682834754552 0.50623208709181455 0.49432739649888174 0.4944170210963697 0.50521772743778337 0.4996302197819496 0.51413404736294799 0.50467530948999795 0.49942245569266902 0.5041393098774356 0.50586539452343338 0.50241232094044985
leaf_weight=20 75 172 21 34 421 82 156 1542 122 322 20 69 27 78 26 49 28 20 33 20 31 29 101 147 21 804 76 35 103 701
leaf_count=20 75 172 21 34 421 82 156 1542 122 322 20 69 27 78 26 49 28 20 33 20 31 29 101 147 21 804 76 35 103 701
internal_value=0.503343 0.503102 0.50276 0.505143 0.50442 0.503118 0.501574 0.50284 0.501545 0.505935 0.506348 0.507501 0.511067 0.513255 0.499699 0.505261 0.501343 0.507734 0.50595 0.51399 0.502029 0.497086 0.50024 0.501906 0.503391 0.504453 0.504222 0.499734 0.502286 0.501838
internal_weight=5385 4986 4271 715 661 3825 240 3482 1039 343 399 324 125 98 446 199 77 122 102 54 957 84 420 248 2443 901 880 64 926 823
internal_count=5385 4986 4271 715 661 3825 240 3482 1039 343 399 324 125 98 446 199 77 122 102 54 957 84 420 248 2443 901 880 64 926 823
is_linear=0
shrinkage=1


Tree=1
num_leaves=31
num_cat=0
split_feature=14 0 3 2 4 9 0 5 10 5 5 0 13 11 10 12 13 14 6 6 0 3 10 4 3 3 5 6 12 9
split_gain=1.78027 0.94214 1.18996 1.0283 1.42653 0.858763 1.08651 0.794393 0.825298 0.729696 0.914398 1.13368 0.717782 0.651805 0.609535 1.31806 0.596662 0.594398 0.784138 1.00151 0.825382 0.748143 0.636877 0.627875 0.606705 0.588445 0.854247 0.563489 1.04678 0.733333
threshold=2.3809424616879169 0.042440499213466383 0.6409038246875004 0.17848992629504981 0.52408431169434022 1.5266570939884356 0.21687560147926091 52.542424793342782 0.65243746096883248 74.439000250479324 59.975215178913977 0.090036212904487281 -2.3413366840074663 -1.0715191371163384 0.56072220791416616 -0.66055088602344114 0.60427306823042548 1.7596892552228789 0.036883185198409767 0.0337274512274486 0.0024083073174312468 0.30884993322033222 0.5158767932226368 0.33938231940019692 0.56069864587461204 1.8813982191837129 41.164569877529949 0.024701694442291408 -0.49790672424525956 0.30431894057778391
decision_type=2 2 2 2 2 2 2 2 2 2 2 2 2 2 2 2 2 2 2 2 2 2 2 2 2 2 2 2 2 2
left_child=1 3 5 4 12 14 7 -7 -9 10 11 25 -1 -12 -3 -16 -4 18 19 20 -5 -20 23 -19 -23 26 -2 28 -14 -30
right_child=9 2 16 17 -6 6 -8 8 -10 -11 13 -13 27 -15 15 -17 -18 22 21 -21 -22 24 -24 -25 -26 -27 -28 -29 29 -31
leaf_value=0.0071770887308079626 0.0088968115452853214 0.00093361344877660845 -0.010170005514236117 -0.0058715285417357726 0.0066410050843842333 0.010621557742930375 0.01301804242788681 -0.00051997784986505629 0.0081959255929926738 0.0074015920966981896 -0.0090077531430870304 0.010842926708153552 -0.0051229127037264073 0.00033323042072415198 -0.013636629774489187 -0.00066388541835182336 0.00054903356591239582 -0.00037025494179293415 -0.0015721218553013526 0.0077196753273407626 -0.0001734213317034855 -0.017135345494305645 -0.0074745860810463251 0.0092474113218486316 -0.0062094689812511213 0.0089794025290757425 0.00080969189926010396 6.6878258214620441e-05 -0.0052453202448992271 -0.0005506361706600311
leaf_weight=29 37 997 37 161 69 26 28 135 34 63 20 45 168 282 22 178 20 112 26 21 105 27 26 20 24 31 278 1176 90 1098
leaf_count=29 37 997 37 161 69 26 28 135 34 63 20 45 168 282 22 178 20 112 26 21 105 27 26 20 24 31 278 1176 90 1098
internal_value=2.83791e-11 -0.000367398 0.000674648 -0.000855692 -0.000453351 0.00095899 0.00380776 0.00248526 0.00123352 0.00224958 0.00178122 0.00337742 -0.000644491 -0.000285378 0.000428267 -0.00209089 -0.00640894 -0.00288281 -0.00399442 -0.00279238 -0.00362228 -0.00847476 -0.000321896 0.00108697 -0.0119938 0.00240647 0.00175961 -0.000734075 -0.00142871 -0.000906294
internal_weight=5385 4629 1477 3152 2630 1420 223 195 169 756 693 391 2561 302 1197 200 57 522 364 287 266 77 158 132 51 346 315 2532 1356 1188
internal_count=5385 4629 1477 3152 2630 1420 223 195 169 756 693 391 2561 302 1197 200 57 522 364 287 266 77 158 132 51 346 315 2532 1356 1188
is_linear=0
shrinkage=0.05


Tree=2
num_leaves=31
num_cat=0
split_feature=7 0 1 2 12 7 4 13 0 0 10 12 9 11 8 2 8 8 13 12 1 0 13 10 9 12 10 11 10 11
split_gain=1.21089 1.07192 1.43075 0.932154 0.916918 0.899222 0.864458 0.859548 0.795167 0.775106 0.763008 1.09163 0.877011 0.804412 0.80078 0.74282 0.708814 0.625456 0.652252 0.786037 0.596745 1.31848 1.19628 0.847997 0.841061 0.714745 0.647456 0.655004 0.845605 0.609062
threshold=0.091435549506555566 0.0097498812000743635 -0.12459763578516279 -0.2193370416148703 -2.3484523236027308 0.094123805504632022 0.50953043087666716 0.26936786945473751 0.099417504061913978 -0.070165145986764363 -0.74745563857780584 -0.33310398374843936 0.24518530158039004 0.19456720315057294 -0.069822275177395685 0.063743640528903259 0.98967603142997185 -1.0315888817135621 -0.76745645812155405 0.70855610573560157 0.10511749670267602 0.15119012944286839 1.694938754475189 0.96258946108037313 1.3377119930735868 0.033207025156781152 -1.0015922328572042 0.053749799248347115 0.48053976366617907 -1.0289731930092993
decision_type=2 2 2 2 2 2 2 2 2 2 2 2 2 2 2 2 2 2 2 2 2 2 2 2 2 2 2 2 2 2
left_child=8 2 6 7 9 -6 15 -4 10 -5 11 14 -12 -14 -1 -2 -8 -7 19 -19 21 -3 23 25 -25 29 -27 28 -28 -22
right_child=1 20 3 4 5 17 16 -9 -10 -11 12 -13 13 -15 -16 -17 -18 18 -20 -21 22 -23 -24 24 -26 26 27 -29 -30 -31
leaf_value=-0.0031430543113105079 0.00050745418737270368 0.001648693495809898 0.0094125170134813415 -0.0012414726079441607 0.0046150466080336853 -0.003996468682320794 0.0028921642207673619 -0.0028962863133410398 0.0084253535267304301 0.012678887918591501 -0.0055349047652670895 -0.00080215713974358819 -0.0016433905803760831 0.00063869468886686999 -0.012284150112420322 0.0073225473805161373 0.015044104487502151 0.004406277435629752 -0.0020881904592203854 -0.0066359326615929616 -0.004752712223965388 0.007867422098449121 -0.0057587376029446862 -0.008615852537196737 0.0025193910214251708 -0.0087711081416013519 0.005407195710385046 -0.001524017971703998 -0.0037563628982752563 0.00311056543569349
leaf_weight=46 438 760 37 20 49 357 28 23 22 20 91 124 760 785 50 44 21 83 527 20 26 96 70 43 28 21 97 199 34 466
leaf_count=46 438 760 37 20 49 357 28 23 22 20 91 124 760 785 50 44 21 83 527 20 26 96 70 43 28 21 97 199 34 466
internal_value=1.50428e-11 0.000548667 -0.000369715 -0.0013712 -0.00170941 -0.00199621 0.00177281 0.00469414 -0.00102459 0.00571871 -0.0011366 -0.00390116 -0.00076484 -0.000483884 -0.00790404 0.00112958 0.00810014 -0.00232443 -0.00137694 0.00226216 0.0013807 0.00234612 0.000540865 0.00102333 -0.00422449 0.00146532 -0.000258379 0.00028334 0.00302887 0.00269503
internal_weight=5385 3507 1667 1136 1076 1036 531 60 1878 40 1856 220 1636 1545 96 482 49 987 630 103 1840 856 984 914 71 843 351 330 131 492
internal_count=5385 3507 1667 1136 1076 1036 531 60 1878 40 1856 220 1636 1545 96 482 49 987 630 103 1840 856 984 914 71 843 351 330 131 492
is_linear=0
shrinkage=0.05


Tree=3
num_leaves=31
num_cat=0
split_feature=14 8 6 1 12 14 2 7 6 6 11 10 8 6 4 12 4 1 4 11 5 5 11 5 8 10 5 4 1 14
split_gain=1.58116 1.29354 1.39347 1.2463 0.772806 1.64618 1.26843 0.8226 0.814431 1.19584 0.781277 1.19655 0.829754 0.804381 0.721833 0.706936 1.0795 0.887901 0.663697 0.661907 0.72127 0.657559 0.627817 0.623336 1.10244 0.788051 0.753431 0.591565 0.850521 0.584673
threshold=2.3809424616879169 -1.2781824219682205 0.055912505732324848 -0.12459763578516279 -0.49790672424525956 -0.6841154537868428 -0.16846894618505756 0.34285895767760938 0.032108018741126537 0.036702479611648804 0.030165395232524161 -0.56666087775395957 -0.045279849058000247 0.028787949148721469 0.41748916817786197 0.021739741214714312 0.20328841509250428 0.30099527836648415 0.14239037985421885 -1.5673673732027675 71.387904421369981 61.950726695421586 -0.98203879851444198 74.439000250479324 0.39777990668901969 -1.0921187109181512 59.655014897809117 0.37465186544712598 -0.15409085169760825 -1.1465150464825666
decision_type=2 2 2 2 2 2 2 2 2 2 2 2 2 2 2 2 2 2 2 2 2 2 2 2 2 2 2 2 2 2
left_child=1 3 4 -1 5 -3 -7 15 10 -10 13 12 -12 -8 22 16 -6 19 -2 -18 -21 -13 -5 24 -20 -26 -27 29 -29 -17
right_child=18 2 -4 14 7 6 8 -9 9 -11 11 21 -14 -15 -16 27 17 -19 23 20 -22 -23 -24 -25 25 26 -28 28 -30 -31
leaf_value=0.0026080649923389183 -0.0028805394160759746 -0.0070668161225815613 0.0066312041442067211 0.0035126730772283149 -0.0010742288804339026 0.0059976161556374854 -0.0032732897642545585 0.0075264147237344581 0.0064892229624092584 -0.0014403449063459797 0.00013659935005219472 -8.201110425630007e-05 -0.0073804850928071474 -0.011681576075686796 -0.0099504628036988958 -0.0037108445512583584 -0.0059184389282017948 -0.0066232292354106914 0.0033179048584782997 0.0029208227490016728 0.011309027661465937 0.0066177036198644852 -0.0035611093269557227 0.007430314338222767 0.0069010665950675803 0.0029707362539528942 -0.0052343165207974088 0.0040844522484187636 -0.0051676214241422715 7.1353077836329063e-05
leaf_weight=97 61 114 77 34 308 66 123 38 74 133 62 145 90 37 41 108 20 25 473 504 27 49 405 60 24 39 99 31 125 1896
leaf_count=97 61 114 77 34 308 66 123 38 74 133 62 145 90 37 41 108 20 25 473 504 27 49 405 60 24 39 99 31 125 1896
internal_value=-2.42282e-12 -0.000346244 -3.08383e-05 -0.00256119 -0.000159889 -0.00145506 -0.000633828 0.000215383 -0.00124768 0.00139438 -0.00232852 -0.000992482 -0.00431431 -0.00521771 -0.00360581 0.000124115 0.00131519 0.00259286 0.00212006 0.00301102 0.00334734 0.00161018 -0.00301325 0.00255896 0.00209867 -0.00146119 -0.0029155 -0.000363343 -0.00332907 -0.000132478
internal_weight=5385 4629 4052 577 3975 893 779 3082 713 207 506 346 152 160 480 3044 884 576 756 551 531 194 439 695 635 162 138 2160 156 2004
internal_count=5385 4629 4052 577 3975 893 779 3082 713 207 506 346 152 160 480 3044 884 576 756 551 531 194 439 695 635 162 138 2160 156 2004
is_linear=0
shrinkage=0.05


Tree=4
num_leaves=31
num_cat=0
split_feature=14 8 6 0 12 7 14 0 8 12 4 4 6 13 4 8 9 5 6 5 6 3 8 10 4 9 3 0 9 5
split_gain=1.42699 1.17523 1.57143 0.842701 0.794182 1.07154 0.848158 0.783834 0.777943 0.718874 0.699071 0.638113 0.942719 0.666886 0.598987 0.571703 1.10278 0.752464 0.740564 0.709437 0.744144 0.52234 0.828527 0.750777 0.73162 0.726403 0.708058 0.58526 0.515188 0.651436
threshold=2.3809424616879169 0.68388728426696765 0.047805337595346532 0.21687560147926091 0.78461608294446894 0.19554506409214187 -0.7647886144582644 -0.027457880673886045 -3.901674374046026 -0.0067148183010640175 0.2138621937071534 0.20455940954875232 0.018950867087566135 0.4347872696115887 0.14239037985421885 0.13840003228017997 2.0933974535521833 74.439000250479324 0.016550124604309564 64.706608040993927 0.029025896066861286 -0.064963620601373381 -0.031150591048932443 -0.1134571260348904 0.28861231880895649 0.9681445991349874 -0.13009263413149549 -0.12922439762308166 0.65724642303192993 35.280385114575409
decision_type=2 2 2 2 2 2 2 2 2 2 2 2 2 2 2 2 2 2 2 2 2 2 2 2 2 2 2 2 2 2
left_child=1 3 4 8 6 7 9 -6 -1 -3 -9 12 -10 28 -2 -16 17 18 -17 -20 -21 22 23 -15 25 -25 -24 -23 29 -13
right_child=14 2 -4 -5 5 -7 -8 10 11 -11 -12 13 -14 21 15 16 -18 -19 19 20 -22 27 26 24 -26 -27 -28 -29 -30 -31
leaf_value=-0.0047305448914923501 -0.002736512479395224 -0.01118357250961708 0.0089724611031506054 0.0066624098114277195 -0.0095284807362726754 -0.011858934715676768 0.0017770572227668237 0.0076579640651571346 -0.00062439450956319233 0.00060913295040206452 -0.0014667536830529572 0.0094449988380074512 -0.0035132570384857468 -0.00081415124760385142 0.00360541491425885 0.0072775524020904595 0.010283432928500353 0.0055108941294666793 0.00033006077475087312 -0.0033900944401334594 -0.014343618862330916 -0.0067436133257367404 0.0016377112667622239 -0.0094954404217953044 -0.013044669062253975 0.0014538912834333522 -0.0063891531796091139 0.0001434179160951432 4.0345422967220663e-05 0.0016073148666213167
leaf_weight=123 61 24 61 38 21 26 725 29 862 28 76 30 420 57 416 21 27 45 97 69 20 33 116 33 42 28 36 473 1120 228
leaf_count=123 61 24 61 38 21 26 725 29 862 28 76 30 420 57 416 21 27 45 97 69 20 33 116 33 42 28 36 473 1120 228
internal_value=5.49808e-12 -0.000328931 0.0011985 -0.000744473 0.000688045 -0.00261725 0.00133464 -0.000710241 -0.000822635 -0.00483365 0.00105341 -0.000684431 -0.00157082 -0.000166966 0.00201405 0.00243101 0.000679923 -0.000349024 -0.00162292 -0.00262781 -0.00585156 -0.00129787 -0.00290692 -0.00541827 -0.00796618 -0.00446952 -0.000263388 -0.000305736 0.000504357 0.00251867
internal_weight=5385 4629 990 3639 929 152 777 126 3601 52 105 3478 1282 2196 756 695 279 252 207 186 89 818 312 160 103 61 152 506 1378 258
internal_count=5385 4629 990 3639 929 152 777 126 3601 52 105 3478 1282 2196 756 695 279 252 207 186 89 818 312 160 103 61 152 506 1378 258
is_linear=0
shrinkage=0.05


Tree=5
num_leaves=31
num_cat=0
split_feature=14 1 14 0 4 2 0 12 13 2 12 14 13 3 3 6 14 13 1 14 6 12 3 2 14 2 4 12 2 6
split_gain=1.28786 1.21654 1.45179 1.38284 1.20791 1.08282 0.906822 0.962983 0.733286 0.698804 0.865425 0.698897 0.726659 0.69179 0.68326 0.857047 0.916307 0.70392 0.903721 0.833254 0.701204 0.674403 1.12422 0.640456 0.910934 0.639978 0.702496 0.623492 0.617195 0.669055
threshold=2.3809424616879169 -0.12459763578516279 -0.60835376765371429 0.0097498812000743635 0.52408431169434022 -0.2193370416148703 -0.16142014680195613 -2.3484523236027308 0.26936786945473751 0.17848992629504981 -1.3427867011817669 1.7871987815626675 -1.1003153576989977 0.6409038246875004 -0.40093514547353815 0.025928130678287736 -0.44217550403596978 0.4347872696115887 0.38838436184147668 1.3327158916131125 0.033498868624885096 -0.57980296120996477 -0.38079245834280068 -0.15320798628253543 -0.89874430157462881 -0.12649403305066612 0.33710477158940849 0.033207025156781152 0.042769826258563411 0.026210051257460405
decision_type=2 2 2 2 2 2 2 2 2 2 2 2 2 2 2 2 2 2 2 2 2 2 2 2 2 2 2 2 2 2
left_child=1 2 21 5 -4 8 -7 -8 -3 -9 -11 12 -12 14 -5 16 27 19 20 25 -19 22 -1 24 -23 -17 -27 -16 -2 -30
right_child=28 3 4 13 -6 6 7 9 -10 10 11 -13 -14 -15 15 17 -18 18 -20 -21 -22 23 -24 -25 -26 26 -28 -29 29 -31
leaf_value=0.003352926210905223 -0.0065385509060607071 0.0087557286217172705 0.0025848763336133993 -0.007351666033667114 0.012028581228711316 -0.010808543398577189 0.0080040992498397832 -0.0013889341157299119 -0.002108943620696664 -0.012034071786329151 0.0028590933835533051 0.00062456693373281851 -0.005771788425168279 -0.0046887552041722383 0.001644073414023627 0.0072631823017515924 0.00023827937295359516 -0.0012951795023963637 -0.009797642701728778 0.0086978520702330336 0.0051162596175876951 0.00088017696359505258 -0.010287994367536158 0.0051618224142917571 -0.0076015143048797935 0.0034646989037402168 -0.001810360695499013 -0.0063669802078789948 0.0010287666511985818 0.0041757580403103747
leaf_weight=23 21 41 399 28 37 28 25 1401 25 30 28 88 189 69 33 55 1247 124 22 62 65 120 44 49 43 156 106 92 472 263
leaf_count=23 21 41 399 28 37 28 25 1401 25 30 28 88 189 69 33 55 1247 124 22 62 65 120 44 49 43 156 106 92 472 263
internal_value=-5.5529e-12 -0.000312485 0.00158399 -0.000658929 0.00338629 -0.00164908 -0.00188111 -0.00173916 0.00464032 -0.00187948 -0.00393097 -0.00313394 -0.00465813 0.000233122 0.00040378 0.00051446 -0.000170826 0.00210804 -0.000206604 0.00339667 0.000909813 -0.00123251 -0.00560529 0.00014946 -0.00135732 0.00235984 0.00133051 -0.00425206 0.00191335 0.00215483
internal_weight=5385 4629 715 3914 436 1855 1789 1761 66 1736 335 305 217 2059 1990 1962 1372 590 211 379 189 279 67 212 163 317 262 125 756 735
internal_count=5385 4629 715 3914 436 1855 1789 1761 66 1736 335 305 217 2059 1990 1962 1372 590 211 379 189 279 67 212 163 317 262 125 756 735
is_linear=0
shrinkage=0.05


Tree=6
num_leaves=31
num_cat=0
split_feature=14 1 8 14 4 2 14 9 2 13 12 6 13 8 12 3 12 5 2 14 9 4 7 4 8 12 1 13 3 2
split_gain=1.1623 1.09793 1.64356 1.31024 1.09013 0.746349 0.749045 1.02109 0.690108 0.675342 0.700777 0.682577 0.641833 0.780223 0.608649 1.01461 0.592773 0.698122 0.578012 0.822118 0.570467 1.36005 0.613345 0.653152 0.61638 0.583844 0.567936 0.56081 0.798748 0.557019
threshold=2.3809424616879169 -0.12459763578516279 -2.1712043008447828 -0.60835376765371429 0.52408431169434022 -0.33057499742558577 0.15433340110682989 0.27071004295275009 -0.18634518040348733 -1.0798081511334909 -0.72412550386694241 0.024888356458986263 0.58189339119777361 1.2688260454119116 -0.57980296120996477 -0.38079245834280068 -0.17866907502621654 59.258129126927933 -0.15320798628253543 -0.89874430157462881 1.9282089998785441 0.4125272190412837 0.091435549506555566 0.32056341452961051 0.88064497559208632 0.16365694469519923 -0.16884042114208833 0.85585343566757743 -0.031620150352863689 0.042769826258563411
decision_type=2 2 2 2 2 2 2 2 2 2 2 2 2 2 2 2 2 2 2 2 2 2 2 2 2 2 2 2 2 2
left_child=1 3 -3 14 -5 -4 7 -7 -8 16 11 -11 -12 27 15 -1 -9 -18 19 26 22 -22 23 24 -10 -26 -16 -14 -29 -2
right_child=29 2 5 4 -6 6 8 9 20 10 12 -13 13 -15 18 -17 17 -19 -20 -21 21 -23 -24 -25 25 -27 -28 28 -30 -31
leaf_value=0.0031852796583299765 -0.0062116235982449287 -0.0046799786683132359 0.0086117095880858287 0.0024556325395268573 0.011427152197732516 -0.0067713488367419821 0.0087141507047066562 0.0063892899548928092 -0.0009968861604526002 -0.010099966141084831 0.00013079132260466317 -0.0024202229755540053 -0.0061668976210591756 0.0057758516873806145 0.0031327969349741222 -0.0097735946617004549 0.0026515068234875799 -0.0082120052849253018 0.004903731323132406 -0.0072214387043184327 -4.8413889534357522e-05 -0.01303523648530245 0.00088611199130824564 -0.0097151812631636868 -0.00037891276356555071 0.0076548018891896526 -0.0043157289056359113 -0.0035182001153639697 0.0032620199189264455 0.0020470913408391837
leaf_weight=23 21 235 23 399 37 83 23 54 866 42 549 93 109 26 83 44 50 21 49 43 72 28 1298 20 49 42 37 173 58 735
leaf_count=23 21 235 23 399 37 83 23 54 866 42 549 93 109 26 83 44 50 21 49 43 72 28 1298 20 49 42 37 173 58 735
internal_value=3.52262e-12 -0.000296861 -0.000625982 0.00150479 0.00321698 -0.000367029 -0.000423514 -0.00141162 9.48517e-05 -0.00103302 -0.00144662 -0.00480948 -0.000950455 -0.00257233 -0.00117088 -0.00532503 0.00244116 -0.000561645 0.000141987 -0.00128946 1.13806e-05 -0.00368472 0.000173847 -0.000772438 -0.000585547 0.00332896 0.000836168 -0.00321072 -0.00181581 0.00181768
internal_weight=5385 4629 3914 715 436 3679 3656 1258 2398 1175 1050 135 915 366 279 67 125 71 212 163 2375 100 2275 977 957 91 120 340 231 756
internal_count=5385 4629 3914 715 436 3679 3656 1258 2398 1175 1050 135 915 366 279 67 125 71 212 163 2375 100 2275 977 957 91 120 340 231 756
is_linear=0
shrinkage=0.05


Tree=7
num_leaves=31
num_cat=0
split_feature=14 8 6 1 0 12 12 14 2 7 6 6 11 10 8 6 0 12 4 1 1 13 4 1 7 11 4 8 14 6
split_gain=1.04897 1.00701 1.09873 0.997382 0.685952 0.788217 0.667401 1.26848 1.0595 0.725858 0.698159 1.07388 0.698414 1.06958 0.75923 0.737714 0.66801 0.597281 0.894239 0.78161 0.662232 0.630136 0.545802 0.716762 0.544656 0.758198 0.526614 0.527473 0.819793 0.54897
threshold=2.3809424616879169 -1.2781824219682205 0.055912505732324848 -0.12459763578516279 0.018152165119326717 -0.17866907502621654 -0.49790672424525956 -0.6841154537868428 -0.16846894618505756 0.34285895767760938 0.032108018741126537 0.036702479611648804 0.030165395232524161 -0.56666087775395957 -0.045279849058000247 0.028787949148721469 0.09688433269240361 0.021739741214714312 0.20328841509250428 0.30099527836648415 -0.18896501241866323 1.9182341251696702 0.37792130515399058 -0.13869497587217786 0.35831491800213761 -0.16367318561479535 0.14239037985421885 0.13840003228017997 5.2825416916908532 0.016636184032581523
decision_type=2 2 2 2 2 2 2 2 2 2 2 2 2 2 2 2 2 2 2 2 2 2 2 2 2 2 2 2 2 2
left_child=1 3 6 -1 -5 -6 7 -3 -9 17 12 -12 15 14 -14 -10 -16 18 -8 20 -20 22 -19 -24 25 -4 -2 -28 29 -29
right_child=26 2 24 4 5 -7 9 8 10 -11 11 -13 13 -15 16 -17 -18 21 19 -21 -22 -23 23 -25 -26 -27 27 28 -30 -31
leaf_value=0.0023879992755216346 -0.0027275354729308825 -0.0062480192821423863 0.013736946233398013 -0.0040850164512397395 0.0067623317376915917 -0.0028568189272559007 -0.00093524006619450772 0.0054596893464666655 -0.0030323575574495807 0.0070981004042550925 0.0061122106042111645 -0.0014021500233469769 0.00021734826018913621 0.0015611231149958577 -0.0093496209462645696 -0.011084671332375021 0.00083508985560564776 4.3286815961737025e-05 -0.003239688250635352 -0.0062445075921714307 0.0032926290019388788 -0.0058511168733239175 0.0032721416516737507 -0.0051475900519613385 -0.00073705082759261136 0.0018995481698463362 0.0032458167774236171 0.0055209080321770732 0.0083935298860586937 -0.0014010267589168307
leaf_weight=97 61 114 31 389 34 57 308 66 123 38 74 133 62 194 69 37 21 1969 42 25 509 50 33 108 22 24 416 33 29 217
leaf_count=97 61 114 31 389 34 57 308 66 123 38 74 133 62 194 69 37 21 1969 42 25 509 50 33 108 22 24 416 33 29 217
internal_value=1.08087e-11 -0.000282018 -3.72772e-06 -0.00223632 -0.00317081 0.000737149 -0.000118321 -0.00132193 -0.000601039 0.000230422 -0.00116206 0.00128414 -0.00216278 -0.000899577 -0.00404021 -0.00489446 -0.00697319 0.000144688 0.0012395 0.00240238 0.0027947 -0.000303372 -0.000171909 -0.00317701 0.00591194 0.00857154 0.0017268 0.00211775 0.000435769 -0.000487331
internal_weight=5385 4629 4052 577 480 91 3975 893 779 3082 713 207 506 346 152 160 90 3044 884 576 551 2160 2110 141 77 55 756 695 279 250
internal_count=5385 4629 4052 577 480 91 3975 893 779 3082 713 207 506 346 152 160 90 3044 884 576 551 2160 2110 141 77 55 756 695 279 250
is_linear=0
shrinkage=0.05


Tree=8
num_leaves=31
num_cat=0
split_feature=14 1 0 14 8 2 7 2 8 14 3 6 14 2 6 1 14 0 3 9 13 7 3 12 0 9 9 13 6 12
split_gain=0.973221 0.802325 1.27831 1.12311 1.05418 0.961688 0.715472 0.892282 0.853476 0.690358 0.610884 0.604636 0.790378 0.644438 0.764926 0.599101 0.739747 0.941592 1.0161 0.848 0.80981 0.647696 0.590464 1.09576 0.859105 0.672574 0.616828 0.583037 0.7035 0.571204
threshold=3.5359077574481144 -0.12459763578516279 0.0097498812000743635 -0.6841154537868428 -2.1049152383893235 -0.2193370416148703 0.14821975603526449 1.3867109935841739 -1.8101706001969451 0.13960386709049591 -0.40093514547353815 0.025928130678287736 -0.44217550403596978 -0.12212971207341404 0.037696269645478168 0.0034560632352076408 2.408798182156954 0.028858302993198363 0.6409038246875004 0.99301213087219831 0.14616175514100857 0.12060563768620246 -0.38079245834280068 -0.57980296120996477 -0.098994081944654019 0.73970352426724806 0.82498489719524437 0.73088006975435349 0.030672624180220022 0.033207025156781152
decision_type=2 2 2 2 2 2 2 2 2 2 2 2 2 2 2 2 2 2 2 2 2 2 2 2 2 2 2 2 2 2
left_child=1 3 4 22 -3 -6 -2 8 -8 -7 -4 12 29 -13 15 21 17 -17 19 -19 -21 -15 25 -24 -25 -1 -26 -22 -29 -12
right_child=6 2 10 -5 5 9 7 -9 -10 -11 11 13 -14 14 -16 16 -18 18 -20 20 27 -23 23 24 26 -27 -28 28 -30 -31
leaf_value=0.0075531541345887554 0.00014892976193142863 -0.0045603747397092069 -0.0069684958933586526 0.0028584100869873965 0.0054618912828645035 -0.0025148864793358761 0.016603306466380932 -0.0024597968573548965 0.0053725718516567404 -0.0004094984897364208 0.0017406979819167068 0.0056254680352180869 0.00023532241353510584 0.0009175433001170556 -0.0017875857887468276 0.0075859521374743626 0.00619938421544054 -0.0033807798246631316 -0.010869466792792083 0.005942540450487286 -0.0065411418730828676 0.0086009519713115875 -0.010118156291097942 -0.006874196314945436 -0.0026141612920372818 -0.0013619767294065761 0.0058514567363696793 -0.0034778045470981547 0.0090534068821441563 -0.0059270861588985382
leaf_weight=34 116 225 28 466 57 596 21 28 87 1123 33 89 1501 48 171 38 61 105 23 80 31 64 41 39 39 56 48 24 21 92
leaf_count=34 116 225 28 466 57 596 21 28 87 1123 33 89 1501 48 171 38 61 105 23 80 31 64 41 39 39 56 48 24 21 92
internal_value=1.76893e-12 -0.000148935 -0.000402045 0.00139493 -0.00133608 -0.000927596 0.00303367 0.00549418 0.00755633 -0.00113946 0.000373796 0.00046014 -8.27982e-05 0.00162944 0.00109543 0.00209138 0.00115073 0.000194313 -0.00079471 9.31042e-05 0.0024313 0.00530806 -0.00125869 -0.00301809 -0.000707746 0.00200596 0.00205652 -0.00126475 0.00237009 -0.00390279
internal_weight=5385 5133 4410 723 2001 1776 252 136 108 1719 2409 2381 1626 755 666 495 383 322 284 261 156 112 257 167 126 90 87 76 45 125
internal_count=5385 5133 4410 723 2001 1776 252 136 108 1719 2409 2381 1626 755 666 495 383 322 284 261 156 112 257 167 126 90 87 76 45 125
is_linear=0
shrinkage=0.05


Tree=9
num_leaves=31
num_cat=0
split_feature=14 1 0 14 8 4 7 4 6 6 9 3 6 14 4 14 8 8 8 9 12 8 1 12 12 7 1 14 1 6
split_gain=0.878332 0.724098 1.15367 1.0175 0.9514 0.789417 0.646514 1.15482 0.836363 0.5675 0.662511 0.552249 0.5888 0.723655 0.696306 0.738605 1.03318 1.11678 0.699833 0.690444 0.681899 0.71901 0.671628 0.617443 0.69336 0.577952 0.567364 0.528888 0.501122 0.493864
threshold=3.5359077574481144 -0.12459763578516279 0.0097498812000743635 -0.60835376765371429 -2.1049152383893235 0.52408431169434022 0.15069483779831919 0.63357828869692001 0.044642129416372377 0.047805337595346532 0.22735087501431259 -0.34855250513673547 0.025928130678287736 -0.36726735772186769 0.29830863431037219 -0.52287332609230586 1.384784087966773 2.2540214969166561 0.68388728426696765 1.3377119930735868 -0.56515050092178909 -0.13742475200988655 0.31790743411228667 -0.17866907502621654 0.6172384667362637 0.18234805354456776 0.14393640724871218 2.2816951712494515 0.30834777292944177 0.032108018741126537
decision_type=2 2 2 2 2 2 2 2 2 2 2 2 2 2 2 2 2 2 2 2 2 2 2 2 2 2 2 2 2 2
left_child=1 3 4 -1 27 -5 -2 8 28 10 -6 25 13 -13 29 -16 18 -18 19 -17 21 -21 -19 -22 -25 -4 -20 -3 -8 -14
right_child=6 2 11 5 9 -7 7 -9 -10 -11 -12 12 14 -15 15 16 17 22 26 20 23 -23 -24 24 -26 -27 -28 -29 -30 -31
leaf_value=-0.0010410493135028336 0.00020459966006211377 -0.0052085909226981825 -0.011193413952631612 0.002167073778923959 -0.0055850816642647834 0.0097034016673110037 0.0079401706781317589 -0.0041740852479751301 0.014495720038370741 0.0037793620086703748 -0.00083929665252204997 -0.0034106069431505308 0.0028640509584737066 0.00025676404874574099 0.006580524233191512 -0.0029326882744429724 -0.010834019008048234 0.0026853407238971215 0.010490868497414119 0.0055099682424406644 0.011322248391485934 -0.0066498375227374415 -0.0080021460717987457 -0.0043794462880627676 0.0080365170441243968 0.00053721134151731226 0.00026090473908445109 0.0023742117972757955 -0.00041779321136659595 0.010201876580715181
leaf_weight=279 119 199 21 406 77 38 47 26 31 63 1636 148 277 1476 43 105 42 49 33 20 29 31 21 22 23 21 23 26 29 25
leaf_count=279 119 199 21 406 77 38 47 26 31 63 1636 148 277 1476 43 105 42 49 33 20 29 31 21 22 23 21 23 26 29 25
internal_value=-2.85647e-12 -0.000141489 -0.000381943 0.00132518 -0.00126928 0.00281207 0.00288199 0.00527754 0.0075742 -0.000881217 -0.00105262 0.000355107 0.000455949 -7.74545e-05 0.00162183 0.000355168 -0.00031742 -0.00438832 0.00127678 5.63453e-05 0.00256713 -0.00188129 -0.000520905 0.00563294 0.00196649 -0.0053281 0.00628928 -0.00433236 0.00475095 0.00347149
internal_weight=5385 5133 4410 723 2001 444 252 133 107 1776 1713 2409 2367 1624 743 441 398 112 286 230 125 51 70 74 45 42 56 225 76 302
internal_count=5385 5133 4410 723 2001 444 252 133 107 1776 1713 2409 2367 1624 743 441 398 112 286 230 125 51 70 74 45 42 56 225 76 302
is_linear=0
shrinkage=0.05


Tree=10
num_leaves=31
num_cat=0
split_feature=14 8 6 1 10 1 6 12 14 14 4 11 10 12 11 5 2 13 12 8 10 5 14 12 8 12 4 4 12 9
split_gain=0.803707 0.806138 1.08303 0.959726 0.75969 0.687739 0.730479 1.1053 1.0997 0.874631 0.832236 0.738949 0.676137 0.820708 0.77305 0.719243 0.676018 0.661335 0.625027 0.782603 0.775251 0.661587 0.566864 1.06605 0.712105 0.67358 0.703131 0.562955 0.582926 0.686213
threshold=2.3809424616879169 -0.8730856406133779 0.055912505732324848 -0.10917965352809665 0.54006305941504507 0.38838436184147668 0.032108018741126537 -0.49790672424525956 -0.7495645692895434 2.0530422067057681 0.34693481093242379 -1.1731840005838297 -0.66380572763255807 -1.8598428758109364 0.030165395232524161 45.520693460963201 0.39169868010079351 0.17451340881418839 -0.028794967010230401 -0.074391204983543374 0.060788373916621237 43.087623112285677 -0.60835376765371429 0.68940532376386321 -0.52355693377400792 0.73946868041078251 0.53624227450873685 0.3999995680523955 0.65165579973349042 0.83776553003710041
decision_type=2 2 2 2 2 2 2 2 2 2 2 2 2 2 2 2 2 2 2 2 2 2 2 2 2 2 2 2 2 2
left_child=1 3 5 -1 27 6 7 8 -3 10 18 -9 13 -10 15 -14 -13 -7 21 -20 -21 -8 23 -12 -24 26 -26 28 -5 -30
right_child=-2 2 -4 4 -6 17 9 11 12 -11 22 16 14 -15 -16 -17 -18 -19 19 20 -22 -23 24 -25 25 -27 -28 -29 29 -31
leaf_value=0.0019216267805620049 0.0015115020198411206 -0.010211864254641824 0.0060914581226924926 -0.0018735504364100577 -0.0060473424329071266 0.00051869086369320196 0.0016225238351206131 -0.006128833255649585 0.0027678814746679801 0.010879519189863157 -0.0064925329600243947 0.00014252122382334389 0.0027862685784283614 -0.0063503891185372448 0.0014130974662894349 -0.0053744045444074334 0.005853028907726837 -0.0099628327907446551 -0.0045517942646429652 0.0091623585360745604 -0.0015335933596361429 0.0090446387203920574 0.0093161020377326917 0.00585184157623545 0.00034219169622806255 -0.0057708563214940271 0.0096752213462340565 -0.0073212331887788891 -0.0044486448168754578 0.0067212289908308203
leaf_weight=152 756 41 73 444 122 27 51 46 31 24 73 2340 36 121 212 108 53 34 42 36 32 73 23 23 244 41 22 41 20 44
leaf_count=152 756 41 73 444 122 27 51 46 31 24 73 2340 36 121 212 108 53 34 42 36 32 73 23 23 244 41 22 41 20 44
internal_value=6.80593e-12 -0.000246856 5.99734e-05 -0.0016658 -0.00247845 -5.79742e-05 2.94973e-05 -0.000307915 -0.00233485 0.00150345 0.00116251 0.000148333 -0.00169911 -0.00449074 -0.000507172 -0.00333424 0.000268997 -0.00532347 0.00355813 0.000814496 0.00412897 0.00599199 -0.000153398 -0.00353503 0.000830348 0.000194608 0.0011141 -0.00168537 -0.0012305 0.00323064
internal_weight=5385 4629 3806 823 671 3733 3672 2988 549 684 660 2439 508 152 356 144 2393 61 234 110 68 124 426 96 330 307 266 549 508 64
internal_count=5385 4629 3806 823 671 3733 3672 2988 549 684 660 2439 508 152 356 144 2393 61 234 110 68 124 426 96 330 307 266 549 508 64
is_linear=0
shrinkage=0.05


Tree=11
num_leaves=31
num_cat=0
split_feature=7 14 8 6 0 11 5 10 9 11 7 6 8 0 9 6 2 14 5 14 2 7 5 11 0 10 4 0 5 7
split_gain=0.773533 0.819704 0.750922 0.866184 0.678858 0.676092 0.655517 0.631251 0.696651 0.645556 0.613463 0.502382 0.501987 0.498622 0.895679 0.487117 0.461821 0.616522 1.16803 0.492668 0.594759 0.785689 0.584528 0.561634 0.523071 0.456436 0.586382 0.746324 0.555145 0.46697
threshold=0.091435549506555566 3.6665376921173354 -0.69863741419982606 0.055912505732324848 0.099417504061913978 -0.28074651514069032 59.527029397425352 -0.74745563857780584 0.24518530158039004 0.19456720315057294 0.094639283849412822 0.016924925278412526 -0.062505328471271646 0.22951149465883205 1.5266570939884356 0.029774364753825281 0.17848992629504981 1.6155646107517914 53.329504984178733 -0.23158367397092541 -0.12212971207341404 0.20096468998274289 36.622111134986191 -0.40201049383382859 -0.10415002966492813 1.3119291092023535 0.44848435879739507 -0.046209980457164228 56.300230752228295 0.34285895767760938
decision_type=2 2 2 2 2 2 2 2 2 2 2 2 2 2 2 2 2 2 2 2 2 2 2 2 2 2 2 2 2 2
left_child=4 2 10 13 7 -5 -3 12 11 -10 -2 -9 -1 25 -15 -11 19 18 -18 23 -21 -22 -23 -12 -25 29 27 -27 -29 -4
right_child=1 6 3 5 -6 -7 -8 8 9 15 16 -13 -14 14 -16 -17 17 -19 -20 20 21 22 -24 24 -26 26 -28 28 -30 -31
leaf_value=-0.00082062230343581176 0.0063045857232753889 0.0074287042293387159 0.00047683135709073463 0.010780995665118099 0.0079125956293534163 0.0012856494463784132 0.0012344694731845742 0.0005963978871446232 -0.0013725862366111056 0.00045059437733842674 -0.0074886134308245452 -0.0073764358421847713 -0.0056172609600859385 0.00047967997014376458 0.011609693463625653 0.0076853413290033749 -0.008784580245778403 -0.00064397193285414085 0.0029900497881629106 0.0051897389790171696 0.00090319447823403924 -8.3172492062052097e-05 -0.010632041475639262 0.0024065159074198763 -0.0037742983579683378 -0.0060322543047368529 -0.010114810651256925 0.0062951828941310711 -0.0027210509755663699 0.0070919381303678241
leaf_weight=100 27 72 2238 37 22 38 105 29 760 761 45 62 120 51 28 24 85 113 28 58 228 24 29 61 78 45 21 38 31 27
leaf_count=100 27 72 2238 37 22 38 105 29 760 761 45 62 120 51 28 24 85 113 28 58 228 24 29 61 78 45 21 38 31 27
internal_value=-3.18558e-12 0.000438527 0.000262291 0.000676163 -0.000818911 0.00597002 0.00375416 -0.00092241 -0.000584266 -0.000333861 -0.00109986 -0.00483564 -0.00343697 0.000516002 0.00442449 0.000671784 -0.00136677 -0.00325547 -0.00586697 -0.000550626 0.000579964 -0.00037152 -0.0058552 -0.00263362 -0.00106185 0.000387347 -0.00243702 -0.00102269 0.00224441 0.000555687
internal_weight=5385 3507 3330 2554 1878 75 177 1856 1636 1545 776 91 220 2479 79 785 749 226 113 523 339 281 53 184 139 2400 135 114 69 2265
internal_count=5385 3507 3330 2554 1878 75 177 1856 1636 1545 776 91 220 2479 79 785 749 226 113 523 339 281 53 184 139 2400 135 114 69 2265
is_linear=0
shrinkage=0.05


Tree=12
num_leaves=31
num_cat=0
split_feature=14 1 14 8 14 6 11 2 13 14 4 4 6 10 11 3 12 9 8 8 9 6 12 13 8 9 1 13 11 2
split_gain=0.680254 0.611428 0.868079 0.791029 0.720406 0.87326 0.866394 0.762783 0.648292 0.628855 0.617077 0.504081 1.71526 0.520471 0.612413 0.501063 0.932583 0.595778 0.576517 0.512591 0.54308 0.48714 0.858782 0.662691 0.58714 0.521993 0.705082 0.671965 0.51835 0.611355
threshold=3.5359077574481144 -0.12459763578516279 -0.6841154537868428 -1.5369775539235195 1.5605103014086559 0.02356345640227319 -0.7071153409501546 0.17848992629504981 0.4347872696115887 -1.0658476833443089 0.52408431169434022 0.63357828869692001 0.043526123621109157 0.45317066528328964 -0.40201049383382859 -0.38079245834280068 -0.57980296120996477 0.73970352426724806 -0.4066021448338118 0.19725545461991412 0.82498489719524437 0.033955029636862637 -1.4992938515681413 2.3435087691180287 0.68388728426696765 0.74431464087539112 0.38838436184147668 0.73088006975435349 0.49457628783164492 0.27837344044369478
decision_type=2 2 2 2 2 2 2 2 2 2 2 2 2 2 2 2 2 2 2 2 2 2 2 2 2 2 2 2 2 2
left_child=1 2 15 4 7 -6 -7 -3 -5 -10 -4 12 13 14 -2 17 -17 -1 -18 20 -20 22 -11 25 28 -23 27 -27 -24 -30
right_child=11 3 10 8 5 6 -8 -9 9 21 -12 -13 -14 -15 -16 16 18 -19 19 -21 -22 23 24 -25 -26 26 -28 -29 29 -31
leaf_value=0.0071185391752378036 0.007501912307666822 -0.0024692831499513496 0.0019447340109070546 0.00034649204061993754 0.0052371771391962882 0.0060673069674521685 -0.006028102299100474 -0.0087359076906596469 -0.0061298049349141756 -0.010724432438450017 0.0083678545203150767 -0.0039192062837106216 0.0131515423805025 -0.0043273888923453562 0.00057793775277042937 -0.0092805816087780935 -0.0081617653857739194 -0.0012721971554648399 -0.00016805626884368915 -0.0024816177526695866 0.010201115331248097 -0.0025553273188101281 -0.00092441446569351969 -0.0056038411500464597 0.0013551864866696468 -0.0018830686807632447 -0.0042484637615936146 0.0077041662857982897 -0.002882891569922311 -0.01213635150808841
leaf_weight=34 45 224 425 2567 58 20 57 62 57 23 41 27 37 33 110 41 21 56 28 54 23 37 738 28 220 23 21 89 166 20
leaf_count=34 45 224 425 2567 58 20 57 62 57 23 41 27 37 33 110 41 21 56 28 54 23 37 738 28 220 23 21 89 166 20
internal_value=2.13408e-12 -0.000124517 0.00122323 -0.000345473 -0.00240676 0.000603708 -0.00288644 -0.00382778 -0.000127925 -0.000984344 0.00250986 0.00253629 0.00331094 0.00137423 0.00258812 -0.00110973 -0.00273047 0.00189764 -0.000599082 0.000913454 0.00450824 -0.000769478 -0.00115855 0.00152368 -0.000966227 0.00269762 0.00415897 0.00573536 -0.00151894 -0.00387789
internal_weight=5385 5133 723 4410 421 135 77 286 3989 1422 466 252 225 188 155 257 167 90 126 105 51 1365 1167 198 1144 170 133 112 924 186
internal_count=5385 5133 723 4410 421 135 77 286 3989 1422 466 252 225 188 155 257 167 90 126 105 51 1365 1167 198 1144 170 133 112 924 186
is_linear=0
shrinkage=0.05


Tree=13
num_leaves=31
num_cat=0
split_feature=7 14 5 0 8 6 10 9 7 7 3 3 3 8 2 14 10 9 4 5 13 13 0 9 8 10 9 3 8 10
split_gain=0.682583 0.676125 0.646908 0.605714 0.6032 0.752607 0.566648 0.621564 0.559548 0.534778 0.497295 0.479209 0.621545 0.554829 0.498398 0.7112 0.49915 0.488485 0.476642 0.552365 0.473592 0.509615 0.459974 0.681376 0.641515 0.720016 0.571636 0.498561 0.453681 0.451688
threshold=0.091435549506555566 3.9129944671077772 59.527029397425352 0.099417504061913978 -0.69863741419982606 0.055912505732324848 -0.74745563857780584 0.24518530158039004 0.34285895767760938 0.094639283849412822 -0.25307338376433164 0.14232400211717702 0.12522952841120708 -0.29387272453726004 0.20507344160771648 1.9776585189465357 -0.63018264855825745 0.36775040891807359 0.28614987627462268 51.502820829678633 -0.73836459351331818 0.60427306823042548 -0.021001108728007697 0.65724642303192993 0.076501816883420837 -0.30838750950029381 1.5008214184672415 0.29950570222628731 -0.062505328471271646 1.0131673534925187
decision_type=2 2 2 2 2 2 2 2 2 2 2 2 2 2 2 2 2 2 2 2 2 2 2 2 2 2 2 2 2 2
left_child=3 4 -3 6 9 11 28 -8 -7 -2 -9 12 17 14 16 -16 -13 18 -6 -20 -4 -22 23 -15 25 -25 -26 -24 -1 -12
right_child=1 2 20 -5 5 8 7 10 -10 -11 29 13 -14 22 15 -17 -18 -19 19 -21 21 -23 27 24 26 -27 -28 -29 -30 -31
leaf_value=-0.00076216436218237509 0.0055993488811266921 0.007720277157301704 -0.0057719602063298226 0.0074784545143219555 -0.0059245838812337472 0.0081752971022135829 -0.0045623856463602617 0.0054166806182144468 -0.0015908466652035714 -0.001207677552851213 -0.00031150946464933232 -0.0010483314376324416 -0.0062568292975789174 -0.010065995799821049 -0.0065939097300819734 0.0047902199679383025 0.0077614230416124547 0.00033809987641374796 0.005175856986195492 -0.0046697489800862973 0.0057116117499464636 -0.0037595392740331596 0.0028756872125806771 0.0030878342434086585 0.0056548188337518911 -0.0081248097496516101 -0.0031065407176983769 0.00039906933767090117 -0.0053221786530533192 -0.0058327863752645889
leaf_weight=100 30 60 20 22 65 55 91 37 20 755 1470 20 41 21 23 34 82 1091 29 28 49 20 303 22 52 41 29 617 120 38
leaf_count=100 30 60 20 22 65 55 91 37 20 755 1470 20 41 21 23 34 82 1091 29 28 49 20 303 22 52 41 29 617 120 38
internal_value=2.07226e-12 0.000411941 0.00370776 -0.000769263 0.0002657 0.000635848 -0.000867027 -0.000546653 0.00557099 -0.000947536 -0.000310128 0.000487675 -0.000202085 0.00118298 0.00394137 0.000196624 0.00603402 2.56875e-06 -0.00299796 0.000339419 0.00100269 0.00296635 0.000778755 -0.00165218 -0.000425166 -0.00420928 0.00251804 0.00121474 -0.00324944 -0.00045064
internal_weight=5385 3507 149 1878 3358 2573 1856 1636 75 785 1545 2498 1254 1244 159 57 102 1213 122 57 89 69 1085 165 144 63 81 920 220 1508
internal_count=5385 3507 149 1878 3358 2573 1856 1636 75 785 1545 2498 1254 1244 159 57 102 1213 122 57 89 69 1085 165 144 63 81 920 220 1508
is_linear=0
shrinkage=0.05


Tree=14
num_leaves=31
num_cat=0
split_feature=7 8 13 10 12 11 9 13 8 3 13 1 12 7 8 7 1 2 4 8 8 11 4 8 3 7 12 1 2 8
split_gain=0.616031 0.487 0.6034 0.584279 0.68163 0.550796 0.591231 0.571801 0.713814 0.467212 0.770537 0.910623 1.08273 0.728553 0.560663 0.536347 0.531564 0.837819 0.734694 1.02379 1.55634 0.860158 0.60428 0.929623 0.689704 0.683828 0.762477 0.67674 0.637259 0.538761
threshold=0.091435549506555566 -2.1712043008447828 -1.1550350254782324 -0.73440330630731032 -0.32472710428488627 0.19456720315057294 0.12950006515130044 -0.78226952508215775 -0.025105384974842656 0.77809271779837519 -1.0551728940719125 0.33190919577490358 -1.4992938515681413 0.29032700402627903 -5.3758655373211175 0.2226437492281074 -0.15060963124667778 0.063743640528903259 0.425641220377804 0.71600790493616706 -0.11815462099166994 -1.0715191371163384 0.3716179727605729 -0.8730856406133779 0.042924227299205094 0.25907975255837579 -0.48578104632524377 0.090201956727064117 -0.028548298323347928 -0.46470772318529313
decision_type=2 2 2 2 2 2 2 2 2 2 2 2 2 2 2 2 2 2 2 2 2 2 2 2 2 2 2 2 2 2
left_child=1 -1 -3 4 -4 6 -5 8 -7 14 15 13 -13 -12 -2 -11 17 18 21 20 -20 -16 24 -24 25 26 28 29 -18 -25
right_child=9 2 3 5 -6 7 -8 -9 -10 10 11 12 -14 -15 16 -17 22 -19 19 -21 -22 -23 23 27 -26 -27 -28 -29 -30 -31
leaf_value=-0.0048848466495709387 -0.0045051104621961716 0.0035634872913804087 -0.0067849081789468791 -0.0086569902763046613 -0.00083939946155347264 0.0017997285659094493 -0.0011245082446415477 0.00094268677554169291 -0.0084241214698474662 -0.0065673231612890966 0.0070862359721163325 0.0062279147415410553 -0.004031194766740436 -0.0021851569195277991 -0.0055700136126757092 0.0027524275255228323 -0.0013230001355987043 0.011184840018192874 0.0091043994650244712 0.010618867860783053 -0.0085383996423333882 0.0013844665452041596 -0.0076651780408453843 0.0087529064435511832 0.00094971691845402743 0.0063933544123785631 -0.00038256311906059471 -0.0039315600794047941 -0.007855502926478429 0.00010017594556693592
leaf_weight=68 62 84 83 27 115 31 741 691 38 38 139 41 69 25 53 26 80 23 25 46 25 276 58 20 1517 31 595 109 70 179
leaf_count=68 62 84 83 27 115 31 741 691 38 38 139 41 69 25 53 26 80 23 25 46 25 276 58 20 1517 31 595 109 70 179
internal_value=-5.76402e-12 -0.0007308 -0.000574737 -0.000776133 -0.00333171 -0.000444979 -0.00138932 0.000509305 -0.0038308 0.000391344 0.00215845 0.00331223 -0.000207345 0.00567291 0.000202868 -0.00278117 0.000296815 0.00189011 0.00138711 0.0052356 0.000283 0.00026414 2.83691e-05 -0.00185828 0.000329509 -0.000882933 -0.00118571 -0.000764774 -0.0043715 0.000969797
internal_weight=5385 1878 1810 1726 198 1528 768 760 69 3507 338 274 110 164 3169 64 3107 448 425 96 50 329 2659 366 2293 776 745 308 150 199
internal_count=5385 1878 1810 1726 198 1528 768 760 69 3507 338 274 110 164 3169 64 3107 448 425 96 50 329 2659 366 2293 776 745 308 150 199
is_linear=0
shrinkage=0.05


Tree=15
num_leaves=31
num_cat=0
split_feature=0 1 7 13 1 14 14 8 13 9 7 2 8 5 13 10 9 6 5 9 13 6 5 2 5 10 5 3 3 2
split_gain=0.560936 0.709305 0.761005 0.833437 0.615731 0.836576 0.797602 0.750691 0.820458 0.867274 0.62147 0.692757 0.610402 0.553127 0.532691 0.516384 0.717763 0.55994 0.511998 0.610264 0.506373 0.623798 0.591768 0.514438 0.504132 0.628854 0.60227 0.526822 0.831236 0.502758
threshold=0.042440499213466383 0.0034560632352076408 0.069878194641125546 -0.75004197504052728 -0.12459763578516279 -0.6841154537868428 2.084897345802144 -0.81054092511256415 -0.94562237683300832 0.59642589031280535 0.067259219244315202 0.17848992629504981 -0.4066021448338118 56.182235428296622 1.1336342983748737 -0.60706591376043928 0.66454212551313974 0.032358215706045849 44.873294636998331 1.0583727810372745 -0.42343929153896942 0.031160579209134346 43.642982729314177 0.016182546129216439 37.895392998878329 0.4644878669256256 40.706122699631372 -0.38079245834280068 -0.2625316734906184 -0.030507845119928153
decision_type=2 2 2 2 2 2 2 2 2 2 2 2 2 2 2 2 2 2 2 2 2 2 2 2 2 2 2 2 2 2
left_child=4 2 -2 29 5 24 7 10 9 -9 -6 14 -11 -3 20 16 -10 -18 19 -8 21 22 -12 -23 27 26 -26 -1 -29 -4
right_child=1 13 3 -5 6 -7 18 8 15 12 11 -13 -14 -15 -16 -17 17 -19 -20 -21 -22 23 -24 -25 25 -27 -28 28 -30 -31
leaf_value=0.00072957986238889581 -0.005157671263441444 0.0028092172632054632 -0.0053512548373357673 0.0048314820204942242 0.0015388156681393204 0.0023321302868970768 0.0079653131672077718 -0.0047322642120222261 0.0026098766050548579 -0.0028393944132734431 -0.00083762371513460368 -0.0065571458675429102 0.0063277750138905301 -0.00011162845900967926 0.0030237525571570841 -0.00048824669920309154 -0.0052185814518078757 0.0013738642782510188 0.00024727581630602352 0.00066710730153899344 -0.0041885471523323272 -6.177744168477754e-05 0.0092344124466180802 -0.010414293650537729 0.0054712287762769219 0.0063892100963534584 -0.0039622351498110218 -0.010782776601872473 0.00017103553460589771 0.0030082530155777932
leaf_weight=41 28 184 37 245 78 423 54 30 49 22 35 121 104 1361 43 1356 185 39 349 61 235 30 25 20 23 36 64 43 29 35
leaf_count=41 28 184 37 245 78 423 54 30 49 22 35 121 104 1361 43 1356 185 39 349 61 235 30 25 20 23 36 64 43 29 35
internal_value=-2.54827e-12 0.000693947 0.00274374 0.00344166 -0.000375268 0.00100147 -0.00069518 -0.00106604 -0.000555956 0.00290804 -0.00261715 -0.00325402 0.00472716 0.000236226 -0.00222393 -0.000887683 -0.0028717 -0.00407079 0.00120069 0.00409409 -0.00287798 -7.81429e-05 0.00335906 -0.00420278 -0.00138356 0.000831437 -0.00146833 -0.00379457 -0.00637082 -0.00128761
internal_weight=5385 1890 345 317 3495 659 2836 2372 1785 156 587 509 126 1545 388 1629 273 224 464 115 345 110 60 50 236 123 87 113 72 72
internal_count=5385 1890 345 317 3495 659 2836 2372 1785 156 587 509 126 1545 388 1629 273 224 464 115 345 110 60 50 236 123 87 113 72 72
is_linear=0
shrinkage=0.05


Tree=16
num_leaves=31
num_cat=0
split_feature=7 0 0 14 0 9 0 1 14 2 0 12 7 7 13 14 8 1 0 13 14 8 1 13 12 11 3 13 7 14
split_gain=0.539375 0.571264 0.571239 0.570411 0.516403 0.547956 0.471248 0.62237 0.884939 0.694394 0.917868 0.901217 0.661924 0.647149 0.646129 0.626917 0.610553 0.547382 1.04622 0.718132 0.709551 0.572973 0.544988 0.539057 0.531662 0.567602 0.506105 0.768925 0.49887 0.538222
threshold=0.091435549506555566 -0.062671219110263118 -0.068783179898707122 3.9129944671077772 0.099417504061913978 1.7408548463895765 0.0097498812000743635 -0.12459763578516279 -0.64143309383293412 -0.2193370416148703 -0.16142014680195613 -2.3484523236027308 0.23654078988257571 0.094123805504632022 0.26936786945473751 0.13960386709049591 -1.2429836964056145 0.10511749670267602 0.15119012944286839 1.694938754475189 0.71336455864562998 1.0532093655908914 0.21546925380736973 0.29443199718736329 0.033207025156781152 -1.1001969420856541 -0.27040989526820813 0.72355014827183528 0.17479065692098678 0.80903486087311183
decision_type=2 2 2 2 2 2 2 2 2 2 2 2 2 2 2 2 2 2 2 2 2 2 2 2 2 2 2 2 2 2
left_child=1 2 -1 6 5 -3 7 8 -2 14 -11 -12 13 -13 -9 16 -15 18 26 24 -21 -20 28 -24 25 -19 27 -8 -17 -30
right_child=3 4 -4 -5 -6 -7 17 9 -10 10 11 12 -14 15 -16 22 -18 19 21 20 -22 -23 23 -25 -26 -27 -28 -29 29 -31
leaf_value=-0.0021632684713781434 -0.0016363453914005407 -0.00043783012340493964 -0.011721500771289523 0.0033934007312839964 0.0071087905248119077 -0.0053789128001442118 -0.0090227334760129459 0.0082761491711780041 0.0026050055027829607 -0.0095519221449538953 0.0079338736970115589 0.0040138157322265524 0.0039555735353912621 -0.0077635924217023256 -0.0023957213822185346 0.00014158544362804346 -0.0025286515284901824 -0.0055722176166320293 0.010117706934974161 -0.01114807861324932 -0.00039979273398571156 0.0022989742834830565 -0.0015296934500198674 -0.012359970707911998 -0.0011190288196241986 0.0019019695370765253 0.001434886917751216 0.0037209817185066643 0.0014544313885913841 -0.0069635894318873237
leaf_weight=54 195 1722 22 149 22 58 29 37 333 33 27 48 56 73 23 448 235 27 53 28 34 42 27 20 356 429 701 20 29 55
leaf_count=54 195 1722 22 149 22 58 29 37 333 33 27 48 56 73 23 448 235 27 53 28 34 42 27 20 356 429 701 20 29 55
internal_value=2.07415e-12 -0.000683821 -0.00493013 0.000366187 -0.000504732 -0.000598832 0.000231864 -0.000374737 0.0010386 -0.00104642 -0.00134509 -0.00107905 -0.00132461 -0.00164086 0.00418527 -0.00194686 -0.0037694 0.000810235 0.00171765 -6.70691e-05 -0.00525386 0.006661 -0.000977357 -0.00613832 0.000328966 0.00145942 0.00109149 -0.00382122 -0.000521407 -0.00405737
internal_weight=5385 1878 76 3507 1802 1780 3358 1639 528 1111 1051 1018 991 935 60 887 308 1719 845 874 62 95 579 47 812 456 750 49 532 84
internal_count=5385 1878 76 3507 1802 1780 3358 1639 528 1111 1051 1018 991 935 60 887 308 1719 845 874 62 95 579 47 812 456 750 49 532 84
is_linear=0
shrinkage=0.05


Tree=17
num_leaves=31
num_cat=0
split_feature=7 0 0 0 9 4 4 8 8 12 2 10 9 4 4 10 0 5 1 13 9 5 5 2 8 1 0 10 0 13
split_gain=0.486786 0.515565 0.515543 0.466054 0.49453 0.481981 0.823034 0.67108 0.74928 0.719743 0.934094 0.91671 0.517481 0.511858 0.566595 0.445528 0.441648 0.529416 0.493351 0.615485 0.657951 1.75266 0.613468 0.515317 0.492735 0.471977 0.859962 0.65008 0.688132 0.461166
threshold=0.091435549506555566 -0.062671219110263118 -0.068783179898707122 0.099417504061913978 1.7408548463895765 0.20455940954875232 0.1976670631039931 0.016494075464939615 -1.8101706001969451 0.82164274047453778 -0.18267710964562842 -0.59927627878233747 0.39983647546874135 0.21665826340929514 0.2437948706648945 -0.014067203326498355 0.0097498812000743635 56.688589339028269 0.34611718571419209 0.94319726051543973 1.6838833643344555 70.266071338883037 64.115811815972521 0.39169868010079351 0.027881334996040147 0.10511749670267602 0.2029621693351136 0.98286212265889439 0.027874280242036979 0.17451340881418839
decision_type=2 2 2 2 2 2 2 2 2 2 2 2 2 2 2 2 2 2 2 2 2 2 2 2 2 2 2 2 2 2
left_child=1 2 15 4 5 6 -3 8 -7 10 -9 -12 -13 -10 -15 -1 17 -2 23 20 29 22 -22 25 -21 26 -18 28 -27 -20
right_child=16 3 -4 -5 -6 7 -8 9 13 -11 11 12 -14 14 -16 -17 18 -19 19 24 21 -23 -24 -25 -26 27 -28 -29 -30 -31
leaf_value=0.0017106048326240852 -8.9847161430099481e-05 -0.00064583135042163683 -0.011135425795377657 0.0067533508324148983 -0.0051099672014343336 -0.0047909011669231187 -0.005740002523782815 0.010430104688275606 0.0067084371075034135 -0.0067996001626468364 -0.0064233092192028246 -0.005270244461355795 0.0019960067220197264 -0.00086267156513379325 0.0044115147588528556 -0.007532501474700192 0.0013287022901204183 -0.0054729144425785291 -0.0002553386400627383 -0.00046664177966506586 0.0041094269913931692 0.016310613639652732 -0.0074497785144062205 0.0037276115879980028 -0.01012556397716605 0.006956849882974187 0.0098162905913927873 -0.0061798692991336191 -0.00017861221950277634 -0.0082480725277071978
leaf_weight=32 1620 1016 22 22 58 33 86 20 75 45 56 29 158 98 106 22 800 47 59 23 24 20 22 176 31 36 31 42 550 26
leaf_count=32 1620 1016 22 22 58 33 86 20 75 45 56 29 158 98 106 22 800 47 59 23 24 20 22 176 31 36 31 42 550 26
internal_value=-1.41206e-12 -0.00064963 -0.00468362 -0.000479495 -0.00056889 -0.000415939 -0.00104338 0.000699288 0.00233369 -0.000956342 4.34553e-05 -0.000811413 0.000869155 0.00317639 0.00187784 -0.00205511 0.000347877 -0.000241619 0.000881948 -0.00143023 0.000208136 0.00395369 -0.00141889 0.00117185 -0.00601158 0.000863552 0.00164533 -0.000170931 0.000259744 -0.00270017
internal_weight=5385 1878 76 1802 1780 1722 1102 620 312 308 263 243 187 279 204 54 3507 1667 1840 205 151 66 46 1635 54 1459 831 628 586 85
internal_count=5385 1878 76 1802 1780 1722 1102 620 312 308 263 243 187 279 204 54 3507 1667 1840 205 151 66 46 1635 54 1459 831 628 586 85
is_linear=0
shrinkage=0.05


Tree=18
num_leaves=31
num_cat=0
split_feature=3 4 1 4 11 0 2 0 7 9 14 14 8 9 13 13 14 14 12 0 13 3 1 11 14 2 14 14 13 2
split_gain=0.476172 1.25041 0.424036 0.686886 0.697393 0.662217 0.67479 0.803943 0.676914 0.577103 0.59795 0.55506 0.664325 0.584496 0.543329 0.51352 0.513253 0.498196 0.714441 0.479381 0.5246 0.476177 0.468932 0.444468 0.421847 0.743931 0.414726 0.614574 0.62827 0.421309
threshold=1.8813982191837129 0.63357828869692001 -0.12459763578516279 0.50953043087666716 -0.29191146605630097 0.0097498812000743635 -0.2193370416148703 -0.16142014680195613 0.24348092138977118 0.22735087501431259 1.4128328562258288 0.18338503408746124 -1.3138256368886869 1.6987181885662344 0.34011099848039167 0.35268566487126635 0.27968270895898706 -0.6841154537868428 -0.2587378065945059 -0.10633658178190879 1.6029078352286488 -0.40093514547353815 1.0000000180025095e-35 0.72900587247501225 1.4457255246949967 0.031457188833784906 -0.36726735772186769 -0.31711356553535713 1.2454602791927312 0.046678628545322239
decision_type=2 2 2 2 2 2 2 2 2 2 2 2 2 2 2 2 2 2 2 2 2 2 2 2 2 2 2 2 2 2
left_child=2 -2 3 17 -5 6 14 -8 9 10 15 12 -11 16 -4 -9 22 18 -1 -18 -21 -7 -13 -20 25 -15 -14 -28 29 -29
right_child=1 -3 5 4 -6 21 7 8 -10 11 -12 13 26 24 -16 -17 19 -19 23 20 -22 -23 -24 -25 -26 -27 27 28 -30 -31
leaf_value=-0.0051096251717756827 0.0087655596798285849 -0.0036627132801667732 0.0074942673656291196 0.011402857378726046 0.00061576333908556873 -0.0061826153392238285 -0.0090631182868814771 0.00095933100375800563 0.0046258647486848653 -0.0064275925920073756 -0.012419016175859032 0.00051691557746380568 -5.7349453171532929e-05 7.7159106731414801e-05 -0.0019364184438018129 -0.0079158029884898243 -0.0055872940836707132 0.0016382503594295013 -0.00083464128381384093 -0.00019238920891796263 0.0070041504491550419 0.0003740408049855137 0.009254717828506339 0.0051890577144193947 9.4347996864376998e-06 -0.011150260243771805 -0.010517869788842898 -0.0017087468841584981 0.0045167226164091016 -0.0066914549146130714
leaf_weight=79 50 34 42 31 29 28 31 39 53 79 21 34 253 25 24 28 40 422 121 973 26 2512 28 41 41 36 24 151 31 59
leaf_count=79 50 34 42 31 29 28 31 39 53 79 21 34 253 25 24 28 40 422 121 973 26 2512 28 41 41 36 24 151 31 59
internal_value=-2.81472e-12 0.00373507 -5.91861e-05 0.0010661 0.0061891 -0.000236901 -0.000908248 -0.00107469 -0.000947109 -0.00110355 -0.00505714 -0.000910267 -0.00215664 -0.000291741 0.00406493 -0.00274968 4.37136e-05 0.000602475 -0.00121121 -0.000219999 -5.09188e-06 0.000301763 0.00446302 0.000689875 -0.00391268 -0.00654886 -0.00150528 -0.00288765 -0.00212779 -0.00310865
internal_weight=5385 84 5301 723 60 4578 2038 1972 1941 1888 88 1800 597 1203 66 67 1101 663 241 1039 999 2540 62 162 102 61 518 265 241 210
internal_count=5385 84 5301 723 60 4578 2038 1972 1941 1888 88 1800 597 1203 66 67 1101 663 241 1039 999 2540 62 162 102 61 518 265 241 210
is_linear=0
shrinkage=0.05


Tree=19
num_leaves=31
num_cat=0
split_feature=14 8 2 14 6 12 0 2 2 14 7 2 1 12 4 1 4 2 5 12 11 14 13 0 11 0 0 5 13 8
split_gain=0.447596 0.549918 0.594264 0.582499 0.568334 0.695611 0.675321 0.740678 0.642751 0.703406 0.966154 0.605085 0.778149 0.520246 0.658716 0.627309 0.614722 0.505189 0.765641 0.519512 0.650789 0.490964 0.648555 0.496095 0.935187 0.488382 0.478751 0.724714 0.477514 0.476773
threshold=2.084897345802144 -1.2781824219682205 0.17848992629504981 1.5779730624951736 0.055912505732324848 -0.48578104632524377 0.16994595050539532 0.072327810731858025 0.50772783650414011 -0.6841154537868428 0.10469852198948242 0.39169868010079351 0.12556410824059386 0.021739741214714312 0.37792130515399058 -0.13869497587217786 0.20328841509250428 0.0063757214311531705 42.940538354749648 -2.0022627460437383 1.8447753869544798 -0.44217550403596978 -1.502049790790623 -0.07931758015055794 0.29710438802458877 -0.13276135277249759 0.064314413875303358 46.361724147992717 2.0380457739961666 3.0567907736299573
decision_type=2 2 2 2 2 2 2 2 2 2 2 2 2 2 2 2 2 2 2 2 2 2 2 2 2 2 2 2 2 2
left_child=1 2 -1 -4 5 8 13 -8 9 26 -11 12 -9 16 28 -16 -7 -2 -19 -20 29 -12 -23 24 25 -24 27 -3 -15 -21
right_child=17 4 3 -5 -6 6 7 11 -10 10 21 -13 -14 14 15 -17 -18 18 19 20 -22 22 23 -25 -26 -27 -28 -29 -30 -31
leaf_value=-0.00081295361890005408 -0.0059149750866569007 -0.005563890874209638 -0.0071518754929950027 0.00025655304033977863 0.004244928053797936 -0.00068664110770973131 0.0093915891674597098 0.0062566205582004937 -0.0085452688271955898 -0.0029310612223208557 0.0066010215337986931 0.0084153258036600339 -0.0057363250035498492 3.7224114376700027e-05 0.0022692786940537832 -0.005544915805193818 0.0022315263653424873 0.0058317455917131153 0.0060186458402313294 0.00092796135637819631 -0.0082462095522454811 -0.0064029770554043354 -0.0012302401405759158 0.0019410831611931649 0.0040260930916701911 -0.011622904699582321 -0.011748806806281209 0.0049603192667875976 -0.0061230210994835943 -0.0049573896077668503
leaf_weight=414 26 74 83 39 77 279 41 21 30 258 35 21 38 1857 34 105 511 80 44 780 21 32 20 298 32 26 20 21 32 36
leaf_count=414 26 74 83 39 77 279 41 21 30 258 35 21 38 1857 34 105 511 80 44 780 21 32 20 298 32 26 20 21 32 36
internal_value=3.68608e-12 -0.000215949 -0.00171672 -0.00478361 -7.65956e-06 -9.41719e-05 0.000269497 0.00392715 -0.00135755 -0.0010933 -0.00049871 0.00112663 -0.00146765 0.000112443 -0.000311574 -0.00363353 0.00120093 0.000962253 0.00114832 0.000723035 0.000444652 0.000917873 0.000430348 0.00101191 -0.00253802 -0.00710435 -0.00471772 -0.00323749 -6.71315e-05 0.000668314
internal_weight=5385 4398 536 122 3862 3785 2939 121 846 816 701 80 59 2818 2028 139 790 987 961 881 837 443 408 376 78 46 115 95 1889 816
internal_count=5385 4398 536 122 3862 3785 2939 121 846 816 701 80 59 2818 2028 139 790 987 961 881 837 443 408 376 78 46 115 95 1889 816
is_linear=0
shrinkage=0.05


Tree=20
num_leaves=31
num_cat=0
split_feature=3 4 1 6 4 0 2 5 14 0 8 2 13 7 7 12 13 8 1 3 6 4 8 12 12 0 8 8 7 1
split_gain=0.419615 1.11279 0.384498 0.602976 0.585863 0.544274 0.74513 0.656638 0.606588 0.832881 0.638478 0.575113 0.595112 0.564349 0.695779 0.580472 0.532831 0.519733 0.473131 0.450839 0.437742 0.706279 0.501193 0.536819 0.9108 0.692971 0.730314 0.544268 0.512307 0.494169
threshold=1.8813982191837129 0.63357828869692001 -0.12459763578516279 0.063570149938242629 0.50953043087666716 0.0097498812000743635 -0.2193370416148703 58.726146902719556 1.6155646107517914 0.00073096027535890517 -1.1654796980270798 0.18062469798792694 0.93003705178236007 0.21142978704365564 0.17479065692098678 -0.012935950697498642 -0.94562237683300832 0.98967603142997185 -0.24965892496157935 -0.40093514547353815 0.025928130678287736 0.2546012452579397 4.8489716148479909 -0.45323748680892922 -0.19105652909205759 0.24323364968969122 -0.95140010645132966 -1.4926078806617469 0.23418847365237577 0.34611718571419209
decision_type=2 2 2 2 2 2 2 2 2 2 2 2 2 2 2 2 2 2 2 2 2 2 2 2 2 2 2 2 2 2
left_child=2 -2 4 5 18 6 -4 8 10 13 11 12 -8 14 15 -10 -12 -6 -1 -7 21 -21 23 25 -25 26 -22 -26 -29 -28
right_child=1 -3 3 -5 17 19 7 -9 9 -11 16 -13 -14 -15 -16 -17 -18 -19 -20 20 22 -23 -24 24 27 -27 29 28 -30 -31
leaf_value=-0.0018823105007759297 0.0082518520052544779 -0.0034725951482815782 0.0045138655636492329 -0.0081292637468626094 0.00093592492670848456 -0.0062450566329061985 -0.0031265874466639208 -0.006256522738227719 -0.00024046027579442119 -0.0057223988480346148 0.0027892699470106253 -0.0079122192330292572 0.005014290176331997 0.0088816939108073718 -0.0075022741898216998 0.003976374334034821 -0.0010789009679521579 0.010248205218757052 0.0013100598655894334 0.00018395593156732496 0.0068493796029576552 -0.0040667455737443212 -0.0041728373945284737 0.0070325686331335945 -0.0058961722594888313 0.0081625517822154197 -0.00074677444050192006 0.0029328984003482161 -0.0019752913197645778 -0.0068907997501082719
leaf_weight=150 50 34 64 24 29 26 220 57 179 43 97 56 25 25 22 150 1083 31 513 1619 27 104 39 95 23 23 180 292 65 40
leaf_count=150 50 34 64 24 29 26 220 57 179 43 97 56 25 25 22 150 1083 31 513 1619 27 104 39 95 23 23 180 292 65 40
internal_value=8.61162e-12 0.00350624 -5.55601e-05 -0.000224787 0.00101598 -0.00018313 -0.000795081 -0.0009687 -0.000810065 0.000869554 -0.00128526 -0.00334078 -0.00229589 0.00162342 0.00110645 0.00168211 -0.000760924 0.00574727 0.000587804 0.000305127 0.000373058 -7.26157e-05 0.00135252 0.00164177 0.00265367 -0.000138442 -0.000911409 0.00155895 0.00203925 -0.00186387
internal_weight=5385 84 5301 4578 723 4554 2021 1957 1900 419 1481 301 245 376 351 329 1180 60 663 2533 2507 1723 784 745 475 270 247 380 357 220
internal_count=5385 84 5301 4578 723 4554 2021 1957 1900 419 1481 301 245 376 351 329 1180 60 663 2533 2507 1723 784 745 475 270 247 380 357 220
is_linear=0
shrinkage=0.05


Tree=21
num_leaves=31
num_cat=0
split_feature=10 1 9 3 5 10 1 9 9 1 4 14 2 4 3 4 3 3 3 5 8 7 12 7 10 12 9 9 5 4
split_gain=0.414562 0.558857 0.652686 0.914077 0.691127 0.869294 0.620349 0.969471 0.600657 0.463863 0.879485 0.603039 0.517586 0.515568 0.769896 0.495299 0.556546 0.482124 0.720849 0.455893 0.453333 0.565055 1.35547 0.541398 0.509832 0.491432 0.456026 0.467887 0.53694 0.452871
threshold=0.96258946108037313 0.09579192795084647 1.1855753094415742 -0.048352245153554511 46.79856291241645 1.1079300265860093 0.15187163211284541 1.3377119930735868 1.3718362528081696 -0.15409085169760825 0.44848435879739507 -1.1465150464825666 -0.22552008547378063 0.7014999583533521 1.8813982191837129 0.21311227219605003 0.21898960108526735 -0.11811775900695264 -0.30008606259980852 55.523262729711533 -2.1712043008447828 0.22818781740389743 0.63377187987577865 0.23418847365237577 -0.69623769035729954 -0.49790672424525956 1.9282089998785441 0.3897324473205423 56.810010574703895 0.37792130515399058
decision_type=2 2 2 2 2 2 2 2 2 2 2 2 2 2 2 2 2 2 2 2 2 2 2 2 2 2 2 2 2 2
left_child=9 2 4 8 -2 -6 -3 -8 -4 10 12 -11 17 14 20 -14 -17 18 -1 -7 -13 25 23 -23 -25 26 27 28 -22 -27
right_child=1 6 3 -5 5 19 7 -9 -10 11 -12 13 15 -15 -16 16 -18 -19 -20 -21 21 22 -24 24 -26 29 -28 -29 -30 -31
leaf_value=0.00016891581376587029 -0.0014676847420513439 -0.009994554979992765 -0.0066090340641411869 -0.0076378887141894175 -0.00042082174756639712 0.015056956542486495 -0.0061311774826781074 0.0049623355254410743 0.0029874283262336303 -0.0038763640259129161 0.0070772589345534272 -0.002009601380822121 -0.0031842573173344138 -0.0063566111869389017 0.0056924225594543049 0.0043259806353761962 -0.0045301144896075134 0.0043178071697744045 -0.0083428822369092989 0.0046265825809678066 -0.00090460432335161256 0.010076360186112339 -0.005675535677405804 0.0067450413793386501 0.0014124386672815033 0.00042340542747111164 -0.0053402645091911588 -0.00044723876246780556 -0.011801680454518647 -0.0028606102850988781
leaf_weight=61 78 35 22 58 37 22 54 31 63 99 65 255 35 31 61 157 20 26 42 20 26 29 46 61 169 2846 58 749 20 109
leaf_count=61 78 35 22 58 37 22 54 31 63 99 65 255 35 31 61 157 20 26 42 20 26 29 46 61 169 2846 58 749 20 109
internal_value=-2.49707e-12 -0.00150837 -0.000354845 -0.00279852 0.00187092 0.00516727 -0.00439217 -0.00208531 0.000503638 0.000127596 0.00174708 -1.66267e-05 0.000731066 6.90491e-05 0.000114024 0.0022506 0.00332529 -0.00176616 -0.00330191 0.0100901 3.61209e-05 0.000162953 0.00223374 0.00363847 0.00282674 -2.90577e-06 -0.00106011 -0.000747843 -0.00564246 0.000302269
internal_weight=5385 420 300 143 157 79 120 85 85 4965 406 4559 341 4460 4429 212 177 129 103 42 4368 4113 305 259 230 3808 853 795 46 2955
internal_count=5385 420 300 143 157 79 120 85 85 4965 406 4559 341 4460 4429 212 177 129 103 42 4368 4113 305 259 230 3808 853 795 46 2955
is_linear=0
shrinkage=0.05


Tree=22
num_leaves=31
num_cat=0
split_feature=7 0 0 4 4 9 4 7 3 11 11 8 10 4 4 6 3 6 11 8 0 10 7 13 10 7 7 7 9 10
split_gain=0.389882 0.445703 0.45486 0.427192 0.936883 0.550488 0.603048 0.608099 0.716695 0.523965 0.447237 0.45018 0.425925 0.396237 0.751509 0.761367 0.760967 0.643663 0.628382 0.714488 0.611331 0.410418 0.395377 0.449867 0.395339 0.38586 0.367757 0.368509 0.344807 0.338487
threshold=0.091435549506555566 -0.062671219110263118 -0.068783179898707122 0.20455940954875232 0.19426727032229521 0.24518530158039004 0.21734498709516101 0.077958038473101607 0.018698052772621602 -0.23343916993562072 1.3090092543524408 0.85854472092939427 -0.48610401319386165 0.3083885229352204 0.2431446216862172 0.023632664118055327 -0.20745854828681462 0.030672624180220022 0.6928457696484599 0.016494075464939615 -0.018377696680740293 0.20292408422099248 0.050162360328976356 0.016610875259361006 -0.014067203326498355 0.050162360328976356 0.063349413514732125 0.078360149062742621 1.0062122049697011 0.96258946108037313
decision_type=2 2 2 2 2 2 2 2 2 2 2 2 2 2 2 2 2 2 2 2 2 2 2 2 2 2 2 2 2 2
left_child=1 2 24 4 10 -5 7 8 -7 -6 11 22 -10 14 15 -8 -16 -15 19 20 -18 -17 -3 -24 -1 -11 -27 -28 -14 -2
right_child=29 3 -4 5 9 6 13 -9 12 25 -12 -13 28 17 16 21 18 -19 -20 -21 -22 -23 23 -25 -26 26 27 -29 -30 -31
leaf_value=0.0016841302276588976 0.00047824276781277482 0.0010493434630062081 -0.01039232292466543 -0.0055357438059789798 -0.010419184394413606 0.012343621594381744 0.00066005121525519218 -0.0011993280552486157 0.0089979131179659267 -0.0091139444107697764 -0.0052243469169046333 0.0033855463525492555 -0.0018888244515677033 -0.0099028638228774082 0.010439648258465307 -0.0079505078522035758 0.0098301611840724955 0.00080472214904148132 0.0050175619954978563 -0.0048997208299884475 -0.00070480932714417582 0.00043418101267889142 0.00075757273201209805 -0.0022128759149622236 -0.0070228012448007417 0.0032906996193700112 -0.006819250222104483 0.00086553820337240519 0.0059767475838518958 -0.0011343104640386239
leaf_weight=32 3144 264 22 35 32 29 131 47 23 22 47 79 38 25 27 54 21 32 76 56 40 20 186 405 22 26 39 26 22 363
leaf_count=32 3144 264 22 35 32 29 131 47 23 22 47 79 38 25 27 54 21 32 76 56 40 20 186 405 22 26 39 26 22 363
internal_value=5.97345e-12 -0.000581385 -0.00433211 -0.000423196 -0.00101969 0.000570377 0.000903785 0.00357397 0.00557705 -0.0047711 -0.000465205 -0.000225719 0.00321283 2.29549e-05 0.000547964 -0.00163013 0.00257755 -0.00389159 0.00147768 -0.000821738 0.00292198 -0.00568438 -0.000559391 -0.00127801 -0.00186314 -0.00317164 -0.00173504 -0.00374533 0.000995219 0.000311332
internal_weight=5385 1878 76 1802 1126 676 641 159 112 145 981 934 83 482 425 205 220 57 193 117 61 74 855 591 54 113 91 65 60 3507
internal_count=5385 1878 76 1802 1126 676 641 159 112 145 981 934 83 482 425 205 220 57 193 117 61 74 855 591 54 113 91 65 60 3507
is_linear=0
shrinkage=0.05


Tree=23
num_leaves=31
num_cat=0
split_feature=14 5 5 11 6 6 14 4 9 1 13 14 2 4 9 6 4 13 9 12 12 4 4 12 10 2 5 12 6 6
split_gain=0.367734 0.412249 0.407802 0.490977 0.617069 0.452996 0.430865 0.410441 0.502779 0.400665 0.572225 0.554172 0.442621 0.439986 0.417095 0.647305 0.439858 0.484609 0.565094 0.406103 0.536281 0.661652 0.790999 0.472145 0.462642 0.397124 0.682349 0.514829 0.497063 0.373937
threshold=2.5410491804215698 76.091512596823193 64.706608040993927 1.202385295910535 0.045952423967998444 0.037167451167019826 4.2352734001952275 0.28977331737272854 1.2982542001154183 -0.12459763578516279 2.5845703800735711 -0.60835376765371429 -0.33057499742558577 0.52408431169434022 0.27071004295275009 0.019083510368187822 0.20182385858278121 0.35268566487126635 0.20521174146528809 1.68547347627035 1.0533489537046161 0.46726782205286016 0.39593104025003545 -0.57980296120996477 0.30589393608949322 -0.22552008547378063 37.895392998878329 0.33715660623254312 0.036702479611648804 0.063570149938242629
decision_type=2 2 2 2 2 2 2 2 2 2 2 2 2 2 2 2 2 2 2 2 2 2 2 2 2 2 2 2 2 2
left_child=9 2 3 4 -2 7 -6 8 -4 11 12 19 -11 -13 15 -14 -17 18 -18 20 21 22 23 24 -1 28 -27 -28 -25 -16
right_child=1 -3 5 -5 6 -7 -8 -9 -10 10 -12 13 14 -15 29 16 17 -19 -20 -21 -22 -23 -24 25 -26 26 27 -29 -30 -31
leaf_value=-0.010126234194688985 0.0015339752992751998 0.0060317737224977463 0.00065785404755780018 -0.0029673768554394154 0.0032303190767339878 -0.007162791187012638 0.01326482927426696 0.0065396047104150064 -0.0062961217468338361 0.0063334809094667439 -0.0076022023748683514 0.0015618224463420365 0.0022442567370100216 0.0072596273573769911 -0.00017643616443267906 -0.010382102774051221 0.0023660387173948579 -0.0061388048188140004 -0.0066502948701381683 -0.0073276919820769275 0.0061545782626189031 0.0073923047454584213 -0.0099025994884195164 -0.0057721112585185398 0.00013844781510886692 -0.0036346282847225667 0.011992020301682794 0.0018961487071854728 0.0036717183379964395 -0.0068673208001114074
leaf_weight=23 334 40 101 51 23 27 20 20 35 25 27 402 56 37 3716 23 57 66 25 22 29 21 27 38 21 25 23 28 22 21
leaf_count=23 334 40 101 51 23 27 20 20 35 25 27 402 56 37 3716 23 57 66 25 22 29 21 27 38 21 25 23 28 22 21
internal_value=1.97846e-12 0.00111421 0.000792277 0.00163693 0.00225979 -0.00118319 0.00789753 -0.000148262 -0.00113177 -0.000153222 -0.000347718 0.000934659 -0.000298616 0.00204205 -0.000340443 -0.00242143 -0.00394937 -0.00294969 -0.000382843 -0.000807791 -0.000249667 -0.00106424 -0.00192215 -0.000725086 -0.00522718 0.000731474 0.00313214 0.00644919 -0.00230937 -0.000214035
internal_weight=5385 651 611 428 377 183 43 156 136 4734 4016 718 3989 439 3964 227 171 148 82 279 257 228 207 180 44 136 76 51 60 3737
internal_count=5385 651 611 428 377 183 43 156 136 4734 4016 718 3989 439 3964 227 171 148 82 279 257 228 207 180 44 136 76 51 60 3737
is_linear=0
shrinkage=0.05


Tree=24
num_leaves=31
num_cat=0
split_feature=14 10 1 6 0 12 1 11 7 7 6 10 12 0 13 13 0 13 2 2 3 14 11 3 11 3 2 2 11 6
split_gain=0.359789 0.331127 0.489967 0.660231 0.568798 0.580517 0.47046 0.561111 0.645611 0.46693 0.462632 0.531448 0.644979 0.56241 0.529421 1.00184 0.628038 0.553051 0.547446 0.71178 0.645595 0.666739 0.65001 0.635643 0.670182 0.584489 0.699394 0.529682 0.686729 0.528346
threshold=7.6054456789461486 0.96258946108037313 0.09579192795084647 0.047441925227058333 -0.048998052447006717 -0.73468079160133704 0.15187163211284541 -1.2512856063513598 0.14063580627053046 0.23654078988257571 0.026210051257460405 -0.61548009456433495 -0.45323748680892922 0.029941530709896028 0.4347872696115887 0.65239391560351601 -0.16142014680195613 0.35268566487126635 0.042769826258563411 -0.0087313325118989465 -0.11480876510499503 1.3768565755605591 -0.42479131985744489 0.42876124611803373 -1.1731840005838297 -0.078031314928548631 -0.16519453042717666 0.033313921753196703 -0.31700987669037795 0.044642129416372377
decision_type=2 2 2 2 2 2 2 2 2 2 2 2 2 2 2 2 2 2 2 2 2 2 2 2 2 2 2 2 2 2
left_child=1 10 4 6 9 -6 -4 -8 -9 -3 11 12 13 -1 17 27 -17 18 19 23 -20 22 -22 24 -12 -26 -27 28 -16 -18
right_child=-2 2 3 -5 5 -7 7 8 -10 -11 14 -13 -14 -15 15 16 29 -19 20 -21 21 -23 -24 -25 25 26 -28 -29 -30 -31
leaf_value=-0.0065103981274900573 0.0065318439333211815 -0.0046585388128615674 -0.010731551778735594 0.0042193838208913802 -0.0064857734739780437 0.0025623082651574621 -0.0089765396590034182 -0.0058168890392629527 0.0067353904759511352 0.0024271850323965474 0.0096834106442446888 5.1281710101056453e-06 -0.00049143550219359739 -0.0006309616245385825 -0.0020012075821189985 -0.0057924318638948825 0.00012671698634203674 0.0072515858594622276 0.0075697496302719065 0.0065613435162231327 -0.0076737108870672636 0.0011754197295932758 -0.0010628813728057063 -0.0068173444829881195 -0.00015567517892489416 0.0080459267286391092 0.0016728397764817641 -0.0010363634479128652 -0.013266890306746769 0.0044636559431605483
leaf_weight=106 21 93 32 20 20 156 27 21 20 31 26 2575 337 66 24 38 404 38 27 80 46 312 194 22 263 58 167 45 31 85
leaf_count=106 21 93 32 20 20 156 27 21 20 31 26 2575 337 66 24 38 404 38 27 80 46 312 194 22 263 58 167 45 31 85
internal_value=1.17679e-12 -2.55721e-05 -0.00137341 -0.00407363 -0.000293323 0.00153412 -0.00573223 -0.00337961 0.000306174 -0.00288711 8.89287e-05 -0.000286691 -0.00176299 -0.00425434 0.00071173 -0.000471207 0.000399416 0.00131327 0.00112444 0.00216198 2.0595e-05 -0.000348657 -0.00232996 0.00150536 0.00186158 0.00144485 0.00331568 -0.00505939 -0.00835096 0.000880582
internal_weight=5385 5364 420 120 300 176 100 68 41 124 4944 3084 509 172 1860 627 527 1233 1195 616 579 552 240 536 514 488 225 100 55 489
internal_count=5385 5364 420 120 300 176 100 68 41 124 4944 3084 509 172 1860 627 527 1233 1195 616 579 552 240 536 514 488 225 100 55 489
is_linear=0
shrinkage=0.05


Tree=25
num_leaves=31
num_cat=0
split_feature=0 1 14 9 10 9 12 1 4 0 12 11 0 3 8 12 9 11 4 0 8 14 12 6 4 14 12 8 10 6
split_gain=0.335805 1.44574 0.614385 0.511618 0.490902 0.471499 0.468211 0.431059 0.393677 0.999988 0.731002 1.28986 0.614957 0.503425 0.469063 0.435569 0.655841 0.818352 0.483045 0.594923 0.808479 0.567702 0.475267 0.759108 0.461791 0.50984 0.398168 0.392949 0.482478 1.35451
threshold=0.15119012944286839 0.11766613175176967 1.6470439062638853 1.6838833643344555 0.2849514372597326 0.62777738231570945 -0.63433916466878781 -0.048179569385518754 0.47600915262502258 -0.12922439762308166 -1.277224582116689 -0.30622658156027166 -0.0065457929669158746 0.099660876522710287 0.92962808122171336 -0.49790672424525956 0.55914486003521124 -0.44494123763303617 0.3999995680523955 -0.067140669772693104 -0.57589580998182943 0.25421451026079062 -0.29447196621095723 0.035734364008198898 0.1907206475389957 2.4325429107383121 0.20816510300342586 2.5862465899671867 -0.61548009456433495 0.033955029636862637
decision_type=2 2 2 2 2 2 2 2 2 2 2 2 2 2 2 2 2 2 2 2 2 2 2 2 2 2 2 2 2 2
left_child=8 7 4 5 -3 -4 -5 -2 15 13 12 -12 -11 -10 -13 16 17 -1 22 -20 -21 -22 23 24 25 -17 -23 28 29 -18
right_child=1 2 3 6 -6 -7 -8 -9 9 10 11 14 -14 -15 -16 18 27 -19 19 20 21 26 -24 -25 -26 -27 -28 -29 -30 -31
leaf_value=-0.0095990103591854382 8.0787394703789195e-05 -0.00083123817823307466 0.005672240548807642 0.0014216940184789044 -0.0073742641850786149 -0.0026249359264525016 0.01104962670284769 0.0079239192831622399 0.00079868500303876188 0.015415891920301048 0.007620752938629057 -0.0072756551438942557 0.0039539068900048737 -0.0080280327556344379 0.0016729363516249038 -0.0035141872273556692 -0.0040592336568139554 -0.001414986177059334 0.001498068599381818 -0.013047437307735285 -0.0083141007962135166 0.0057752377364191816 -1.4268045418624505e-05 0.010547511103019741 0.0026229647369361304 0.0054832711908966306 -0.0036335597867551057 -0.0062589947722638808 0.0003997214736740998 0.0031517990255871646
leaf_weight=48 22 86 23 28 43 67 23 86 35 22 52 32 25 30 27 74 229 84 53 24 26 22 3234 24 208 20 23 30 594 91
leaf_count=48 22 86 23 28 43 67 23 86 35 22 52 32 25 30 27 74 229 84 53 24 26 22 3234 24 208 20 23 30 594 91
internal_value=1.17481e-11 0.00143702 -0.000518667 0.00176269 -0.00301225 -0.000504546 0.0057637 0.00632624 -0.000108487 0.00194501 0.00409256 0.00187953 0.00931909 -0.00327518 -0.00318054 -0.000204208 -0.00108987 -0.00439099 5.27954e-05 -0.00274611 -0.00511391 -0.00243216 0.000169154 0.00198875 0.00130858 -0.00159983 0.000966297 -0.000628269 -0.000443453 -0.0020086
internal_weight=5385 378 270 141 129 90 51 108 5007 223 158 111 47 65 59 4784 1076 132 3708 148 95 71 3560 326 302 94 45 944 914 320
internal_count=5385 378 270 141 129 90 51 108 5007 223 158 111 47 65 59 4784 1076 132 3708 148 95 71 3560 326 302 94 45 944 914 320
is_linear=0
shrinkage=0.05


Tree=26
num_leaves=31
num_cat=0
split_feature=7 0 10 12 11 9 0 10 7 10 11 6 3 14 5 5 6 7 13 13 2 2 0 2 2 3 10 10 14 3
split_gain=0.322587 0.43363 0.384617 0.567532 0.485831 0.479037 0.46146 0.849533 0.458376 0.492616 0.410628 0.396133 0.391167 0.359744 0.541349 0.443776 0.506027 0.337654 0.331615 0.440159 0.392611 0.43967 0.329025 0.466507 0.798358 0.645907 0.655638 0.853423 0.587757 0.5251
threshold=0.091435549506555566 0.099417504061913978 -0.74745563857780584 -0.32472710428488627 0.19456720315057294 0.12950006515130044 0.033289701315023852 -0.30045005980252587 0.065031458843890236 0.57712119886989355 0.14338812745340027 0.029909166455934076 0.4581703260119751 3.5359077574481144 62.611658848715827 74.439000250479324 0.037167451167019826 0.092381507706381358 -0.13084570167429707 0.04168573145352316 0.22689555392339247 0.063743640528903259 0.24323364968969122 0.17848992629504981 0.16501383015501572 0.37262315345839409 -0.19000364735343467 -0.63018264855825745 1.2484218037826806 0.28218771012523275
decision_type=2 2 2 2 2 2 2 2 2 2 2 2 2 2 2 2 2 2 2 2 2 2 2 2 2 2 2 2 2 2
left_child=1 2 3 -1 5 -4 8 -8 9 12 18 -6 -7 17 -15 16 -16 -2 -10 -20 21 -21 23 24 25 -19 27 -27 -28 -26
right_child=13 -3 4 -5 11 6 7 -9 10 -11 -12 -13 -14 14 15 -17 -18 22 19 20 -22 -23 -24 -25 29 26 28 -29 -30 -31
leaf_value=-0.0054340529999666919 0.0046699594402481327 0.0064496254696595401 -0.0076501180218266594 -0.00031914061367913055 0.00031462996426718614 -0.00019919352251508457 0.0034311080783060409 -0.0046059896590199363 -0.0059571825360762894 0.0066540608555078519 -0.0086597626190632587 0.0069689909968039272 0.0070709505584090953 0.0053357562591689967 0.00066660000603267202 0.0057109186533265393 -0.0080766716810024303 -6.4352679214072501e-05 0.0063744886822643737 -0.00027666302706837376 0.004226447442280395 -0.0056825810176288263 0.0033555746066236966 -0.00095935231480542404 0.010902996191048418 0.00098509849726476453 0.0081840381558452337 0.0096786276870888879 -0.00082639206364352742 0.0016808740738214869
leaf_weight=97 41 22 28 123 810 247 41 166 32 35 20 23 20 86 59 26 23 1997 21 107 28 58 76 872 29 55 21 58 131 33
leaf_count=97 41 22 28 123 810 247 41 166 32 35 20 23 20 86 59 26 23 1997 21 107 28 58 76 872 29 55 21 58 131 33
internal_value=-2.28818e-12 -0.000528836 -0.000611554 -0.00257435 -0.000347609 -0.00122519 -0.00099306 -0.0030141 -0.000256519 0.00107652 -0.00176997 0.000498364 0.000345387 0.000283192 0.0023759 1.898e-05 -0.00178578 0.000160649 -0.00120983 -0.000499943 -0.00124794 -0.00217693 0.000104144 2.68262e-05 0.000396855 0.000243429 0.00256282 0.00544726 0.00041847 0.00599445
internal_weight=5385 1878 1856 220 1636 803 775 207 568 302 266 833 267 3507 194 108 82 3313 246 214 193 165 3272 3196 2324 2262 265 113 152 62
internal_count=5385 1878 1856 220 1636 803 775 207 568 302 266 833 267 3507 194 108 82 3313 246 214 193 165 3272 3196 2324 2262 265 113 152 62
is_linear=0
shrinkage=0.05


Tree=27
num_leaves=31
num_cat=0
split_feature=10 1 9 3 5 10 9 1 9 5 0 1 1 5 13 1 8 0 11 11 10 11 2 10 10 3 7 13 7 3
split_gain=0.302668 0.42678 0.58489 0.808504 0.582653 0.757642 0.517506 0.493005 0.810513 0.426482 0.422579 1.25804 0.443447 0.573028 0.456719 0.475746 0.585269 0.520908 0.515016 0.504473 0.615758 0.445961 0.554188 0.540566 0.620781 0.517331 0.565287 0.456653 0.605707 0.445851
threshold=0.96258946108037313 0.09579192795084647 1.1855753094415742 -0.048352245153554511 46.79856291241645 1.1079300265860093 1.3718362528081696 0.15187163211284541 1.3377119930735868 46.79856291241645 0.15119012944286839 0.085236563838331239 -0.046787291016576353 60.385707783740763 2.1236887815095407 0.079712921009226792 1.6463357745549596 -0.055679170455211584 1.9811340351948032 -0.29191146605630097 0.027554572098455025 -0.39103497154958849 0.041071013558687482 -0.53809266575332793 0.15762690563733608 1.10211818252819 0.24978305527453018 0.6723111995432659 0.12764494636230067 0.58017301979178459
decision_type=2 2 2 2 2 2 2 2 2 2 2 2 2 2 2 2 2 2 2 2 2 2 2 2 2 2 2 2 2 2
left_child=10 2 4 6 -2 -6 -4 -3 -9 -5 12 -12 13 -1 15 17 21 -14 -19 -18 -21 22 -17 29 -25 26 -23 28 -26 -24
right_child=1 7 3 9 5 -7 -8 8 -10 -11 11 -13 14 -15 -16 16 19 18 -20 20 -22 25 23 24 27 -27 -28 -29 -30 -31
leaf_value=0.00060433084325436069 -0.0012392204863061079 -0.008803291986696422 -0.0060904781926761978 -0.012248569552442252 -0.00036405884232875466 0.0094486765375006061 0.0028170130458579118 -0.0054517628780255713 0.0046915929546699894 -0.0035431635096970504 0.0078407615133007803 0.00025826534822981833 -0.0029151735614081509 0.0087385506686669858 -0.0050289392970358573 0.007108510344051848 -0.0096844487125054002 -0.00033131684940599374 -0.0074394189027281333 -0.0050037221046691036 0.0042037922035281861 0.00012602631458929545 0.00079299566801637421 -0.0034341479031279789 0.0087279678732600247 0.005271271748642903 -0.0079633421994830395 -0.0018778410727942462 -0.00076597655757463406 0.010901125531260429
leaf_weight=1366 78 35 22 24 37 42 63 54 31 34 69 264 262 22 51 51 24 1282 26 46 30 1177 20 73 42 48 22 38 28 24
leaf_count=1366 78 35 22 24 37 42 63 54 31 34 69 264 262 22 51 51 24 1282 26 46 30 1177 20 73 42 48 22 38 28 24
internal_value=4.36797e-12 -0.00128883 -0.00028079 -0.00259407 0.00182621 0.00485284 0.000511545 -0.00380893 -0.00175242 -0.0071454 0.000109025 0.00182941 -1.4656e-05 0.000733259 -0.000334664 -0.000259685 0.000340588 -0.000880222 -0.000472609 -0.00336484 -0.00136918 0.000583886 0.00240253 0.00133584 0.000127495 0.000181364 -2.24025e-05 0.0025349 0.00493039 0.00630652
internal_weight=5385 420 300 143 157 79 85 120 85 58 4965 333 4632 1388 3244 3193 1623 1570 1308 100 76 1523 276 225 181 1247 1199 108 70 44
internal_count=5385 420 300 143 157 79 85 120 85 58 4965 333 4632 1388 3244 3193 1623 1570 1308 100 76 1523 276 225 181 1247 1199 108 70 44
is_linear=0
shrinkage=0.05


Tree=28
num_leaves=31
num_cat=0
split_feature=12 1 3 3 0 8 7 0 3 5 9 10 7 11 4 12 5 11 3 11 3 2 11 10 3 9 9 1 12 8
split_gain=0.297547 0.449492 0.850033 1.3403 0.819323 0.792485 0.92709 0.609869 0.655712 0.477626 0.462892 0.426048 0.781555 0.513783 0.55101 0.441547 0.54115 0.513681 0.419322 0.413209 0.405021 0.402833 0.622303 0.553131 0.502868 0.420556 0.387401 0.399363 0.365833 0.397413
threshold=-2.0022627460437383 0.34611718571419209 0.41835018183260725 0.70459452283020363 0.139891592735262 0.38429721716407311 0.2199916749894231 0.22951149465883205 0.76070361482531845 71.694282411892985 1.5266570939884356 -0.66380572763255807 0.27456052767475791 0.71296403861436064 0.54592305790091411 0.033207025156781152 53.539656879833011 0.47170182949769085 1.8813982191837129 0.56128008705318855 0.28218771012523275 0.60322085205874199 0.64020873478767404 -0.47107523070722296 0.87164761198867902 1.6759778149136684 1.2317853911514778 -0.066538708163003876 -1.6259136542742001 0.12153852766867153
decision_type=2 2 2 2 2 2 2 2 2 2 2 2 2 2 2 2 2 2 2 2 2 2 2 2 2 2 2 2 2 2
left_child=18 7 20 4 -4 6 -5 8 11 -7 -9 12 15 14 19 -2 17 -17 -1 28 -3 22 23 -10 -25 -23 27 -19 -13 -30
right_child=1 2 3 5 -6 9 -8 10 21 -11 -12 13 -14 -15 -16 16 -18 26 -20 -21 -22 25 -24 24 -26 -27 -28 -29 29 -31
leaf_value=0.00096314940821584758 -0.0027058067988902129 -0.0043242640113709749 0.001007502921425772 -0.0048347800542172551 0.014359604287892581 -0.012242814269045305 0.0073505775244147691 0.0018049481847334564 0.0072864196149121027 -0.002199013768695295 0.010757850906388327 -0.0057385299362820285 0.0055046132774441503 0.0011485763701488268 0.0053106875391677024 0.0060129810307407751 -0.0027667202098571042 0.0065459845300730587 0.0078246726102575107 -0.0022325755536215953 -0.013018119760922023 0.012280065480154008 -0.0041814763514274687 0.005088851102854966 -0.0021718874120300537 0.0020263393921777606 -0.0046283142415411548 -0.0012807413649100524 -0.00059215495170034365 0.00060685629360657505
leaf_weight=127 412 37 27 37 20 29 27 42 51 20 22 29 40 834 44 50 108 28 27 260 21 20 37 41 57 20 33 39 1664 1182
leaf_count=127 412 37 27 37 20 29 27 42 51 20 22 29 40 834 44 50 108 28 27 260 21 20 37 41 57 20 33 39 1664 1182
internal_value=3.68257e-13 -6.3771e-05 -0.00228636 -0.000406553 0.00668925 -0.0033579 0.000305918 3.28826e-05 -2.98323e-05 -0.0081433 0.00488251 -0.000155729 -0.00128473 4.40205e-05 -0.000245756 -0.00169007 -6.80327e-05 0.00187502 0.00216614 -0.000323741 -0.00747204 0.00260118 0.00162225 0.00306344 0.000865768 0.0071532 -0.000193957 0.00199013 -0.000151116 -9.41819e-05
internal_weight=5385 5231 218 160 47 113 64 5013 4949 49 64 4723 710 4013 3179 670 258 150 154 3135 58 226 186 149 98 40 100 67 2875 2846
internal_count=5385 5231 218 160 47 113 64 5013 4949 49 64 4723 710 4013 3179 670 258 150 154 3135 58 226 186 149 98 40 100 67 2875 2846
is_linear=0
shrinkage=0.05


Tree=29
num_leaves=31
num_cat=0
split_feature=10 6 6 12 7 8 7 1 5 9 13 13 6 5 10 5 1 9 12 11 2 13 7 10 5 13 7 13 6 12
split_gain=0.27701 0.484753 0.828838 0.954891 0.910722 0.614228 0.645806 0.381516 0.545647 0.567828 0.5524 0.596395 0.542884 0.412584 0.689157 0.409646 0.389338 0.647059 0.385094 0.367722 0.745788 0.346604 0.330823 0.326989 0.464579 0.602632 0.626277 0.499766 0.68472 0.564802
threshold=0.96258946108037313 0.072886939461157416 0.047805337595346532 -1.4283111747299915 0.40332191805999829 0.71600790493616706 0.16237409335355715 0.09579192795084647 60.610368536502939 1.1855753094415742 -0.94562237683300832 0.5029700766088947 0.047441925227058333 46.79856291241645 1.1440649129312772 49.713842728104993 0.15187163211284541 1.3377119930735868 0.28892198435777539 -0.015989261446533887 0.042769826258563411 1.0479956099236676 0.3668131180923877 -0.66380572763255807 62.327098496749393 1.2683262878292376 0.21758018857849318 -0.34909337033435278 0.037696269645478168 -0.077193901359120728
decision_type=2 2 2 2 2 2 2 2 2 2 2 2 2 2 2 2 2 2 2 2 2 2 2 2 2 2 2 2 2 2
left_child=1 2 22 21 5 6 -5 8 9 13 -11 -12 16 -2 -15 18 -9 -18 -13 20 -8 -4 23 24 25 26 27 28 -1 -29
right_child=7 -3 3 4 -6 -7 19 12 -10 10 11 15 -14 14 -16 -17 17 -19 -20 -21 -22 -23 -24 -25 -26 -27 -28 29 -30 -31
leaf_value=0.0013474596399415317 -0.0011806340532926605 -0.0056766419209048364 0.010974800502437921 0.0088618002086877836 -0.0081176583047794272 0.0085803953648516638 0.0085792338814247738 -0.0096676239627413452 0.0071202553079827971 0.0041917515408602503 -0.0088582864749090131 0.00013141375561447248 0.0039042952284216881 -0.0012381061160516354 0.0089992145329181646 0.0042386816415403575 -0.0064664530821351542 0.0038427752599565555 -0.0093551462673349319 -0.0047023292944336744 -0.0040432619564235214 0.0029775125812739134 0.0047143124251601267 0.00015861394868340125 -0.0034696734670335554 0.0066699103662013568 0.0050489060551626615 -0.0042478483793265019 -0.0069223100585596902 2.8649950885058691e-05
leaf_weight=236 78 36 42 20 23 33 22 32 23 21 48 23 20 31 35 21 45 23 20 39 25 20 37 3864 149 29 44 186 28 132
leaf_count=236 78 36 42 20 23 33 22 32 23 21 48 23 20 31 35 21 45 23 20 39 25 20 37 3864 149 29 44 186 28 132
internal_value=-1.00055e-11 0.000104301 0.000146524 0.00311806 0.00109848 0.00262345 0.000768932 -0.00123299 -0.000279905 -0.000894358 -0.00324992 -0.00464523 -0.00361571 0.00128126 0.00419078 -0.00148544 -0.00511971 -0.00297951 -0.00428094 -0.00111313 0.00186514 0.00839503 5.05198e-06 -3.22751e-05 -0.000949682 -0.000376432 -0.00070286 -0.0011377 0.000470363 -0.0024727
internal_weight=5385 4965 4929 224 162 139 106 420 300 277 133 112 120 144 66 64 100 68 43 86 47 62 4705 4668 804 655 626 582 264 318
internal_count=5385 4965 4929 224 162 139 106 420 300 277 133 112 120 144 66 64 100 68 43 86 47 62 4705 4668 804 655 626 582 264 318
is_linear=0
shrinkage=0.05


Tree=30
num_leaves=31
num_cat=0
split_feature=14 13 3 4 9 8 0 2 8 13 13 10 14 12 4 8 12 4 4 9 10 12 13 10 13 2 2 9 0 12
split_gain=0.276284 0.250654 0.511521 1.07144 0.757478 1.29085 0.641699 0.477975 0.743193 0.485956 0.465159 0.729829 0.619247 0.503995 0.778649 0.588771 0.528254 0.499043 0.760828 0.48739 0.440736 0.427484 0.427354 0.663301 0.439797 0.417057 0.46069 0.442078 0.396936 0.393341
threshold=7.6054456789461486 0.45331825249563457 -0.015811605761959443 0.46726782205286016 0.32281475610209115 1.2688260454119116 -0.14653225185370708 -0.040544216663354719 -0.21126816002416784 0.77720005240730072 0.63564806695432108 0.4644878669256256 2.020194668626385 0.15727149617026376 0.27861263867662489 -0.72085837834310007 0.083090708818603157 0.1976670631039931 0.17481527110926617 1.7408548463895765 0.45317066528328964 0.35294216730616518 1.9182341251696702 0.31270042953695942 0.93003705178236007 0.23482242731025296 -0.067100291858182878 0.90780188993512845 -0.063777847304483201 0.48695197034491094
decision_type=2 2 2 2 2 2 2 2 2 2 2 2 2 2 2 2 2 2 2 2 2 2 2 2 2 2 2 2 2 2
left_child=1 -1 3 4 -3 7 -4 8 9 -6 11 12 21 14 16 -15 19 18 -17 25 29 -8 23 24 -10 26 -12 -27 -9 -19
right_child=-2 2 6 -5 5 -7 10 28 22 -11 13 -13 -14 15 -16 17 -18 20 -20 -21 -22 -23 -24 -25 -26 27 -28 -29 -30 -31
leaf_value=0.00022681792574141547 0.0057238699291788401 -0.0075620553294449295 -0.0072668027325436995 0.0069391221821527268 -0.011713336780667306 0.0081442915077786903 -0.0022933488362468779 0.00023626115810322136 -0.0039954587576850773 -0.0028364945861414589 -0.0067716686672065407 0.0035919195438989188 0.0023055796868309544 0.0061691866921751784 0.0021140967316593587 0.0012205922019930971 -0.007919190660674846 -0.002283550893851355 0.0090991300807218064 -0.0084208366760451878 -0.0050957294379424473 -0.007425324294823581 -0.0051146780202786131 0.0047919305064715451 0.0022076791828884832 -0.0089697123928258581 0.0011801850396509776 -0.0004000663394382333 -0.0055303131499542966 0.0038394881119192753
leaf_weight=3502 21 59 29 34 21 32 108 38 62 58 20 55 46 74 222 131 31 51 40 21 44 65 30 80 53 27 204 34 139 54
leaf_count=3502 21 59 29 34 21 32 108 38 62 58 20 55 46 74 222 131 31 51 40 21 44 65 30 80 53 27 204 34 139 54
internal_value=7.60902e-13 -2.24089e-05 -0.000491148 -0.00168423 -0.00219681 -0.00157975 8.44951e-05 -0.00222667 -0.00102399 -0.00519616 0.000258242 -0.00155736 -0.00285055 0.00078025 -0.000185086 0.00214985 -0.00169968 0.00122038 0.00306353 -0.0010696 -0.000894905 -0.00422155 0.000440901 0.00129561 -0.00113662 -0.00052793 0.000470198 -0.00419319 -0.00429229 0.000865441
internal_weight=5385 5364 1862 606 572 513 1256 481 304 79 1227 274 219 953 559 394 337 320 171 306 149 173 225 195 115 285 224 61 177 105
internal_count=5385 5364 1862 606 572 513 1256 481 304 79 1227 274 219 953 559 394 337 320 171 306 149 173 225 195 115 285 224 61 177 105
is_linear=0
shrinkage=0.05


Tree=31
num_leaves=31
num_cat=0
split_feature=7 8 13 4 6 13 13 12 13 8 10 11 10 4 8 3 8 10 10 8 1 12 8 7 7 7 10 11 11 7
split_gain=0.261416 0.33524 0.43101 0.425919 0.459523 0.454263 0.411465 0.43919 0.484831 0.623413 0.470804 0.489376 0.515357 0.489321 0.738139 0.417571 0.398777 0.393571 0.366528 0.411826 0.362916 0.350493 0.337936 0.605438 0.522208 0.330131 0.319784 0.291027 0.445218 0.284378
threshold=0.091435549506555566 -2.1712043008447828 -1.1550350254782324 0.30600343432020433 0.030672624180220022 1.6029078352286488 1.3699389265399462 -0.45323748680892922 -0.78226952508215775 0.011475470145419721 -0.21271053562930961 0.72900587247501225 -0.081840741430966563 0.21189233712185793 0.17188112498060001 0.38571399131116718 0.033348519798745625 -0.30045005980252587 -0.51396445399874502 0.23840161919803707 0.032177075249822391 0.0503597700527127 -0.81054092511256415 0.067259219244315202 0.075065997653097891 0.075065997653097891 0.045038640596937296 -0.67793304966436918 -0.53996684510065995 0.092838151029982288
decision_type=2 2 2 2 2 2 2 2 2 2 2 2 2 2 2 2 2 2 2 2 2 2 2 2 2 2 2 2 2 2
left_child=1 -1 17 5 -5 6 7 16 9 -9 13 15 -13 -10 25 22 -4 20 -18 -20 -3 -14 23 -12 27 -15 -17 -24 -29 -2
right_child=29 2 3 4 -6 -7 -8 8 10 -11 11 12 21 14 -16 26 18 -19 19 -21 -22 -23 24 -25 -26 -27 -28 28 -30 -31
leaf_value=-0.0039226165640523988 0.0035839139901023978 0.010309141173958779 -0.0006837201553946742 -0.010702817860458579 -0.00091844519525433759 0.0041727183210962223 -0.0065398997843398579 0.00025985205457324071 0.00048729982735330903 -0.0087067807558923963 0.00043821129689200055 -0.0031262480895276426 -8.5556954550354374e-05 0.010099632228828139 -0.0003587896269106982 5.3813128286729697e-05 -0.0077002382663754268 -0.00070645537328075725 -0.0066739495098590857 0.001890896839904599 0.0015039130029353229 0.0074212340589535119 -0.005642156833500573 -0.0090943581424653541 0.0023088886860447625 0.0028381365584209564 -0.0071935911132944355 0.0055676629762344346 -0.0012139000611787196 0.00019403530517229651
leaf_weight=68 63 25 159 21 28 53 28 42 339 36 36 27 23 45 51 23 51 37 25 32 22 48 33 31 150 24 45 26 350 3444
leaf_count=68 63 25 159 21 28 53 28 42 339 36 36 27 23 45 51 23 51 37 25 32 22 48 33 31 150 24 45 26 350 3444
internal_value=1.3419e-12 -0.000476062 -0.000346578 -0.000516791 -0.00511175 -0.000382532 -0.000531195 -0.000425779 -5.40102e-05 -0.00387859 0.000184453 -0.00055397 0.0027535 0.00145859 0.0042025 -0.00102102 -0.00227627 0.0031509 -0.00462085 -0.00186561 0.00618755 0.00498946 -0.000616794 -0.00397238 -0.000214604 0.00757389 -0.00474226 -0.00114009 -0.000744962 0.000254931
internal_weight=5385 1878 1810 1726 49 1677 1624 1596 1329 78 1251 792 98 459 120 694 267 84 108 57 47 71 626 67 559 69 68 409 376 3507
internal_count=5385 1878 1810 1726 49 1677 1624 1596 1329 78 1251 792 98 459 120 694 267 84 108 57 47 71 626 67 559 69 68 409 376 3507
is_linear=0
shrinkage=0.05


Tree=32
num_leaves=31
num_cat=0
split_feature=14 5 13 5 8 9 1 10 12 1 1 3 3 2 9 10 2 5 14 10 8 8 5 8 12 12 13 12 9 1
split_gain=0.254924 0.453791 0.414298 0.388718 0.379851 0.495166 0.473767 0.462317 0.68301 0.399454 0.388446 0.79048 0.564705 0.370101 0.405352 0.366468 0.369611 0.449827 0.459582 0.399615 0.442527 0.583054 0.426477 0.411367 0.39665 0.36372 0.40483 0.353588 0.343086 0.3267
threshold=2.084897345802144 57.577031811539889 1.6566045769547511 76.955213112595331 -1.2781824219682205 0.90318432618625411 0.027475571006486125 0.92429527955373647 0.73946868041078251 0.072504393057011521 0.35323283027325875 0.41835018183260725 0.62100531654365265 0.0021626668439049816 1.7069138077803974 0.73406250774169768 0.037251908736316459 41.164569877529949 2.2195551096993671 0.2849514372597326 -0.73837819779107905 -0.47721762191802813 52.422987750503978 -1.6076642225414204 0.12689446354201281 -0.26933573386430221 0.7422761824856694 -0.077193901359120728 0.59642589031280535 0.30834777292944177
decision_type=2 2 2 2 2 2 2 2 2 2 2 2 2 2 2 2 2 2 2 2 2 2 2 2 2 2 2 2 2 2
left_child=4 2 15 25 5 6 28 8 13 -8 -6 -12 -13 -7 -15 16 -2 -18 -19 20 22 -22 23 -20 -21 29 27 -27 -1 -3
right_child=1 3 -4 -5 10 7 9 -9 -10 -11 11 12 -14 14 -16 -17 17 18 19 24 21 -23 -24 -25 -26 26 -28 -29 -30 -31
leaf_value=0.0012544810562731996 -0.0039819845333695413 0.002277212499323836 0.0084422751066639372 0.0039527103202417497 8.5815698399736742e-05 0.0021672191353337396 -0.010043468454054424 -0.0064645456150174141 0.0065536984545178714 -0.0034356511113318531 -0.0078882370723618398 0.0077223386522382509 -0.0040171174153718833 -0.00075337988752770919 -0.0073995464652918085 -0.0045857648648645567 0.0073798990892007567 0.0066671985349186311 0.0042080171988345683 0.010124577267164238 0.008525055886891026 0.00038085716742117118 -0.0078565729482631599 -0.0048697156249545518 0.0010801979538950103 -0.0052978572590897484 -0.0067843500343668789 -0.00026826568733807877 -0.0038925110606751485 -0.0020302555079979357
leaf_weight=69 25 141 23 50 3776 84 35 26 40 66 45 20 21 127 28 23 39 41 26 22 26 142 28 24 27 42 36 208 61 64
leaf_count=69 25 141 23 50 3776 84 35 26 40 66 45 20 21 127 28 23 39 41 26 22 26 142 28 24 27 42 36 208 61 64
internal_value=1.21104e-12 0.000726193 0.00190698 -0.000247245 -0.000162972 -0.00141028 -0.00315653 -8.77062e-05 0.000506551 -0.00572549 1.0139e-05 -0.0033126 0.00170945 -0.000505524 -0.00195398 0.00155163 0.00190453 0.00229696 0.00170698 0.00101759 0.000196278 0.00164127 -0.00291601 -0.000149295 0.00514094 -0.000674939 -0.00182708 -0.00111324 -0.00116065 0.000932442
internal_weight=5385 987 446 541 4398 536 231 305 279 101 3862 86 41 239 155 423 400 375 336 295 246 168 78 50 49 491 286 250 130 205
internal_count=5385 987 446 541 4398 536 231 305 279 101 3862 86 41 239 155 423 400 375 336 295 246 168 78 50 49 491 286 250 130 205
is_linear=0
shrinkage=0.05


Tree=33
num_leaves=31
num_cat=0
split_feature=14 6 12 1 3 3 0 5 3 0 2 13 5 0 11 13 4 7 4 3 4 3 11 2 13 5 0 5 1 6
split_gain=0.247554 0.247042 0.321168 0.413312 0.654475 1.22316 0.709501 0.552679 0.477415 0.767671 0.707099 0.378804 0.370538 0.759019 0.48821 0.411234 0.363897 0.464226 0.358188 0.365928 0.926344 0.8565 0.495902 0.382359 0.351345 0.343716 0.336705 0.332183 0.324175 0.317124
threshold=7.6054456789461486 0.085824909515252526 -2.0022627460437383 0.34611718571419209 0.41835018183260725 0.70459452283020363 0.139891592735262 59.975215178913977 0.76070361482531845 0.22951149465883205 0.688967779704729 0.17451340881418839 52.961802884180941 0.13023457285503073 0.49457628783164492 0.0085314310997856042 0.45498479026694166 0.2545092882167061 0.65913372468674869 0.6409038246875004 0.28165723378317675 0.60000002152785881 -0.18163853159901175 0.17848992629504981 -1.0551728940719125 43.323909022202763 0.016206424155272296 71.694282411892985 0.14393640724871218 0.032617036868956416
decision_type=2 2 2 2 2 2 2 2 2 2 2 2 2 2 2 2 2 2 2 2 2 2 2 2 2 2 2 2 2 2
left_child=1 2 12 8 11 6 -6 -7 9 18 24 -5 14 15 25 -14 17 -9 19 21 22 -4 -21 -23 29 -1 -24 -11 -28 -10
right_child=-2 -3 3 4 5 7 -8 16 10 27 -12 -13 13 -15 -16 -17 -18 -19 -20 20 -22 23 26 -25 -26 -27 28 -29 -30 -31
leaf_value=-0.0033332331904343199 0.0054180993742886045 -0.0055678419326432053 -0.0001821500951985946 -0.0015867613340643319 0.00090401564686746691 0.0023588413693781556 0.013329080659896138 -0.00711820712877494 0.0019010063526885852 0.0098452376960604295 0.010386646740759413 -0.0099145268348770008 -0.0093468008562922478 0.0074210725538432602 0.0095141470732708136 0.00067121934611350301 -0.011006439979309621 0.0025356493424624205 0.0063710859311478484 0.0061088684868688386 -0.009236300027427766 0.010828814122148535 -0.0068932264000177382 0.0028942060761381777 0.0024251929513967722 0.0051957814988714685 0.0044446342353088161 0.0016681683047310167 -0.0034112132443436267 -0.0065124674467369921
leaf_weight=21 21 20 4485 22 27 29 20 33 21 27 24 36 21 20 31 20 23 20 21 24 39 22 25 49 157 27 24 23 29 24
leaf_count=21 21 20 4485 22 27 29 20 33 21 27 24 36 21 20 31 20 23 20 21 24 39 22 25 49 157 27 24 23 29 24
internal_value=-7.83115e-12 -2.12118e-05 -4.5346e-07 -6.40302e-05 -0.00223701 -0.00051276 0.00619128 -0.00351361 2.73444e-05 -7.90895e-05 0.00227282 -0.00675572 0.00236278 -0.000564541 0.00462312 -0.00445996 -0.00575442 -0.00347524 -0.000144402 -0.000173532 -0.00268218 -9.5894e-05 -0.000176194 0.00535282 0.0013088 0.00146434 -0.00211006 0.00608379 0.000146152 -0.00258618
internal_weight=5385 5364 5344 5204 210 152 47 105 4994 4768 226 58 140 61 79 41 76 53 4718 4697 141 4556 102 71 202 48 78 50 53 45
internal_count=5385 5364 5344 5204 210 152 47 105 4994 4768 226 58 140 61 79 41 76 53 4718 4697 141 4556 102 71 202 48 78 50 53 45
is_linear=0
shrinkage=0.05


Tree=34
num_leaves=31
num_cat=0
split_feature=10 4 6 8 5 8 0 1 9 7 14 2 7 4 14 6 5 6 4 8 14 5 2 9 9 2 0 2 0 10
split_gain=0.238105 0.434361 0.691764 0.698121 0.460642 0.628458 0.424313 0.673808 0.402432 0.694133 0.392662 0.438978 0.391718 0.37549 0.6683 0.632423 0.568706 0.521584 0.48414 0.582829 0.361398 0.674436 0.654976 0.603748 0.684417 0.53979 0.528204 0.446807 0.439648 0.458371
threshold=0.96258946108037313 0.7014999583533521 0.047805337595346532 -3.901674374046026 64.706608040993927 0.24536857899685502 0.15119012944286839 0.085236563838331239 1.7069138077803974 0.24978305527453018 1.7720003063013812 -0.31409579972235718 0.16841784649409411 0.22029874887785864 0.37572115082086627 0.030069645274725984 59.8275246801919 0.027892480833040221 0.34974948130079864 0.023055349704525722 -0.046437636508686965 65.395442584442236 0.017741858804441683 0.30431894057778391 0.41131150379191211 -0.19447848269806819 -0.12141096567686392 -0.11851697372311591 0.0349765925904666 -0.93948223859191116
decision_type=2 2 2 2 2 2 2 2 2 2 2 2 2 2 2 2 2 2 2 2 2 2 2 2 2 2 2 2 2 2
left_child=1 2 6 -4 5 10 20 -8 12 -10 11 -5 -9 14 -2 16 17 -15 19 -17 21 23 -23 26 27 -22 -1 -25 -26 -30
right_child=13 -3 3 4 -6 -7 7 8 9 -11 -12 -13 -14 15 -16 18 -18 -19 -20 -21 25 22 -24 24 28 -27 -28 -29 29 -31
leaf_value=0.0024887785802341321 0.008320879884478119 -0.0053755237876127165 -0.005023923084139824 0.0069949248894339514 -0.0029826441695067017 0.0094371561743901121 0.0065399500437378581 0.0056796038928239242 -0.0015920106321573259 0.011423418551151242 0.0065724411860315331 -0.0013866171820974742 -0.0013072145135871545 -0.0043034545069902527 -0.0027040553854801278 -0.0010646763384680857 0.00053581504652163749 -0.013064948397760207 -0.0018465087370714173 0.0074497624926545937 0.005936524503049441 -0.012260136748664082 -0.00056865577631549024 0.0091647897629688179 -0.0011538628551284447 9.1716781244764248e-05 -0.0062960180484949828 0.00095360350649177747 -0.0050004930198192599 0.0021886404803882794
leaf_weight=22 27 36 25 21 22 50 61 23 20 21 45 61 157 49 28 44 33 26 176 37 40 25 23 30 772 3176 77 37 25 196
leaf_count=22 27 36 25 21 22 50 61 23 20 21 45 61 157 49 28 44 33 26 176 37 40 25 23 30 772 3176 77 37 25 196
internal_value=-3.16251e-12 9.67001e-05 0.000136668 0.00285139 0.00384075 0.00468886 7.42265e-06 0.0018879 0.000603845 0.00507443 0.00281945 0.000759875 -0.000414454 -0.00114313 0.00270819 -0.00172347 -0.00493404 -0.00734077 -0.00037428 0.00282464 -0.000112472 -0.000850221 -0.00665797 -0.000609693 -0.000260938 0.000164413 -0.00434384 0.00463025 -0.000590958 0.00137539
internal_weight=5385 4965 4929 224 199 177 4705 282 221 41 127 82 180 420 55 365 108 75 257 81 4423 1207 48 1159 1060 3216 99 67 993 221
internal_count=5385 4965 4929 224 199 177 4705 282 221 41 127 82 180 420 55 365 108 75 257 81 4423 1207 48 1159 1060 3216 99 67 993 221
is_linear=0
shrinkage=0.05


Tree=35
num_leaves=31
num_cat=0
split_feature=14 1 2 0 11 8 9 11 12 0 4 10 1 1 4 11 11 0 0 10 10 14 14 11 0 6 6 14 12 9
split_gain=0.23111 0.214204 0.430482 0.41979 0.419667 0.626347 0.703003 0.680693 0.409099 0.713439 0.618134 0.52553 0.59075 0.81768 0.701357 0.487736 0.450302 0.393218 0.535988 0.440571 0.503817 0.771502 0.666024 0.697132 0.479781 0.463467 0.443484 0.430823 0.587976 0.425387
threshold=7.6054456789461486 -0.046787291016576353 0.2815223639972681 0.01137227781888517 -1.0715191371163384 1.486016725699147 1.3122077203564031 -1.7488395090016395 0.63377187987577865 0.041492794575442422 0.52408431169434022 -0.80600123135823509 -0.17409479933242819 -0.24965892496157935 0.32523092439102436 -0.29191146605630097 0.79777233380060286 0.12245248336363092 0.094032880766101515 0.18078150998275375 0.55098031756626742 -0.28712407893148317 -0.35306279301878435 -0.5481175584402902 -0.060294828607556299 0.02479344055553848 0.020301318110200615 -1.0658476833443089 -0.2587378065945059 1.1532118517484926
decision_type=2 2 2 2 2 2 2 2 2 2 2 2 2 2 2 2 2 2 2 2 2 2 2 2 2 2 2 2 2 2
left_child=1 2 8 -3 5 6 7 -5 10 11 17 -10 13 -13 16 -12 -14 18 19 27 21 24 -22 -24 -21 26 -23 28 -1 -25
right_child=-2 3 -4 4 -6 -7 -8 -9 9 -11 15 12 14 -15 -16 -17 -18 -19 -20 20 22 25 23 29 -26 -27 -28 -29 -30 -31
leaf_value=-0.010667014028877021 0.0052350607833692008 -0.00089038633626859528 -0.0052755815268938026 0.0019536515214928873 0.00038053314941815841 -0.0076799851050600417 0.0033568055472016096 -0.0084294857052890099 0.0046712756092692244 0.0045672234483600518 0.010669947059118542 -0.0038389071295766731 -0.0038314496098017254 0.0055383414131628872 -0.010585088653235951 0.0012389384156379563 0.0029408523611103498 -0.0048640677728690211 0.0090483119152486337 0.0039938474239574534 0.0037770092848835417 0.0074108162509470155 0.00282506519346498 -0.0010577360613689083 -0.0033074539299640391 0.0094647241326803796 -0.0015821844178180282 0.00045845888812800118 -0.00072621521083455467 -0.0091948117258855051
leaf_weight=21 21 1458 32 27 2145 40 61 38 29 52 29 46 135 47 33 26 30 30 20 45 76 29 40 29 45 62 26 626 51 36
leaf_count=21 21 1458 32 27 2145 40 61 38 29 52 29 46 135 47 33 26 30 30 20 45 76 29 40 29 45 62 26 626 51 36
internal_value=5.4338e-12 -2.04952e-05 0.00046521 -0.00022604 0.000193093 -0.00222895 -0.000498466 -0.00411649 0.000582744 -0.000864659 0.00103483 -0.00174734 -0.002387 0.000900132 -0.00393095 0.00621165 -0.00260012 0.000784191 0.000937398 0.000788026 0.00213878 0.00382356 0.000211976 -0.00236843 0.000343197 0.00650077 0.00315958 3.71791e-05 -0.00362561 -0.00556442
internal_weight=5385 5364 1595 3769 2311 166 126 65 1563 372 1191 320 291 93 198 55 165 1136 1106 1086 388 207 181 105 90 117 55 698 72 65
internal_count=5385 5364 1595 3769 2311 166 126 65 1563 372 1191 320 291 93 198 55 165 1136 1106 1086 388 207 181 105 90 117 55 698 72 65
is_linear=0
shrinkage=0.05


Tree=36
num_leaves=31
num_cat=0
split_feature=0 9 4 10 1 1 9 1 0 14 13 5 12 1 10 2 14 14 8 8 10 5 0 4 3 13 8 0 10 2
split_gain=0.211228 0.514966 0.521666 0.260374 0.397263 0.461434 0.442261 0.457885 0.353166 0.595682 0.69196 0.648446 0.403553 0.293512 0.553637 0.465243 0.465141 0.415316 0.309815 0.609107 0.305364 0.657206 0.296315 0.293411 0.549862 0.377446 0.325117 0.397956 0.287695 0.424909
threshold=0.24323364968969122 1.7069138077803974 0.46726782205286016 0.96258946108037313 0.09579192795084647 0.019336106493507591 0.65724642303192993 0.15187163211284541 -0.048998052447006717 0.51265544011610376 0.5029700766088947 51.161775545686616 0.73946868041078251 -0.15409085169760825 0.74965095404487536 0.063743640528903259 -1.1465150464825666 0.86268608472067509 2.8668432921714291 1.8290647753926892 -0.76934437341092954 37.400768524922249 -0.16883922090759465 0.7014999583533521 1.8813982191837129 -0.10521366160223845 -2.8745623399959421 0.0069588040534048776 0.47326019622659637 -0.33057499742558577
decision_type=2 2 2 2 2 2 2 2 2 2 2 2 2 2 2 2 2 2 2 2 2 2 2 2 2 2 2 2 2 2
left_child=3 2 -2 13 5 8 -6 -8 12 10 11 -10 -5 14 15 17 -15 18 19 20 21 -1 -22 24 26 -26 27 -18 29 -24
right_child=1 -3 -4 4 6 -7 7 -9 9 -11 -12 -13 -14 16 -16 -17 23 -19 -20 -21 22 -23 28 -25 25 -27 -28 -29 -30 -31
leaf_value=-0.0078529013907191938 0.0025669902213849129 0.0070683504532401756 -0.006881459114984387 -0.0014292924359697516 -0.010194690106436611 0.0034753750152294602 -0.0074767498848294575 0.00033127457374990756 0.00053666369230658928 0.0072206313184534137 0.0035309270889099156 -0.010323275818622538 -0.0080252442904042483 -0.0034489329772615673 0.0094567509274929781 0.0079847523646259851 -0.0034265228770358168 -0.0065072892326861614 0.0063835053471848376 -0.0071671738444517063 -0.0021137082263043053 0.0026656857437708163 -0.0049122362770140171 -0.0053843359202146533 0.0010013165307186898 0.010481195045369013 8.0516384228008378e-05 0.002436010237481143 0.0074028666630121219 0.0028493959447306477
leaf_weight=27 48 36 21 78 22 63 28 57 27 26 42 28 33 99 20 22 133 20 24 24 38 33 20 25 21 21 4135 37 28 149
leaf_count=27 48 36 21 78 22 63 28 57 27 26 42 28 33 99 20 22 133 20 24 24 38 33 20 25 21 21 4135 37 28 149
internal_value=6.8821e-13 0.00222062 -0.000308625 -4.41601e-05 -0.00126397 -0.000322881 -0.00387616 -0.00224078 -0.00134549 0.000499785 -0.00130168 -0.00499203 -0.00339025 5.69072e-05 0.00134583 0.00092448 -5.98479e-05 0.000496584 0.000904973 0.000492795 0.00111598 -0.00206768 0.00192883 1.68949e-05 4.79579e-05 0.00574126 -7.58651e-06 -0.00215056 0.00270861 0.00193086
internal_weight=5385 105 69 5280 404 297 107 85 234 123 97 55 111 4876 405 385 4471 363 343 319 295 60 235 4372 4347 42 4305 170 197 169
internal_count=5385 105 69 5280 404 297 107 85 234 123 97 55 111 4876 405 385 4471 363 343 319 295 60 235 4372 4347 42 4305 170 197 169
is_linear=0
shrinkage=0.05


Tree=37
num_leaves=31
num_cat=0
split_feature=7 0 0 0 6 4 4 8 0 11 2 6 2 14 10 10 4 1 1 4 0 0 11 13 10 8 7 13 13 3
split_gain=0.223492 0.370818 0.346731 0.370105 0.35795 0.335995 0.733586 0.510731 0.658658 0.571335 0.557335 0.665394 0.654488 0.528191 0.492267 0.582077 0.467441 0.464985 0.464549 0.398965 0.487054 0.386248 0.385335 0.369345 0.363216 0.50119 0.36205 0.403765 0.408939 0.718205
threshold=0.091435549506555566 0.099417504061913978 -0.062671219110263118 -0.068783179898707122 0.02294685850066748 0.20455940954875232 0.1976670631039931 0.016494075464939615 0.024312894784155329 -0.15604907093970485 -0.11023176079017209 0.023959808624074975 0.24455394364824737 0.97632925308671792 0.039755418998630172 -0.25758977226233321 0.21665826340929514 0.10767785688180366 0.0053524127013445675 0.2431446216862172 -0.013251848803655817 0.014077992314259881 0.84504542485149381 0.26936786945473751 -0.75814659919576088 0.85854472092939427 0.050162360328976356 0.071534752274210814 0.21348291217900386 0.20971380772467754
decision_type=2 2 2 2 2 2 2 2 2 2 2 2 2 2 2 2 2 2 2 2 2 2 2 2 2 2 2 2 2 2
left_child=1 2 3 4 -1 6 24 8 16 -10 21 13 -13 14 15 -12 18 -15 -7 23 -21 -9 -8 -18 -4 26 -26 -28 -29 -30
right_child=-2 -3 5 -5 -6 7 22 10 9 -11 11 12 -14 17 -16 -17 19 -19 -20 20 -22 -23 -24 -25 25 -27 27 28 29 -31
leaf_value=0.0023258394212462008 0.00023571558887205222 0.0060130974489518187 -0.0036992432493492067 -0.0092905495088251144 -0.0058214357695900477 0.0098157968837767843 -0.0070317323589562516 0.0066239699973045171 -0.00085035465114439524 0.0082562015964420601 0.0018067275597290558 -0.0064688986792278136 0.0032850041275932678 -7.753276677672254e-07 -0.0017548377811908722 0.012616742048412561 -0.0055492412265656255 -0.0088084934724737777 0.00093025261824215334 0.0048197424232538019 -0.0020249205166656598 -0.0020003433013334872 0.00085041772574186332 0.0012532906096068121 0.00093841098001467031 0.0036165613463366186 0.0005109797453541244 -0.0064423617562279108 -0.0032108039793571734 0.0016605576910325782
leaf_weight=28 3507 22 83 22 26 24 69 37 24 61 33 95 21 43 35 20 56 23 38 53 51 20 20 31 267 77 207 50 229 113
leaf_count=28 3507 22 83 22 26 24 69 37 24 61 33 95 21 43 35 20 56 23 38 53 51 20 20 31 267 77 207 50 229 113
internal_value=2.29443e-13 -0.000440178 -0.000516672 -0.00382403 -0.00159692 -0.000375459 -0.000905976 0.000514056 0.00187698 0.00568494 -0.000894714 -0.00184315 -0.00470311 0.000311096 0.00284702 0.00588598 0.000597623 -0.00307013 0.00436982 -0.000626859 0.00146323 0.0035979 -0.00526046 -0.00312535 -0.000528248 -0.000249147 -0.000592864 -0.00127542 -0.00221875 -0.00160126
internal_weight=5385 1878 1856 76 54 1780 1115 665 338 85 327 270 116 154 88 53 253 66 62 191 104 57 89 87 1026 943 866 599 392 342
internal_count=5385 1878 1856 76 54 1780 1115 665 338 85 327 270 116 154 88 53 253 66 62 191 104 57 89 87 1026 943 866 599 392 342
is_linear=0
shrinkage=0.05


Tree=38
num_leaves=31
num_cat=0
split_feature=12 14 11 4 7 4 14 8 9 14 0 8 2 10 13 0 14 3 3 12 7 9 11 13 11 11 10 8 0 12
split_gain=0.202843 0.344691 0.361114 0.367586 0.363181 0.326335 0.291638 0.285681 0.225301 0.54745 0.699997 0.54355 0.508483 0.395084 0.361043 0.518134 0.476881 0.702492 0.454227 0.301829 0.929106 0.413862 0.462066 0.389919 0.35944 0.299322 0.265351 0.24951 0.252197 0.312374
threshold=-2.0022627460437383 4.2352734001952275 -0.40201049383382859 0.29649777543404776 0.21334063904035819 0.7014999583533521 5.2825416916908532 0.052247927862152606 0.30431894057778391 -0.32845413501776516 -0.12141096567686392 -1.8101706001969451 -0.017445506441439548 0.55098031756626742 -0.022667804509371333 0.05018704754834636 1.5779730624951736 0.11587566798829908 0.17654073068372003 -1.3838976826759275 0.16237409335355715 1.489211790724543 -0.22730774402004864 0.83306419775964469 0.6928457696484599 0.83419315646017134 0.49736512884403972 7.3902386791968153 0.24323364968969122 -0.096829067767471952
decision_type=2 2 2 2 2 2 2 2 2 2 2 2 2 2 2 2 2 2 2 2 2 2 2 2 2 2 2 2 2 2
left_child=1 2 -1 -4 -5 6 8 -8 9 10 -2 -11 13 -13 18 16 17 -16 -14 20 21 22 -10 -22 -24 -20 -12 28 -21 -30
right_child=5 -3 3 4 -6 -7 7 -9 19 11 26 12 14 -15 15 -17 -18 -19 25 27 23 -23 24 -25 -26 -27 -28 -29 29 -31
leaf_value=-0.0024905647005082346 0.003288488786589975 0.007433921617010366 -0.0016012509931521172 0.0092732142158118754 0.00079364106261535841 -0.00543606322524803 0.00019414579622786154 0.0084508872590959069 -0.0090533836744725715 -0.0062958777789026508 -0.0088873557954471799 0.010946947140619161 -0.0094446793408133091 0.001008593022124842 -0.003927702259272337 0.0061524898834669824 -0.0067579534215231737 0.0081804363542924748 -0.0040305529583107543 0.00010746558755215827 0.0047590567260472616 -0.0090809259726665915 0.0019626764085195546 -0.0029937569659365263 -0.0053346120873121201 0.0038262138862840155 -0.0032266517295627983 -0.0039725286816876077 0.0066271379307815534 -0.00070093074419464059
leaf_weight=51 24 23 29 28 23 28 22 20 22 30 47 20 20 20 25 39 24 23 27 4500 55 35 45 23 27 22 37 37 33 26
leaf_count=51 24 23 29 28 23 28 22 20 22 30 47 20 20 20 25 39 24 23 27 4500 55 35 45 23 27 22 37 37 33 26
internal_value=1.24928e-12 0.0017885 0.000797318 0.00289334 0.00544909 -5.26532e-05 -2.36823e-05 0.00412593 -5.74517e-05 -0.00126749 -0.0042423 1.76254e-05 0.000878558 0.00597777 -0.000254601 0.00151093 -0.00100324 0.00187411 -0.00309481 3.27407e-05 -0.00183492 -0.0044397 -0.00271158 0.00247297 -0.000773807 -0.000503025 -0.00639395 0.000116859 0.000150047 0.00339782
internal_weight=5385 154 131 80 51 5231 5203 42 5161 358 108 250 220 40 180 111 72 48 69 4803 207 129 94 78 72 49 84 4596 4559 59
internal_count=5385 154 131 80 51 5231 5203 42 5161 358 108 250 220 40 180 111 72 48 69 4803 207 129 94 78 72 49 84 4596 4559 59
is_linear=0
shrinkage=0.05


Tree=39
num_leaves=31
num_cat=0
split_feature=7 0 0 0 10 4 4 8 0 13 3 7 8 0 4 1 4 14 11 8 11 13 10 0 5 7 8 7 4 4
split_gain=0.195276 0.333302 0.309008 0.332485 0.334558 0.30797 0.673965 0.458678 0.591145 0.53363 0.501325 0.582208 0.443723 0.551418 0.423427 0.416605 0.401266 0.399668 0.398295 0.407805 0.58484 0.515809 0.380628 0.701799 0.485231 0.555811 0.486103 0.47682 0.363656 0.455919
threshold=0.091435549506555566 0.099417504061913978 -0.062671219110263118 -0.068783179898707122 -0.014067203326498355 0.20455940954875232 0.18911627593982736 0.016494075464939615 0.024312894784155329 0.18109504487202463 0.21898960108526735 0.084309997620490143 0.58492459754937742 0.041492794575442422 0.21665826340929514 0.0053524127013445675 0.24044127532383419 2.020194668626385 -0.27120045479846916 0.32704968445913579 1.0314029826796285 -0.28107178097666058 0.25161513286094717 -0.0034110794962236009 62.826610815042763 0.076022582389415713 -0.90380263249915938 0.067259219244315202 0.2431446216862172 0.30600343432020433
decision_type=2 2 2 2 2 2 2 2 2 2 2 2 2 2 2 2 2 2 2 2 2 2 2 2 2 2 2 2 2 2
left_child=1 2 3 4 -1 6 12 8 14 -10 -9 16 13 22 15 -7 17 -12 -8 20 21 -20 24 -24 25 26 -4 -25 -16 -30
right_child=-2 -3 5 -5 -6 7 18 10 9 -11 11 -13 -14 -15 28 -17 -18 -19 19 -21 -22 -23 23 27 -26 -27 -28 -29 29 -31
leaf_value=0.0017678586737019941 0.00022033399971479399 0.0057066808158362453 0.0040860872285870403 -0.0087874916678463873 -0.0062418429942970935 0.0093280404185255364 -0.0081190150885565859 0.00053122137128163804 0.0087958086301021445 0.00077809919085767535 -0.0068505118163584766 -0.0091643287807307901 0.0026795563221509969 -0.0033362025522573552 -0.0029702482284073473 0.00091349780364237778 0.0048716031666845086 0.0019731741664665088 -0.0085902928454994129 -0.0073118795681854382 0.0051136863939785244 -0.00081943010431311946 0.006068227507460576 -0.0041109744489759856 0.004623651967267506 -0.0054415672400864425 -0.001098759534791976 0.0047061855864265695 0.0030259498806637052 -0.0053739853762090209
leaf_weight=32 3507 22 52 22 22 24 37 220 49 36 33 33 112 157 87 38 20 21 29 34 29 81 65 46 40 64 346 23 84 20
leaf_count=32 3507 22 52 22 22 24 37 220 49 36 33 33 112 157 87 38 20 21 29 34 29 81 65 46 40 64 346 23 84 20
internal_value=7.77859e-12 -0.000411454 -0.000483975 -0.00360624 -0.00149535 -0.000350665 -0.000858576 0.000500945 0.00179255 0.00540007 -0.000834105 -0.00364132 -0.00026642 -0.000682497 0.000580531 0.00417074 -0.00117835 -0.00341908 -0.00341049 -0.00240346 -0.00120284 -0.00286811 -2.74155e-05 0.00234009 -0.000659379 -0.00111678 -0.000421342 -0.00117192 -0.000584877 0.00141058
internal_weight=5385 1878 1856 76 54 1780 1115 665 338 85 327 107 905 793 253 62 74 54 210 173 139 110 636 134 502 462 398 69 191 104
internal_count=5385 1878 1856 76 54 1780 1115 665 338 85 327 107 905 793 253 62 74 54 210 173 139 110 636 134 502 462 398 69 191 104
is_linear=0
shrinkage=0.05


Tree=40
num_leaves=31
num_cat=0
split_feature=5 2 13 1 12 8 13 4 7 13 3 13 0 4 0 14 7 3 3 8 4 0 2 12 8 8 1 13 1 8
split_gain=0.185881 0.391517 0.281888 0.273138 0.566117 0.758651 0.575037 0.710584 0.486728 0.520643 0.480233 0.61078 0.547103 0.586959 0.485902 0.453568 0.577233 0.405694 0.791527 0.681111 0.776292 0.55761 0.366112 0.327743 0.289806 0.320035 0.273147 0.251545 0.242432 0.666289
threshold=76.955213112595331 0.39169868010079351 -0.13712423354731776 0.34611718571419209 -1.9353252486763426 2.1048183628225225 0.19890479034790812 0.39593104025003545 0.2226437492281074 1.0904782896830174 0.76070361482531845 -1.0551728940719125 -0.10633658178190879 0.33278673651292995 0.22951149465883205 3.4518276075304875 0.18234805354456776 0.6409038246875004 0.60000002152785881 0.15896223768677967 0.28165723378317675 0.019538745179128573 0.17848992629504981 -0.022012936853076367 -5.3758655373211175 -7.7855270655065576 0.09740312987871115 0.34543743042982983 -0.15060963124667778 -2.5049921125306516
decision_type=2 2 2 2 2 2 2 2 2 2 2 2 2 2 2 2 2 2 2 2 2 2 2 2 2 2 2 2 2 2
left_child=3 2 -2 10 -5 6 7 23 9 -8 14 -12 -13 -14 17 16 -15 18 24 20 21 -19 -20 -6 25 -1 -21 -4 29 -26
right_child=1 -3 27 4 5 -7 8 -9 -10 -11 11 12 13 15 -16 -17 -18 19 22 26 -22 -23 -24 -25 28 -27 -28 -29 -30 -31
leaf_value=0.00022696569231489013 -0.0036547989409882577 0.0062205392776082296 0.0065580870019316317 0.004067851089473282 0.00084869061410427094 -0.011160013799477991 -0.012779090248979628 -0.0045688058598898351 0.00046529753197883743 -0.0025747472047805788 -0.0026172087083708635 -0.0034283820324792313 0.0020932247097204841 0.011235060035886075 0.0054035675665363679 0.01408451015040988 0.0002306114900140808 -0.0023782687431032012 0.010336331112067337 -0.0033732827333733438 -0.0079171654246747488 0.0065615054471669975 0.0027139696114463732 0.0088666772756438982 0.0087454834917130384 -0.0067973683146299348 -0.011145505538353554 -0.00032770892753938418 -0.00021562983611319886 0.00052520371824165953
leaf_weight=31 32 37 21 35 25 24 25 32 29 25 54 26 112 22 40 21 26 33 23 20 25 37 50 26 26 34 26 36 3957 475
leaf_count=31 32 37 21 35 25 24 25 32 29 25 54 26 112 22 40 21 26 33 23 20 25 37 50 26 26 34 26 36 3957 475
internal_value=2.35587e-12 0.00189785 0.000100772 -4.54704e-05 -0.00176592 -0.00286368 -0.00163459 0.00127168 -0.004688 -0.00767692 3e-05 0.00211845 0.00335384 0.00432808 -8.41063e-05 0.00795568 0.00527432 -0.000130445 -4.9398e-05 -0.00277223 -0.000354066 0.00234704 0.00511554 0.00493629 -0.000132759 -0.0034473 -0.00776628 0.00220916 -8.44309e-05 0.000951805
internal_weight=5385 126 89 5259 221 186 162 83 79 50 5038 261 207 181 4777 69 48 4737 4596 141 95 70 73 51 4523 65 46 57 4458 501
internal_count=5385 126 89 5259 221 186 162 83 79 50 5038 261 207 181 4777 69 48 4737 4596 141 95 70 73 51 4523 65 46 57 4458 501
is_linear=0
shrinkage=0.05


Tree=41
num_leaves=31
num_cat=0
split_feature=10 6 6 12 7 8 7 3 1 0 1 12 2 10 12 6 5 5 10 8 6 6 0 8 12 14 4 2 12 4
split_gain=0.185511 0.369133 0.548453 0.702912 0.770177 0.50926 0.526225 0.34514 0.493258 0.33093 0.623178 0.344895 0.716338 0.379386 0.375514 0.390689 0.801289 0.484983 0.462206 0.445636 0.441051 0.387915 0.355247 0.888758 0.703116 0.353915 0.467053 0.434411 0.419502 0.429685
threshold=0.96258946108037313 0.072886939461157416 0.047805337595346532 -1.4283111747299915 0.40332191805999829 0.71600790493616706 0.16237409335355715 0.80922845215771111 -0.15060963124667778 0.15119012944286839 0.085236563838331239 -1.3427867011817669 -0.082252567562290865 -0.41952892411129117 -1.2426561444443101 0.036883185198409767 42.285367774019853 39.186461283890829 -0.66380572763255807 -0.0050673243687550098 0.032108018741126537 0.040858899766107598 0.0147979148238937 -0.031150591048932443 -2.0022627460437383 0.18338503408746124 0.30600343432020433 0.053883884015466406 -0.49790672424525956 0.20625634447460858
decision_type=2 2 2 2 2 2 2 2 2 2 2 2 2 2 2 2 2 2 2 2 2 2 2 2 2 2 2 2 2 2
left_child=1 2 9 -4 5 6 -5 8 -8 11 -11 12 13 -1 -13 20 17 -17 -18 -20 25 -21 24 -24 -14 28 -27 -28 29 -16
right_child=-2 -3 3 4 -6 -7 7 -9 -10 10 -12 14 22 -15 15 16 18 -19 19 21 -22 -23 23 -25 -26 26 27 -29 -30 -31
leaf_value=0.0060946429765964347 -0.0010090120979120479 -0.0049592801033415731 0.0070669155365096466 0.0078256951924413447 -0.0076685537654987493 0.0076331599643736179 0.0020162929746287842 0.0040638423565289251 -0.0069238471565768126 0.0061416821956508565 0.00043295357746126899 0.0047154602985496506 0.00077338419197236791 -0.0015186166251078249 -0.008589217241012281 -0.00092502305924426766 -0.0082828489664409834 0.0066879994182714401 -0.0057809369413760201 -0.0034313963118778623 0.0019524411592332616 0.0030620401664434569 0.0065336818841320492 -0.0045428946690464558 -0.0078426174429179624 0.00040960185759803815 0.002506883019073443 -0.0057447486408536549 -0.00044018026712630185 -0.0018595942812464615
leaf_weight=36 420 36 62 20 23 33 27 23 36 61 221 42 34 30 31 52 42 35 58 46 295 46 27 55 78 2340 22 58 995 101
leaf_count=36 420 36 62 20 23 33 27 23 36 61 221 42 34 30 31 52 42 35 58 46 295 46 27 55 78 2340 22 58 995 101
internal_value=7.97207e-12 8.53545e-05 0.000122199 0.00253942 0.000806674 0.00220905 0.000520412 -0.00117849 -0.00309236 7.11779e-06 0.00166782 -9.87647e-05 -0.0018655 0.00263407 1.15768e-05 -3.63638e-05 -0.00184296 0.00213769 -0.00364669 -0.00234856 9.48283e-05 -0.000184678 -0.00339628 -0.000895729 -0.00522705 -5.96673e-05 0.000281167 -0.00347555 -0.000791539 -0.00344004
internal_weight=5385 4965 4929 224 162 139 106 86 63 4705 282 4423 260 66 4163 4121 279 87 192 150 3842 92 194 82 112 3547 2420 80 1127 132
internal_count=5385 4965 4929 224 162 139 106 86 63 4705 282 4423 260 66 4163 4121 279 87 192 150 3842 92 194 82 112 3547 2420 80 1127 132
is_linear=0
shrinkage=0.05


Tree=42
num_leaves=31
num_cat=0
split_feature=14 1 3 3 12 8 7 0 3 0 13 7 11 1 10 3 3 14 8 0 1 13 5 8 0 8 0 11 13 7
split_gain=0.176995 0.192115 0.762578 0.768677 0.617521 0.692274 0.98962 0.512122 0.304612 0.566118 0.510836 0.538379 0.302209 0.467083 0.35636 0.291563 0.703727 0.60362 0.652686 0.584279 0.333607 0.291372 0.266464 0.261542 0.307245 0.406859 0.253948 0.252531 0.461212 0.576798
threshold=7.6054456789461486 0.34611718571419209 0.41835018183260725 0.70459452283020363 -1.9353252486763426 0.38429721716407311 0.2226437492281074 0.139891592735262 0.76070361482531845 0.22951149465883205 -1.0551728940719125 0.29847927193297769 -1.2512856063513598 0.17819730772149725 -0.47107523070722296 0.6409038246875004 0.60000002152785881 2.5037236751342236 0.17188112498060001 0.019538745179128573 0.09740312987871115 0.17451340881418839 71.694282411892985 -5.3758655373211175 -0.11230576108314426 -7.7855270655065576 0.048902237703084557 0.71296403861436064 -1.6717776022824968 0.18480412532625526
decision_type=2 2 2 2 2 2 2 2 2 2 2 2 2 2 2 2 2 2 2 2 2 2 2 2 2 2 2 2 2 2
left_child=1 8 21 7 -5 6 -6 -4 9 15 -10 12 -12 14 -14 16 23 20 19 -19 -17 -3 -11 24 -1 -26 -18 28 29 -25
right_child=-2 2 3 4 5 -7 -8 -9 10 22 11 -13 13 -15 -16 17 26 18 -20 -21 -22 -23 -24 27 25 -27 -28 -29 -30 -31
leaf_value=-0.0082302735497554146 0.0045813422905103792 -0.0020826027430593968 0.0013169971120078118 0.0051873349398374562 -0.0048825857393141534 -0.0082265279157501137 0.0087070497639832045 0.011365700388948123 -0.0026543048201656005 0.0086200986264480493 0.0087340033971346348 -0.0045375391544604845 0.0048097166939285296 0.0058024295177814128 -0.0020618783961119202 -0.0020684493891894818 0.0071021619184529821 -0.0025396118289791048 -0.0065465507396895968 0.0065763409846486195 -0.010588450850142789 -0.0091090753777987431 0.0012964384043184312 0.006841123280658697 0.0037147197123292997 -0.0059112611825444875 0.00099353787523728831 0.00056824414196297933 -0.00036886666073700599 -0.0026522779837250712
leaf_weight=21 21 25 32 25 37 45 21 21 53 27 26 22 29 74 54 20 46 32 28 39 27 36 23 48 23 21 27 1182 3276 24
leaf_count=21 21 25 32 25 37 45 21 21 53 27 26 22 29 74 54 20 46 32 28 39 27 36 23 48 23 21 27 1182 3276 24
internal_value=7.20002e-12 -1.79359e-05 -0.00139457 0.000234838 -0.00186186 -0.00357283 3.77995e-05 0.00529856 4.71062e-05 -4.16986e-05 0.00172132 0.00285258 0.00374101 0.00291414 0.00033904 -9.66728e-05 -2.78561e-05 -0.00229692 -8.17546e-05 0.00246774 -0.00696292 -0.00622937 0.00525121 -0.000105235 -0.00325436 -0.000879498 0.00484281 -6.00493e-05 -0.000281866 0.00367666
internal_weight=5385 5364 242 181 128 103 58 53 5122 4864 258 205 183 157 83 4814 4668 146 99 71 47 61 50 4595 65 44 73 4530 3348 72
internal_count=5385 5364 242 181 128 103 58 53 5122 4864 258 205 183 157 83 4814 4668 146 99 71 47 61 50 4595 65 44 73 4530 3348 72
is_linear=0
shrinkage=0.05


Tree=43
num_leaves=31
num_cat=0
split_feature=7 9 13 0 4 4 5 9 12 12 6 4 14 8 7 8 2 6 2 9 2 9 4 0 8 8 7 9 7 10
split_gain=0.166207 0.302196 0.359686 0.318017 0.374835 0.582138 0.516303 0.431228 0.415048 0.545154 0.50949 0.406245 0.666358 0.65779 0.733075 0.57466 0.452254 0.584111 0.443885 0.381194 0.369618 0.367182 0.31821 0.305934 0.313532 0.303011 0.329059 0.38479 0.331066 0.311895
threshold=0.091435549506555566 1.7408548463895765 0.39462231454351315 -0.062671219110263118 0.20455940954875232 0.19426727032229521 60.092321061564306 0.24518530158039004 -1.3427867011817669 -1.0507948649051571 0.022110991543821502 0.2437948706648945 -0.7495645692895434 -0.057577437719223905 0.084309997620490143 -0.50721844626708379 0.29454741662908707 0.023836601251518024 -0.021383942373436157 0.49454829208404327 -0.13221761134363283 1.2233763721532311 0.18220038370330116 0.023366419836988287 -0.0356220512414182 0.58492459754937742 0.054885190795517298 0.43648757390071141 0.042298578768604718 -0.8176761103078144
decision_type=2 2 2 2 2 2 2 2 2 2 2 2 2 2 2 2 2 2 2 2 2 2 2 2 2 2 2 2 2 2
left_child=1 3 -3 22 5 20 -7 -6 -9 -10 19 16 -13 15 18 -14 17 -12 -15 -11 -5 23 -1 24 -21 26 27 28 -22 -29
right_child=-2 2 -4 4 7 6 -8 8 9 10 11 12 13 14 -16 -17 -18 -19 -20 21 25 -23 -24 -25 -26 -27 -28 29 -30 -31
leaf_value=0.0019148661242797971 0.00020327418385570072 -0.0077454786770977087 -0.00012482524616643786 -0.0056137734051463347 -0.0045437269764287127 -0.0024496497274645846 -0.011121746134012938 -0.0039606551104854493 0.0085771166468755558 0.0095457552212544483 0.0020496420346898959 0.0087593499038900648 -0.00029238197587531164 -0.0042126772508102785 -0.0079141632188111551 0.0086449304542371205 -0.0088042579218745223 -0.0044161379960696067 0.0045183194114518281 -0.00088126417249441153 -0.0080892937346583316 0.0072484135074773809 -0.0054680979439850758 -0.0020918988802639598 0.0057855954475235193 0.0023278720630734262 -0.001237427205850668 -0.0042696529808877543 0.00042652356624603275 0.0019198008988031664
leaf_weight=20 3507 30 32 31 35 121 20 37 26 22 80 28 37 24 36 35 20 62 37 29 21 32 54 44 45 116 485 22 25 272
leaf_count=20 3507 30 32 31 35 121 20 37 26 22 80 28 37 24 36 35 20 62 37 29 21 32 54 44 45 116 485 22 25 272
internal_value=4.45995e-12 -0.000379597 -0.00381224 -0.000262403 -0.00012603 -0.000677401 -0.00367973 0.000849608 0.0011674 0.00150804 0.00116191 8.98762e-05 0.00161513 0.000431468 -0.00225604 0.00405214 -0.0017649 -0.000773445 0.00108317 0.00339946 -0.000241877 0.00249801 -0.0034727 0.00120976 0.00317291 -6.49072e-05 -0.000401346 0.000791298 -0.00346113 0.00145664
internal_weight=5385 1878 62 1816 1742 1113 141 629 594 557 531 359 197 169 97 72 162 142 61 172 972 150 74 118 74 941 825 340 46 294
internal_count=5385 1878 62 1816 1742 1113 141 629 594 557 531 359 197 169 97 72 162 142 61 172 972 150 74 118 74 941 825 340 46 294
is_linear=0
shrinkage=0.05


Tree=44
num_leaves=31
num_cat=0
split_feature=13 6 3 4 8 13 11 12 1 13 14 10 12 6 11 1 11 7 4 4 10 12 5 4 8 6 3 4 8 6
split_gain=0.168754 0.439636 0.427455 0.857589 0.64181 0.601927 0.557679 0.482384 0.438736 0.376675 0.562089 0.677414 0.444993 0.588147 0.799743 0.677353 0.637249 0.513344 0.404973 0.393321 0.492541 0.539624 0.536216 0.449168 0.42015 0.544894 0.405743 0.37297 0.371466 0.367455
threshold=0.45331825249563457 0.072886939461157416 -0.015811605761959443 0.46726782205286016 -0.2205638164686359 1.1336342983748737 -0.82483955056686797 0.25011455484236267 -0.15409085169760825 0.63564806695432108 2.020194668626385 0.45317066528328964 0.15727149617026376 0.03154102073797229 0.053749799248347115 0.14393640724871218 0.36244000921654868 0.11698173811566649 0.2546012452579397 0.1976670631039931 0.45317066528328964 0.58063779320383146 42.449456527433313 0.17481527110926617 -0.21126816002416784 0.016636184032581523 0.040363909772465852 0.65913372468674869 7.3902386791968153 0.017743179696281672
decision_type=2 2 2 2 2 2 2 2 2 2 2 2 2 2 2 2 2 2 2 2 2 2 2 2 2 2 2 2 2 2
left_child=1 27 3 4 5 -2 -7 -6 -9 10 11 -4 13 14 15 -11 -16 -18 -13 23 22 -22 -21 24 -14 26 -26 28 -1 -12
right_child=2 -3 9 -5 7 6 -8 8 -10 12 29 18 19 -15 16 -17 17 -19 -20 20 21 -23 -24 -25 25 -27 -28 -29 -30 -31
leaf_value=0.00025146851562793057 -0.0076252862231851355 -0.0066860617502875952 -0.0040930135304786562 0.0062393934685079496 0.00082540556497692958 -0.006318389191742867 0.0026661918498575689 0.002092591244954525 -0.0036506000413448255 -0.0015395536935308351 -0.0020045770392955646 0.0063415141101798109 0.0061817419186065148 0.001865618686871671 0.0050068296888259372 -0.0075021773330209889 -0.004675211132887532 0.0033281416272405878 -0.0029068981989985331 0.0091173805156193506 0.0016054683240197068 -0.0078992060021846559 0.00061478618279857151 0.0075674079312011604 0.0078200114688471625 -0.0068419280816756555 9.2196635281046237e-06 0.0067391250155527486 -0.005990625812167613 0.0061309981137414333
leaf_weight=3447 82 23 173 34 203 31 39 41 176 159 23 29 44 207 67 68 51 33 20 22 28 32 118 50 23 21 60 22 24 35
leaf_count=3447 82 23 173 34 203 31 39 41 176 159 23 29 44 207 67 68 51 33 20 22 28 32 118 50 23 21 60 22 24 35
internal_value=-6.89291e-12 0.000204072 -0.000383905 -0.00147554 -0.00193412 -0.00471817 -0.00131269 -0.000926552 -0.00256548 0.00013987 -0.00147802 -0.00262309 0.000600714 -0.000276758 -0.00144996 -0.00332571 0.00136987 -0.00153104 0.00256665 0.00189047 0.000326528 -0.00346369 0.00195091 0.0034702 0.00208601 0.000353201 0.00217366 0.000249441 0.000208308 0.00290482
internal_weight=5385 3516 1869 606 572 152 70 420 217 1263 280 222 983 585 378 227 151 84 49 398 200 60 140 198 148 104 83 3493 3471 58
internal_count=5385 3516 1869 606 572 152 70 420 217 1263 280 222 983 585 378 227 151 84 49 398 200 60 140 198 148 104 83 3493 3471 58
is_linear=0
shrinkage=0.05


Tree=45
num_leaves=31
num_cat=0
split_feature=1 5 11 2 11 6 3 14 5 2 11 14 7 9 1 6 5 7 8 7 10 10 11 7 1 11 8 0 1 7
split_gain=0.166423 0.442259 0.407095 0.543069 0.480584 0.493201 0.353314 0.77367 0.723405 0.643419 0.462094 0.352033 0.357103 0.351999 0.415818 0.61796 1.1118 0.584015 0.382579 0.408126 0.381176 0.44075 0.373936 0.36156 0.330394 0.314037 0.538417 0.363153 0.415645 0.556612
threshold=-0.046787291016576353 61.180342474250189 1.9811340351948032 0.2815223639972681 1.6964053383068087 0.059273714324637829 -0.27938339488388431 -0.80969195291849083 37.895392998878329 -0.26794445548578494 -1.6774624407820189 -1.0171294926198136 0.16630121597264827 0.42812874425356356 -0.013643632208895638 0.024598025341559117 52.78436722409905 0.057935435341935432 -1.1996229489227301 0.042298578768604718 0.50579416795689325 -0.66380572763255807 1.2217176948249753 0.084309997620490143 -0.14774530301765978 -1.0289731930092993 -0.074391204983543374 -0.16883922090759465 -0.12459763578516279 0.14426987867043334
decision_type=2 2 2 2 2 2 2 2 2 2 2 2 2 2 2 2 2 2 2 2 2 2 2 2 2 2 2 2 2 2
left_child=1 2 3 4 5 6 7 8 9 -1 -8 12 24 18 15 17 20 -15 -2 -20 21 -17 23 -19 -10 26 -12 -27 29 -29
right_child=13 -3 -4 -5 -6 -7 10 -9 11 -11 25 -13 -14 14 -16 16 -18 22 19 -21 -22 -23 -24 -25 -26 27 -28 28 -30 -31
leaf_value=0.00010881306713118272 -0.0055290927447132626 0.0059868069272488358 0.0053478435911715801 -0.0066023450802433596 -0.0067122370159874364 0.0054600113923562342 0.0054848585014595939 -0.010335395687624165 0.0051949003882085284 -0.0097693108313251301 0.002392961536052412 -0.002941302703564159 0.0090830357575958417 0.00082328196731396019 0.0001881114031314073 -0.0055092740659441414 0.0065139883996120519 -0.0067671440586808233 -0.0077374420971387916 -0.00055189374816923666 -0.0075799887143075464 0.0021327686664234435 -0.011038638108099501 -0.0016938513775007049 -0.0024290667286280682 -0.0043567130568489014 -0.006465020406037747 0.00043824590010413454 -9.1466610807854997e-06 0.0042172520399790733
leaf_weight=34 53 35 39 29 24 47 46 23 30 32 29 27 22 64 2988 29 56 62 21 335 25 54 21 81 27 36 42 232 674 168
leaf_count=34 53 35 39 29 24 47 46 23 30 32 29 27 22 64 2988 29 56 62 21 335 25 54 21 81 27 36 42 232 674 168
internal_value=1.05116e-12 0.000428282 0.000303651 0.000174398 0.000306029 0.000420691 0.000254131 -0.00172286 -0.000571189 -0.00468058 0.000568324 0.00198749 0.00367201 -0.000180401 -1.27589e-05 -0.00154388 0.000796855 -0.00322757 -0.0015658 -0.00097576 -0.00216758 -0.000537343 -0.00480839 -0.00389346 0.00158355 0.000376825 -0.00284697 0.000583031 0.000748609 0.00202543
internal_weight=5385 1596 1561 1522 1493 1469 1422 195 172 66 1227 106 79 3789 3380 392 164 228 409 356 108 83 164 143 57 1181 71 1110 1074 400
internal_count=5385 1596 1561 1522 1493 1469 1422 195 172 66 1227 106 79 3789 3380 392 164 228 409 356 108 83 164 143 57 1181 71 1110 1074 400
is_linear=0
shrinkage=0.05


Tree=46
num_leaves=31
num_cat=0
split_feature=1 3 12 10 1 3 3 8 7 3 7 2 2 13 8 1 8 12 2 14 3 5 2 6 3 14 13 7 8 6
split_gain=0.161905 0.495199 0.373727 0.268403 0.26081 0.594918 0.937835 0.538632 0.581652 0.288173 0.241906 0.221142 0.391577 0.712746 0.360023 0.824658 0.798705 0.342059 0.329352 0.323803 0.37318 0.296283 0.287974 0.354073 0.263708 0.299375 0.25602 0.250819 0.242614 0.387067
threshold=1.0040006985428416 1.8813982191837129 -1.7629111735300873 -0.51396445399874502 0.34611718571419209 0.41835018183260725 0.70459452283020363 0.38429721716407311 0.19554506409214187 0.28218771012523275 0.19236261841404584 0.39169868010079351 0.32129235467822298 -1.1550350254782324 -0.27020975395769836 0.17467027816591443 -0.093572452185947022 0.71691897496929091 0.55660832318924292 2.3464338859648053 0.41835018183260725 45.651633670742264 0.42248778992205932 0.034177016828483085 0.4581703260119751 2.4633071380975164 -0.022667804509371333 0.10381617970825986 -4.2916615694016444 0.055912505732324848
decision_type=2 2 2 2 2 2 2 2 2 2 2 2 2 2 2 2 2 2 2 2 2 2 2 2 2 2 2 2 2 2
left_child=1 4 -3 -4 11 9 10 8 -8 -6 -7 12 28 -14 15 21 -16 19 -17 20 27 -13 -18 24 -24 -26 -21 -15 -1 -30
right_child=-2 2 3 -5 5 6 7 -9 -10 -11 -12 14 13 17 16 18 22 -19 -20 26 -22 -23 23 -25 25 -27 -28 -29 29 -31
leaf_value=-0.0024020027058819934 -0.0043816926623029369 0.0092758144290807348 0.0054243845462968411 -0.0023859036832370542 -0.0032514876293900765 0.0023582795634865764 -0.0047042288110944741 -0.0085037930417926084 0.0062221885082267584 -0.010342454975065979 0.0092610395471142103 -0.0016526377330032681 0.0059327526018023496 -0.0077395277619361881 0.011883837200834283 0.0066237639344763014 0.0058603214130045905 0.0027776494178743589 -0.0015554593037813902 0.0019319481509287033 -0.010787421263687846 -0.0092009861523715351 0.0024596636343215197 0.004901621419155751 -0.0072027831915766009 -0.0001577027044013927 -0.0040894875087116546 -0.0012910264568697467 3.5991369951931822e-05 0.0034423303067245906
leaf_weight=99 21 24 22 22 38 30 29 31 21 23 22 26 24 25 21 32 31 21 20 31 28 26 35 34 25 38 41 38 4422 85
leaf_count=99 21 24 22 22 38 30 29 31 21 23 22 26 24 25 21 32 31 21 20 31 28 26 35 34 25 38 41 38 4422 85
internal_value=-1.12929e-12 1.71543e-05 0.00425685 0.00151924 -3.7283e-05 -0.00183668 3.84737e-05 -0.00332561 -0.000115134 -0.00592513 0.00527868 3.11379e-05 -4.93775e-05 -0.00217143 0.00137697 -0.000974452 0.00270604 -0.00322849 0.00347791 -0.00400229 -0.00598456 -0.00542681 0.00152363 0.00050516 -0.00102014 -0.00295337 -0.00149692 -0.00384996 4.64511e-05 0.000100233
internal_weight=5385 5364 68 44 5296 194 133 81 50 61 52 5102 4814 208 288 104 184 184 52 163 91 52 163 132 98 63 72 63 4606 4507
internal_count=5385 5364 68 44 5296 194 133 81 50 61 52 5102 4814 208 288 104 184 184 52 163 91 52 163 132 98 63 72 63 4606 4507
is_linear=0
shrinkage=0.05


Tree=47
num_leaves=31
num_cat=0
split_feature=10 6 6 12 7 1 3 5 12 0 7 12 9 1 5 5 9 10 1 1 6 11 0 7 13 1 9 13 12 11
split_gain=0.165638 0.334275 0.427419 0.584852 0.658628 0.387591 0.416014 0.373624 0.300795 0.279244 0.567826 0.446944 0.37059 0.45564 0.45427 0.420011 0.379536 0.306493 0.274291 0.449287 0.437854 0.424062 0.413272 0.454412 0.357721 0.355482 0.477875 0.343995 0.286351 0.273688
threshold=0.96258946108037313 0.072886939461157416 0.047805337595346532 -1.4283111747299915 0.40332191805999829 -0.05392331367778929 0.80922845215771111 38.110648907164716 -2.7131787557384039 0.15119012944286839 0.16382940969821647 0.84413235668598874 1.7069138077803974 0.099670779082462482 65.560653851553482 70.266071338883037 1.0302904768163548 -2.2409912404585275 0.09579192795084647 0.019336106493507591 0.047441925227058333 -0.5481175584402902 -0.048998052447006717 0.1354198368391695 -0.50565839326528794 0.15187163211284541 1.3377119930735868 0.74956711371037665 0.6083147086575994 -0.9272760481440343
decision_type=2 2 2 2 2 2 2 2 2 2 2 2 2 2 2 2 2 2 2 2 2 2 2 2 2 2 2 2 2 2
left_child=1 2 9 8 5 7 -7 -5 -4 17 -11 12 13 -12 -14 16 -15 -1 19 21 25 22 28 -24 -23 -20 -27 -26 -2 -19
right_child=18 -3 3 4 -6 6 -8 -9 -10 10 11 -13 14 15 -16 -17 -18 29 20 -21 -22 24 23 -25 27 26 -28 -29 -30 -31
leaf_value=-0.005603657126426697 0.00017966272439374481 -0.0047198914495917661 0.0015132090165501551 -9.3243310452792165e-05 -0.0071684071146275695 -0.0050620801776887908 0.0030650687243905851 0.007123584272538095 0.0088718789879505232 0.0074046526673353374 0.0051531412081155734 -0.0061191757971590221 -0.00017368215180578689 -0.00025886065751971427 0.0097136662628215104 0.0010028584225316689 -0.0090616165250539792 -0.0016253040316783322 -0.0086701504420489076 0.003570361278798373 0.0037797415163367989 0.00049634349777841495 -0.00048259993028991368 0.0078188244857301473 -0.0086174718267284338 -0.0052760447287518121 0.0035835018219507256 -0.0015346776756147544 -0.0070620337966829545 4.7109766607752334e-05
leaf_weight=25 43 36 21 29 23 31 32 47 41 36 38 22 21 24 26 90 25 260 32 64 20 37 34 32 40 45 23 30 20 4138
leaf_count=25 43 36 21 29 23 31 32 47 41 36 38 22 21 24 26 90 25 260 32 64 20 37 34 32 40 45 23 30 20 4138
internal_value=-1.88641e-12 8.06534e-05 0.000115715 0.00224961 0.000669066 0.00196591 -0.000934005 0.00436979 0.00637943 1.41226e-05 0.00153964 0.00068134 0.00134925 0.000301263 0.00529591 -0.00102515 -0.00475006 -8.31405e-05 -0.000953438 -0.000145309 -0.00297376 -0.00115295 0.000777355 0.00354233 -0.00348014 -0.00432446 -0.00227943 -0.00558199 -0.00211929 -5.17596e-05
internal_weight=5385 4965 4929 224 162 139 63 76 62 4705 282 246 224 177 47 139 49 4423 420 300 120 236 129 66 107 100 68 70 63 4398
internal_count=5385 4965 4929 224 162 139 63 76 62 4705 282 246 224 177 47 139 49 4423 420 300 120 236 129 66 107 100 68 70 63 4398
is_linear=0
shrinkage=0.05


Tree=48
num_leaves=31
num_cat=0
split_feature=1 2 1 14 1 7 8 4 11 0 9 8 8 8 11 5 9 14 7 11 0 5 11 11 4 6 4 13 13 11
split_gain=0.150592 0.27974 0.25233 0.380322 0.488642 0.497084 0.587301 0.379524 0.37118 0.300953 0.362025 0.204961 0.298024 0.200118 0.159586 0.513367 0.206436 0.196558 0.451157 0.397209 0.268354 0.278473 0.198018 0.497799 0.405285 0.451488 0.642905 0.504772 0.465626 0.53218
threshold=1.0040006985428416 0.87324980264687679 0.34611718571419209 0.99063642107271188 0.37378779504518128 0.19236261841404584 0.38429721716407311 0.37465186544712598 0.14994920109079293 0.22951149465883205 1.5266570939884356 0.92962808122171336 -0.31556901418196909 2.2540214969166561 -2.0161605388653525 44.754811543152904 1.2711469116002996 3.5359077574481144 0.15069483779831919 0.64020873478767404 0.085541039218565276 57.112986395238231 0.71296403861436064 0.56128008705318855 0.45498479026694166 0.032358215706045849 0.31762645537792628 -1.9937766041977227 0.48470093385155544 0.8114264825415427
decision_type=2 2 2 2 2 2 2 2 2 2 2 2 2 2 2 2 2 2 2 2 2 2 2 2 2 2 2 2 2 2
left_child=1 2 9 7 -5 8 -7 -4 -6 14 13 12 -3 -11 15 -1 -17 22 19 20 21 -19 23 -16 25 27 -27 -24 -29 -30
right_child=-2 11 3 4 5 6 -8 -9 -10 10 -12 -13 -14 -15 17 16 -18 18 -20 -21 -22 -23 24 -25 -26 26 -28 28 29 -31
leaf_value=0.0067850276721375339 -0.0042258396833425478 0.0038543291669338939 -0.0017477081194519997 -0.0065311249897435867 0.00086053545625569918 0.010939961920181911 0.00011037873524811961 -0.010988537957891823 -0.0077718016970902684 -0.0025904407924307246 0.0090341724466998143 0.0067764275144630423 -0.003501313412562013 0.0043122508840973579 -0.00010802467455347712 0.0015128240237633388 -0.005045179964508862 -0.00020245456398697572 0.0057973300562577049 -0.0064413159561809152 -0.0036186392745003108 0.0065028955166538567 -0.0053010489209555089 -0.0022055943691427072 -0.0047922959758175745 0.0076833161335968072 0.00095633942291586331 0.00086029842359867839 -0.0095545256288633463 -0.00095229494501836609
leaf_weight=35 21 40 25 27 33 21 31 20 20 21 20 24 21 21 3230 30 20 32 47 20 20 30 40 310 36 51 117 876 21 125
leaf_count=35 21 40 25 27 33 21 31 20 20 21 20 24 21 21 3230 30 20 32 47 20 20 30 40 310 36 51 117 876 21 125
internal_value=2.50463e-12 1.65441e-05 -2.9274e-05 -0.0018852 -0.000531953 0.00101069 0.00448386 -0.00585474 -0.00239695 3.51125e-05 0.00349744 0.00286212 0.00132206 0.000860905 -7.47964e-06 0.00214067 -0.00111038 -4.43299e-05 0.00174419 -0.000123439 0.00141751 0.00304207 -9.97791e-05 -0.00029171 0.0004369 0.00058995 0.00299846 0.000208943 0.000424598 -0.0021896
internal_weight=5385 5364 5279 177 132 105 52 45 53 5102 62 85 61 42 5040 85 50 4955 149 102 82 62 4806 3540 1266 1230 168 1062 1022 146
internal_count=5385 5364 5279 177 132 105 52 45 53 5102 62 85 61 42 5040 85 50 4955 149 102 82 62 4806 3540 1266 1230 168 1062 1022 146
is_linear=0
shrinkage=0.05


Tree=49
num_leaves=31
num_cat=0
split_feature=10 6 6 5 0 7 6 11 3 11 12 13 3 9 0 3 6 1 7 6 9 1 13 5 5 11 7 11 6 6
split_gain=0.153097 0.303838 0.381897 0.516838 0.407394 0.347183 0.379184 0.286719 0.288956 0.4421 0.277281 0.488506 0.431156 0.642186 0.654258 0.458497 0.567303 0.447547 0.345412 0.327818 0.424909 0.291925 0.284312 0.274928 0.503453 0.320048 0.314255 0.7135 0.353834 0.598613
threshold=0.96258946108037313 0.072886939461157416 0.047805337595346532 64.706608040993927 0.086802175619310709 0.16237409335355715 0.059273714324637829 -1.5673673732027675 -0.040479707776134348 0.43795405808220184 -0.56515050092178909 1.694938754475189 -0.0082017301847412943 1.2015615982812939 0.0097498812000743635 -0.068200085235013239 0.030505162332811014 -0.057797280679877487 0.10339660183747061 0.041804610782531303 1.4165600546135575 0.12964369640237841 -0.074294418733354836 26.078002738703734 28.353643349481001 1.0000000180025095e-35 0.34285895767760938 0.50511526789489747 0.037696269645478168 0.032358215706045849
decision_type=2 2 2 2 2 2 2 2 2 2 2 2 2 2 2 2 2 2 2 2 2 2 2 2 2 2 2 2 2 2
left_child=1 2 23 4 5 -4 7 -7 -9 -10 11 -2 15 18 -15 16 17 -12 -14 -18 -21 22 -20 25 -25 -1 28 -28 29 -26
right_child=10 -3 3 -5 -6 6 -8 8 9 -11 12 -13 13 14 -16 -17 19 -19 21 20 -22 -23 -24 24 26 -27 27 -29 -30 -31
leaf_value=-0.0085867948178201918 -0.0054770933545833988 -0.0044992365149988068 0.0066874365051907874 -0.0044997673427972663 0.0078095224194435616 0.0041904235936023977 0.0052583366366369391 0.0010779440581031583 -0.01044808533973992 6.5000932663679124e-05 0.0014143995707854629 0.003427457129582763 -0.0044616730585694316 -0.011267340345851458 -0.001550586507996408 0.0077926664315164096 0.0058235050801633166 -0.0078160419000376912 0.00038267265073955059 -0.0052925035534870067 0.0048907146696001297 -0.0017502520302379574 0.0083808121401816611 0.0064035766844397352 -0.00010118732245409219 -0.00017371442383871629 -0.00063159646049730088 0.010526139572586704 -0.0016738043366077164 0.0020086182677756452
leaf_weight=20 67 36 31 26 36 22 35 34 20 20 24 20 25 30 41 25 46 29 20 21 20 27 25 31 3891 26 38 23 308 368
leaf_count=20 67 36 31 26 36 22 35 34 20 20 24 20 25 30 41 25 46 29 20 21 20 27 25 31 3891 26 38 23 308 368
internal_value=-1.13186e-12 7.75398e-05 0.000110967 0.00212803 0.00299835 0.0019292 0.000803202 -0.000821065 -0.00231097 -0.00519154 -0.000916632 -0.00343007 -0.000259967 -0.00204297 -0.00565626 0.00155545 0.000441667 -0.00363622 0.000601805 0.0029259 -0.00032508 0.00235996 0.00482608 1.49371e-05 5.29151e-05 -0.00383158 1.03761e-05 0.00357542 -3.72411e-05 8.1111e-05
internal_weight=5385 4965 4929 224 198 162 131 96 74 40 420 87 333 168 71 165 140 53 97 87 41 72 45 4705 4659 46 4628 61 4567 4259
internal_count=5385 4965 4929 224 198 162 131 96 74 40 420 87 333 168 71 165 140 53 97 87 41 72 45 4705 4659 46 4628 61 4567 4259
is_linear=0
shrinkage=0.05


Tree=50
num_leaves=31
num_cat=0
split_feature=14 10 6 4 12 4 11 8 7 12 8 5 4 8 5 5 3 11 2 11 5 1 5 5 5 11 2 12 12 4
split_gain=0.155461 0.176766 0.523165 0.802277 0.840939 0.522023 0.562632 0.47974 0.481362 0.361785 0.380311 0.433842 0.59858 0.433071 0.347405 0.422146 0.340598 0.339872 0.290198 0.287615 0.406564 0.429058 0.275785 0.392096 0.275201 0.274439 0.313002 0.431626 0.273779 0.32293
threshold=7.6054456789461486 -0.66380572763255807 0.032358215706045849 0.30337347219670668 -0.88733372600475569 0.3716179727605729 0.11965141458045915 -0.66378669622189357 0.21758018857849318 0.17269134705283523 -0.074391204983543374 46.096379129396226 0.26942670001191465 -0.49320430911991081 63.177708573280448 55.686702876545091 -0.20745854828681462 0.71296403861436064 0.010885889279363738 0.48034910417059229 36.007079050950892 0.050955166317534613 36.833953687030338 39.790070289043221 52.309176455342104 0.63152491057060167 0.11147535168888158 0.17269134705283523 -0.11437221681421185 0.30004767676465943
decision_type=2 2 2 2 2 2 2 2 2 2 2 2 2 2 2 2 2 2 2 2 2 2 2 2 2 2 2 2 2 2
left_child=1 2 9 -4 14 6 -6 -7 -9 10 11 12 18 -13 15 -5 -11 19 -1 -3 -21 25 -19 -24 -15 -22 27 -27 29 -25
right_child=-2 17 3 4 5 7 -8 8 -10 16 -12 13 -14 24 -16 -17 -18 22 -20 20 21 -23 23 28 -26 26 -28 -29 -30 -31
leaf_value=-0.0052453709263354546 0.0042936087020539809 6.4736071309355486e-05 0.0098224801709875468 0.0030200958708991059 0.0079374597529836364 -0.0099610841624310307 -0.0018444440118512329 -0.0077038693039313613 0.0016076832796846118 -0.0051064652736531576 -0.0037355833238083449 -0.0019770898054250413 -0.010522834761914882 0.0086424267385154969 -0.002441671248968868 0.011131661105901004 0.0011586643213820757 0.0039683244699402383 0.0015894480543665408 -0.0069090574219202007 0.0020991624082244767 -0.0024443930087727495 -0.0041079826555505865 0.0015123741238050447 0.0016485754591532243 0.00076721417644876055 0.002853007681667805 -0.0086202018037438398 0.00028684401558410011 0.0062708257874917427
leaf_weight=25 21 3087 24 81 21 29 49 23 35 25 221 54 22 22 21 20 164 71 41 30 133 216 40 236 39 24 25 25 519 42
leaf_count=25 21 3087 24 81 21 29 49 23 35 25 221 54 22 22 21 20 164 71 41 30 133 216 40 236 39 24 25 25 519 42
internal_value=-5.3011e-12 -1.68094e-05 -0.000649308 0.00105031 0.000295711 -0.00212409 0.00109013 -0.00471025 -0.00208483 -0.00148941 -0.0023004 -0.000737952 -0.00338033 0.00128404 0.00340972 0.00462635 0.000329943 0.000113444 -0.000999499 -0.000107909 -0.00128441 -0.000885501 0.00097643 0.000722638 0.00417095 0.000741169 -0.00169955 -0.00402228 0.000965078 0.00223128
internal_weight=5385 5364 916 303 279 157 70 87 58 613 424 203 88 115 122 101 189 4448 66 3540 453 423 908 837 61 207 74 49 797 278
internal_count=5385 5364 916 303 279 157 70 87 58 613 424 203 88 115 122 101 189 4448 66 3540 453 423 908 837 61 207 74 49 797 278
is_linear=0
shrinkage=0.05


Tree=51
num_leaves=31
num_cat=0
split_feature=12 12 3 4 13 0 13 12 8 1 6 0 7 1 13 13 0 1 0 1 0 10 9 0 1 4 3 12 12 6
split_gain=0.153658 0.302756 0.535361 0.314991 0.221903 0.424334 0.553362 0.63897 0.486608 0.492358 0.445272 0.443194 0.397476 0.284284 0.279901 0.350333 0.415334 0.273088 0.256688 0.491168 0.454454 0.405942 0.524209 0.440968 0.520268 0.500744 0.367806 0.792867 0.623601 0.365678
threshold=2.5328300052630328 1.68547347627035 -0.25307338376433164 0.34693481093242379 -1.1550350254782324 0.055198523957937125 -1.4060940019890074 0.3041257156200376 -0.49320430911991081 0.10767785688180366 0.028787949148721469 0.22951149465883205 0.12124819292885931 0.041872110629987754 -1.6717776022824968 -1.9937766041977227 -0.033739486966008363 0.020438756133207895 0.051105949853525685 0.075940075347957561 0.13750355741485767 -1.0218254182116189 1.5583614574588049 0.056076268652497492 -0.020051347240425284 0.19572891310957549 -0.011231084044527216 0.22127190507352282 -0.44158652124615444 0.015937320372829935
decision_type=2 2 2 2 2 2 2 2 2 2 2 2 2 2 2 2 2 2 2 2 2 2 2 2 2 2 2 2 2 2
left_child=1 4 -3 -4 5 6 8 10 17 14 -8 12 -7 -14 15 16 -10 -1 -6 20 21 -20 23 -23 -25 29 27 28 -21 -26
right_child=-2 2 3 -5 18 11 7 -9 9 -11 -12 -13 13 -15 -16 -17 -18 -19 19 26 -22 22 -24 24 25 -27 -28 -29 -30 -31
leaf_value=0.001071194451100923 0.0042686438187956813 -0.008492011181881717 0.0027639523600893365 -0.0051020067161880438 -0.00031375483063546787 0.0025929993121988244 0.01299565945352827 -0.00066517586338108987 0.0052440583617204715 0.0099891623295843609 0.0044811411075951421 0.0060037235240451995 -0.0077071619573338274 -0.0018987813966753954 -0.0034444532610233068 0.0071561157077165514 -0.0043844646192155784 -0.0046714414991042086 -0.0056870910006442243 -0.0044312349287793044 0.0051412808540535265 0.0053144306083150366 0.0067255983018271988 0.0030726418463569698 -0.0029714522064861024 -0.0037181625437026598 0.00017571887562486613 -0.0080864775804167788 0.0052935743489155472 0.0035437618541876758
leaf_weight=37 21 29 35 20 3325 36 28 29 21 20 34 20 29 77 23 29 24 47 21 32 83 47 42 99 33 106 898 44 34 62
leaf_count=37 21 29 35 20 3325 36 28 29 21 20 34 20 29 77 23 29 24 47 21 32 83 47 42 99 33 106 898 44 34 62
internal_value=-7.14827e-12 -1.67117e-05 -0.00299488 -9.63964e-05 3.06683e-05 0.00108749 0.00222606 0.00546096 0.000761506 0.00284604 0.00832641 -0.000964762 -0.00194624 -0.00348787 0.00137323 0.00287061 0.000108846 -0.00214195 -6.87505e-05 0.000473981 0.00176729 0.00108426 0.00144981 0.000811239 0.000105739 -0.00135557 -0.000158559 -0.00288748 0.000578515 0.00128058
internal_weight=5385 5364 84 55 5280 454 292 91 201 117 62 162 142 106 97 74 45 84 4826 1501 493 410 389 347 300 201 1008 110 66 95
internal_count=5385 5364 84 55 5280 454 292 91 201 117 62 162 142 106 97 74 45 84 4826 1501 493 410 389 347 300 201 1008 110 66 95
is_linear=0
shrinkage=0.05


Tree=52
num_leaves=31
num_cat=0
split_feature=12 12 14 3 13 2 13 4 13 14 7 5 5 5 3 4 10 2 13 7 3 10 5 8 8 10 6 8 2 6
split_gain=0.138677 0.273238 0.638255 0.421175 0.200267 0.365588 0.648949 0.467969 0.418396 0.437332 0.349613 0.503453 0.394846 0.427225 0.376633 0.299056 0.282591 0.256893 0.245323 0.603205 0.228346 0.35245 0.328006 0.477442 0.609347 0.5267 0.467454 0.431156 0.341967 0.322382
threshold=2.5328300052630328 1.68547347627035 -0.64143309383293412 0.088703744054602032 -1.1550350254782324 -0.13221761134363283 -1.9937766041977227 0.21264511299644981 -1.8103477198658411 -0.29933135490027946 0.27456052767475791 65.024948259482642 52.961802884180941 46.361724147992717 0.14466877226601041 0.29214234574759623 -0.51396445399874502 0.16501383015501572 -2.3413366840074663 0.14724605450381123 0.76070361482531845 -0.70813575549429653 52.422987750503978 -0.61400273711315712 0.13840003228017997 -0.93948223859191116 0.040452561697806068 -0.069822275177395685 0.36962724942027797 0.016453892507793774
decision_type=2 2 2 2 2 2 2 2 2 2 2 2 2 2 2 2 2 2 2 2 2 2 2 2 2 2 2 2 2 2
left_child=1 4 -3 -4 5 8 18 17 -1 -10 11 12 13 16 -14 -15 -9 -8 -7 -20 21 29 -22 -24 27 -26 28 -25 -27 -6
right_child=-2 2 3 -5 20 6 7 10 9 -11 -12 -13 14 15 -16 -17 -18 -19 19 -21 22 -23 23 24 25 26 -28 -29 -30 -31
leaf_value=0.0074263059328375167 0.0040552116043510887 -0.0081304786315954791 0.0049843302686457284 -0.0042231421877184641 -0.0055244512351540235 -0.00040153361125183965 0.0098451530074943686 0.006072239836000584 -0.0023263600724119995 0.0068505609314888725 0.0052056014590882976 -0.0063543165736863836 -0.00098179158195853245 -0.00054480073042213913 0.0068799160504474854 -0.0089926165105267009 -0.0021397263649851083 0.0025230953749269249 -0.0011964817465923263 -0.012102237964669865 0.0033289632837598527 1.1953065102699436e-05 -0.0050451890418404029 0.0011821507476270201 0.0049062990909442307 -0.004637743649824012 -0.0088978723663350814 0.0098091907882397744 0.0023587538051651792 -0.0009776234892188377
leaf_weight=43 21 34 27 23 42 42 23 22 37 20 34 29 25 20 39 22 20 25 32 21 117 3904 38 30 30 31 23 28 40 543
leaf_count=43 21 34 27 23 42 42 23 22 37 20 34 29 25 20 39 22 20 25 32 21 117 3904 38 30 30 31 23 28 40 543
internal_value=-4.51342e-12 -1.58761e-05 -0.00284514 0.000748893 2.91349e-05 0.00103311 0.000278998 0.00157554 0.00370267 0.000893612 0.000561841 -0.000330181 0.000850224 -0.00140403 0.00380894 -0.00496985 0.00216178 0.00603158 -0.00325578 -0.00551763 -6.5313e-05 -0.000159548 0.00118994 5.23759e-05 0.0011167 -0.000861952 -0.00270288 0.00534693 -0.000696055 -0.00130406
internal_weight=5385 5364 84 50 5280 454 354 259 100 57 211 177 148 84 64 42 42 48 95 53 4826 4489 337 220 182 124 94 58 71 585
internal_count=5385 5364 84 50 5280 454 354 259 100 57 211 177 148 84 64 42 42 48 95 53 4826 4489 337 220 182 124 94 58 71 585
is_linear=0
shrinkage=0.05


Tree=53
num_leaves=31
num_cat=0
split_feature=9 9 3 2 12 3 3 13 11 14 12 4 3 2 13 13 13 13 2 11 9 6 11 11 6 11 12 11 11 4
split_gain=0.14184 0.224486 0.681863 0.530475 0.3281 0.295444 0.417507 0.363749 0.286571 0.285215 0.248685 0.214877 0.31414 0.683335 0.266246 0.179663 0.225687 0.446764 0.404862 0.319217 0.220763 0.202785 0.591455 0.421396 0.448067 0.771248 0.5053 0.431624 0.428345 0.427617
threshold=-0.16591088388161881 0.30431894057778391 -0.068200085235013239 -0.017445506441439548 0.39171653597580752 0.12899154627960355 0.32921828700357419 -0.022667804509371333 -1.132215947226253 2.8686477042759404 -0.33310398374843936 0.78686882652653989 1.8813982191837129 1.3867109935841739 -0.21098503041659694 -2.6141283894273584 -1.9937766041977227 -1.7318995762829397 -0.03305564445278663 0.7517047603929804 1.2233763721532311 0.036883185198409767 -2.0161605388653525 -1.6262986585588721 0.032358215706045849 -1.2134632027811145 -0.15125549486063555 -0.16367318561479535 -1.1731840005838297 0.31140319235819108
decision_type=2 2 2 2 2 2 2 2 2 2 2 2 2 2 2 2 2 2 2 2 2 2 2 2 2 2 2 2 2 2
left_child=-1 2 8 4 -4 -5 7 -7 -2 10 -8 12 15 14 -14 -3 18 20 -17 -20 -18 22 -19 -24 28 -26 -27 -28 -25 -30
right_child=1 11 3 5 -6 6 9 -9 -10 -11 -12 -13 13 -15 -16 16 17 21 19 -21 -22 -23 23 24 25 26 27 -29 29 -31
leaf_value=0.0036149028205761206 0.00052330472861372289 0.0034185264653597888 0.0097024613326149329 -0.0041304848909091488 0.00096497520148246133 -0.0015640275512653361 -0.0083479273965349418 0.0064027069479619201 -0.0060311129995058348 0.0031035042833536864 -0.0015472455813390455 -0.0051064006239175804 0.0024722866714000703 -0.0035697005381128601 0.0099199610862082677 0.0015481558308238165 0.0083104724445464944 0.0077959322705864909 -0.0018621255582927363 -0.010499232759466397 0.0020464268871224845 -0.00082425547389950804 -0.0068194819190962753 -0.0045385639872760159 0.011195748467885312 0.0033456162276856399 -0.0045252683188985376 0.0011984400641453525 0.00013641285962386654 -0.0027203313090841917
leaf_weight=27 21 39 21 52 22 23 20 38 81 20 41 20 21 24 28 32 22 25 23 20 39 646 22 52 21 146 51 93 3559 136
leaf_count=27 21 39 21 52 22 23 20 38 81 20 41 20 21 24 28 32 22 25 23 20 39 646 22 52 21 146 51 93 3559 136
internal_value=-8.86957e-12 -1.82162e-05 -0.00126351 0.000207598 0.00523212 -0.000906085 0.000274681 0.00339886 -0.00468167 -0.00207809 -0.00377698 6.58951e-05 8.65885e-05 0.00334252 0.0067281 3.83377e-05 1.13626e-05 5.37825e-05 -0.0027103 -0.00587938 0.00430559 -8.08129e-07 0.000128777 8.17969e-05 0.000119211 0.00194288 0.00127285 -0.000828707 -3.21529e-05 3.12661e-05
internal_weight=5385 5358 339 237 43 194 142 61 102 81 61 5019 4999 73 49 4926 4887 4812 75 43 61 4751 4105 4080 4058 311 290 144 3747 3695
internal_count=5385 5358 339 237 43 194 142 61 102 81 61 5019 4999 73 49 4926 4887 4812 75 43 61 4751 4105 4080 4058 311 290 144 3747 3695
is_linear=0
shrinkage=0.05


Tree=54
num_leaves=31
num_cat=0
split_feature=1 2 13 0 12 1 14 2 9 12 13 12 8 12 0 13 3 3 7 12 0 10 1 1 4 4 0 14 2 8
split_gain=0.145678 0.38619 0.456693 0.298327 0.63046 0.585244 0.39727 0.64518 0.481345 0.529206 0.492211 0.591372 0.762758 0.444607 0.41897 0.357039 0.348573 0.31715 0.308725 0.29508 0.549868 0.454543 0.553058 0.634251 0.576737 0.403517 0.439649 0.371236 0.421507 0.371446
threshold=-0.046787291016576353 0.2815223639972681 2.3435087691180287 -0.052854154423794701 0.69852915524707548 0.015431556381686253 -0.56351590869096568 -0.010164909608943283 0.4787740453751505 -0.27602593940723658 0.34011099848039167 0.2584870473984599 -1.05510658047489 -0.54054112996298787 -0.10633658178190879 2.3435087691180287 0.24997786840146211 -0.42265549772771788 0.16237409335355715 0.63377187987577865 0.042440499213466383 -0.80600123135823509 -0.17409479933242819 -0.24965892496157935 0.32523092439102436 0.52408431169434022 0.12638671186607356 -0.89874430157462881 -0.10176973088511164 0.31474049885561822
decision_type=2 2 2 2 2 2 2 2 2 2 2 2 2 2 2 2 2 2 2 2 2 2 2 2 2 2 2 2 2 2
left_child=1 2 19 4 6 -6 -2 -8 -9 13 11 12 -11 14 -10 17 -16 -5 -17 25 21 -21 23 -23 27 26 -1 -24 -29 -30
right_child=3 -3 -4 15 5 -7 7 8 9 10 -12 -13 -14 -15 16 18 -18 -19 -20 20 -22 22 24 -25 -26 -27 -28 28 29 -31
leaf_value=0.00072471222424518684 0.0032078155574466411 -0.0049520466476678853 0.0066233205391714976 -0.0058032344824270063 -0.0024920820305123926 0.0066515629037028363 -0.0069774273433722556 -0.0071315635968109267 -0.005656740325503052 -0.0039901703684812502 0.0066994022990443883 -0.0071070069750851913 0.0093320547857067802 -0.0086692346052991021 -0.0028368161618709566 -0.0090739644132554528 0.0052859812301384026 8.8552047752457101e-05 -0.00066269648959860206 0.0043457872025540164 0.003975211926644631 -0.0032263033233744945 -0.0078568288987433468 0.0050324448691482877 -0.0097639533747552031 0.0050458037279071813 -0.0062607261716671608 0.0022631006752501944 -0.0015463508278762382 -0.0089862544939893745
leaf_weight=1090 30 33 30 23 30 42 72 34 34 21 35 23 22 27 25 20 28 3299 24 29 51 46 27 47 33 53 23 49 62 23
leaf_count=1090 30 33 30 23 30 42 72 34 34 21 35 23 22 27 25 20 28 3299 24 29 51 46 27 47 33 53 23 49 62 23
internal_value=2.68879e-12 0.0004007 0.000513714 -0.000168783 -0.00142031 0.00284171 -0.00229457 -0.00280882 -0.00160343 -0.000729218 0.00190623 -0.000635599 0.00282585 -0.00306414 -0.00132462 -1.15048e-05 0.00145447 4.776e-05 -0.004486 0.000394152 -0.000842321 -0.00161983 -0.00222263 0.000947473 -0.00374232 0.000783334 0.000580359 -0.00250807 -0.00143034 -0.0035595
internal_weight=5385 1596 1563 3789 423 72 351 321 249 215 101 66 43 114 87 3366 53 3322 44 1533 367 316 287 93 194 1166 1113 161 134 85
internal_count=5385 1596 1563 3789 423 72 351 321 249 215 101 66 43 114 87 3366 53 3322 44 1533 367 316 287 93 194 1166 1113 161 134 85
is_linear=0
shrinkage=0.05


Tree=55
num_leaves=31
num_cat=0
split_feature=10 4 3 6 6 4 8 12 6 4 6 8 2 12 10 12 1 12 7 3 12 0 14 2 2 10 7 7 4 9
split_gain=0.133686 0.324832 0.614133 0.481101 0.505344 0.425507 0.479354 0.52124 0.404605 0.311999 0.364724 0.456474 0.289731 0.361497 0.308612 0.364076 0.352901 0.277892 0.698707 0.342584 0.419309 0.41002 0.223593 0.561106 0.458463 0.375634 0.527478 0.597885 0.445217 0.438963
threshold=0.96258946108037313 0.22029874887785864 0.073064126962409173 0.030069645274725984 0.027892480833040221 0.34974948130079864 0.023055349704525722 0.028281606663830564 0.025612746179649367 0.7014999583533521 0.047805337595346532 -3.901674374046026 -0.35386533452497632 -1.4283111747299915 -0.2640797601330705 -0.28495973062894381 0.11454717314560937 -0.56515050092178909 0.16237409335355715 0.012423548769085803 0.73946868041078251 1.0000000180025095e-35 -0.056633361512937901 0.2315294818812316 -0.19447848269806819 -0.72210998692958361 0.18746013336335479 0.13196444744029287 0.25651673582025553 0.30431894057778391
decision_type=2 2 2 2 2 2 2 2 2 2 2 2 2 2 2 2 2 2 2 2 2 2 2 2 2 2 2 2 2 2
left_child=9 2 -2 4 8 6 7 -5 -3 10 22 -12 -13 -14 15 16 -15 18 -7 21 -21 -19 23 25 -24 26 27 28 -1 -27
right_child=1 3 -4 5 -6 17 -8 -9 -10 -11 11 12 13 14 -16 -17 -18 19 -20 20 -22 -23 24 -25 -26 29 -28 -29 -30 -31
leaf_value=-0.0046418490198751293 0.0081059956353985614 -0.0044397179419174791 -0.0024627067863808149 0.0046942402693358337 -0.00924234884133672 -0.011707290093458835 0.0069739007491719076 -0.006189858840397475 0.0034581650533558185 -0.0045653724169824276 -0.0042905897218734031 0.0074057141598314049 0.0055424419007837206 -0.0039131879922933875 0.0031667000205631841 -0.0074789984803646809 0.0054796389420516791 -0.00069655608134092518 -0.00053728488343213459 0.00094683264847844845 -0.0079199832282029099 0.0079230315761048015 0.0054737280781676136 -0.0081365619863693912 0.0001549871898791373 -0.0031970942898187785 0.0035087352773795523 -0.0091691574571948313 0.0017884749399022536 0.00028917575695662089
leaf_weight=63 27 50 28 22 34 21 37 22 24 36 25 30 52 20 57 20 20 37 42 30 24 22 41 24 3432 100 30 38 47 930
leaf_count=63 27 50 28 22 34 21 37 22 24 36 25 30 52 20 57 20 20 37 42 30 24 22 41 24 3432 100 30 38 47 930
internal_value=-6.23692e-13 -0.000856554 0.00272557 -0.00139633 -0.00419657 -0.000219567 0.00277939 -0.000747809 -0.00187824 7.24577e-05 0.000106331 0.00207752 0.00287753 0.00207372 0.000532059 -0.00197085 0.000783225 -0.00159977 -0.00426062 -0.000116288 -0.00299397 0.00251753 1.24849e-05 -0.000566232 0.000217777 -0.000415828 -0.00253676 -0.0037622 -0.00189435 -4.92971e-05
internal_weight=5385 420 55 365 108 257 81 44 74 4965 4929 224 199 169 117 60 40 176 63 113 54 59 4705 1232 3473 1208 178 148 110 1030
internal_count=5385 420 55 365 108 257 81 44 74 4965 4929 224 199 169 117 60 40 176 63 113 54 59 4705 1232 3473 1208 178 148 110 1030
is_linear=0
shrinkage=0.05


Tree=56
num_leaves=31
num_cat=0
split_feature=5 3 1 1 5 12 8 12 3 3 3 8 4 0 0 0 0 0 1 3 8 0 5 9 8 12 10 9 4 12
split_gain=0.131397 0.289838 0.392956 0.189891 0.452067 0.503192 0.579295 0.474967 0.288147 0.385015 0.454587 0.415611 0.493799 0.411353 0.332096 0.319973 0.302145 0.482554 0.34466 0.318 0.262493 0.489535 0.326901 0.537457 0.254961 0.225438 0.207715 0.34887 0.397297 0.33681
threshold=76.955213112595331 0.3693724732209876 0.229924383008457 0.34611718571419209 62.611658848715827 -1.5407311494635414 -0.59241158674408945 0.037837900104877427 0.76070361482531845 0.65313166163293201 0.60000002152785881 0.17188112498060001 0.30004767676465943 0.06848732564682937 0.019538745179128573 0.22951149465883205 -0.10633658178190879 -0.029214845572859523 0.16608255868138869 1.2918138486791912 2.1048183628225225 0.24323364968969122 66.637273149177034 1.6057802390638714 -0.26216934191414032 -0.48578104632524377 -0.60706591376043928 0.5201669344991523 0.2231657941028968 -0.32472710428488627
decision_type=2 2 2 2 2 2 2 2 2 2 2 2 2 2 2 2 2 2 2 2 2 2 2 2 2 2 2 2 2 2
left_child=3 2 -2 8 5 -5 7 -7 9 10 15 12 14 -12 -11 26 -10 -18 24 25 21 22 -6 -24 -19 -20 27 -1 29 -29
right_child=1 -3 -4 4 20 6 -8 -9 16 11 13 -13 -14 -15 -16 -17 17 18 19 -21 -22 -23 23 -25 -26 -27 -28 28 -30 -31
leaf_value=0.0027885365825627124 0.0021919426106614993 0.0039937193071218355 -0.0060100308925662522 0.0072081332057714461 -0.0074486899048064811 -0.0093204896120975423 0.0047251418232917789 0.0011124646221287551 -0.0029914094713486493 -0.0025388051064745075 0.0057010575899766993 -0.0072483879243451597 -0.0074199269864369524 -0.0015650538561333503 0.0045677424887461326 0.004570490189802808 0.0073352972941043287 -0.004834362235463535 0.0056472592628919165 0.0086575615086725774 -0.0078197311437516303 0.0047269408591091638 -0.0065530353092721526 0.0048996937402989715 0.0008778176440890613 4.4237686610170483e-05 6.1370933618014011e-05 -0.004784067262630534 -0.00024261414018346349 -0.0012193263176354698
leaf_weight=62 40 63 23 25 37 24 27 20 31 31 64 37 22 28 35 37 39 30 26 21 27 20 21 20 56 58 3702 109 481 169
leaf_count=62 40 63 23 25 37 24 27 20 31 31 64 37 22 28 35 37 39 30 26 21 27 20 21 20 56 58 3702 109 481 169
internal_value=2.79662e-12 0.00159565 -0.000802429 -3.82299e-05 -0.00147274 0.00110771 -0.00104033 -0.00457824 2.46972e-05 -6.36904e-05 9.89078e-06 -0.00280209 -0.000932618 0.00348963 0.00122982 -6.03145e-05 0.00164243 0.00226699 0.0012321 0.00315432 -0.00345452 -0.00225186 -0.0040413 -0.000966338 -0.0011148 0.00177851 -9.81964e-05 -0.000817707 -0.00111229 -0.00261701
internal_weight=5385 126 63 5259 221 96 71 44 5038 4777 4652 125 88 92 66 4560 261 230 191 105 125 98 78 41 86 84 4523 821 759 278
internal_count=5385 126 63 5259 221 96 71 44 5038 4777 4652 125 88 92 66 4560 261 230 191 105 125 98 78 41 86 84 4523 821 759 278
is_linear=0
shrinkage=0.05


Tree=57
num_leaves=31
num_cat=0
split_feature=1 5 11 2 11 6 9 1 6 5 7 10 10 4 10 5 7 11 3 7 8 7 3 1 4 5 3 5 0 4
split_gain=0.132052 0.362256 0.342553 0.428597 0.404014 0.364261 0.277026 0.361124 0.546228 0.923687 0.521276 0.341088 0.365546 0.339247 0.338236 0.483185 0.807204 0.328092 0.322525 0.330505 0.312343 0.3636 0.295521 0.285133 0.283469 0.456417 0.270055 0.580771 0.566508 1.03478
threshold=-0.046787291016576353 61.180342474250189 1.9811340351948032 0.2815223639972681 1.6964053383068087 0.059273714324637829 0.42812874425356356 -0.013643632208895638 0.024598025341559117 52.78436722409905 0.057935435341935432 0.50579416795689325 -0.66380572763255807 0.7014999583533521 -1.387789667222046 63.387857870608464 0.16237409335355715 1.2217176948249753 0.07896672585810495 0.096717219521900974 -1.1996229489227301 0.042298578768604718 -0.34855250513673547 -0.026709633881338454 0.24993140209055492 65.395442584442236 -0.27938339488388431 37.895392998878329 -0.098994081944654019 0.36874789072252084
decision_type=2 2 2 2 2 2 2 2 2 2 2 2 2 2 2 2 2 2 2 2 2 2 2 2 2 2 2 2 2 2
left_child=1 2 3 4 5 26 20 8 10 11 23 12 -10 14 15 16 -9 18 -12 -20 -2 -22 -16 -8 -23 -26 27 -1 -29 -30
right_child=6 -3 -4 -5 -6 -7 7 13 9 -11 17 -13 -14 -15 22 -17 -18 -19 19 -21 21 24 -24 -25 25 -27 -28 28 29 -31
leaf_value=-0.0050269145598277861 -0.0049707892913160466 0.0054122041538357743 0.0048957903702289635 -0.0058701622681210531 -0.0061678510508500041 0.0047029917980445195 -0.0016943522592688482 0.00078982528427551542 -0.0049260066438803519 0.0059729262038932321 -0.0063724188062722889 -0.007060092359781266 0.0020335965899263369 -0.0054040221721623786 -0.005510680968164588 -0.0013976301489905878 0.013332797230585761 -0.010351161626611084 -0.0044374922008460597 0.0019900368060916662 -0.0072387869159380603 0.00059505134889728984 0.00017973113907153652 0.0052611432999939379 -0.00068122809324627645 -0.0080206386088061011 0.00050375652125677565 0.0083058504108339554 0.00266372415370664 -0.0080194353838177294
leaf_weight=73 53 35 39 29 24 47 41 29 29 56 62 25 54 27 23 33 23 21 45 36 21 220 2853 23 87 28 1227 20 68 34
leaf_count=73 53 35 39 29 24 47 41 29 29 56 62 25 54 27 23 33 23 21 45 36 21 220 2853 23 87 28 1227 20 68 34
internal_value=1.44641e-12 0.0003815 0.000268704 0.000150139 0.000267077 0.000372209 -0.000160695 -1.19747e-05 -0.00143885 0.000761839 -0.00302181 -0.00194021 -0.000398072 0.00017522 0.000226094 0.00333456 0.00633768 -0.00451531 -0.00365829 -0.00158081 -0.00138973 -0.000856595 0.000134224 0.000805279 -0.000456518 -0.00246822 0.000229067 -0.00149936 0.000611389 -0.000897329
internal_weight=5385 1596 1561 1522 1493 1469 3789 3380 392 164 228 108 83 2988 2961 85 52 164 143 81 409 356 2876 64 335 115 1422 195 122 102
internal_count=5385 1596 1561 1522 1493 1469 3789 3380 392 164 228 108 83 2988 2961 85 52 164 143 81 409 356 2876 64 335 115 1422 195 122 102
is_linear=0
shrinkage=0.05


Tree=58
num_leaves=31
num_cat=0
split_feature=9 4 14 9 14 1 10 1 10 7 12 13 5 5 4 7 13 13 13 2 0 14 6 5 7 10 9 6 7 6
split_gain=0.133399 0.167291 0.206934 0.166182 0.583336 0.477173 0.280316 0.249215 0.475615 0.378222 0.232658 0.341334 0.28064 0.213579 0.211359 0.172939 0.153356 0.225676 0.396019 0.354851 0.230336 0.40625 0.668597 0.262229 0.219571 0.216528 0.335974 0.355913 0.24407 0.220803
threshold=-0.16591088388161881 0.78686882652653989 7.6054456789461486 0.30431894057778391 -0.21590453808675761 0.0081258062252085334 0.48647805032174257 0.085236563838331239 0.094504176622295127 0.091918010045991663 -0.35050061516944059 0.2879801721771591 45.875359541852056 40.007980145226064 0.24116570993293648 0.17624134816280837 -2.6141283894273584 -1.9937766041977227 -1.7318995762829397 -0.03305564445278663 -0.16883922090759465 0.066133860083168128 0.042970199745429073 31.215741078243145 0.11435168571663419 1.426405155468867 0.79245452720244303 0.030505162332811014 0.1731676824661765 0.026210051257460405
decision_type=2 2 2 2 2 2 2 2 2 2 2 2 2 2 2 2 2 2 2 2 2 2 2 2 2 2 2 2 2 2
left_child=-1 2 3 4 6 10 13 8 -7 -9 -6 12 -12 -2 -8 -11 -5 19 -19 -18 21 22 -20 -24 -21 29 -27 -28 -29 -22
right_child=1 -3 -4 16 5 7 14 9 -10 15 11 -13 -14 -15 -16 -17 17 18 20 24 25 -23 23 -25 -26 26 27 28 -30 -31
leaf_value=0.0035056894852055448 -0.0022178402020862058 -0.0045820209942758084 0.0050758366147056226 0.0031763371736861961 -0.0015842394204810262 0.00024197533240784771 -0.0042731433287262919 -0.0047723248500066498 -0.010300752716138959 0.0041417350234368286 -0.0026811715518124403 0.0085622450212637577 0.0056949784792959691 -0.0084185771979164419 0.0025311000467765901 -0.00095673281275908113 0.0013680477335583419 0.0040744815556118729 -0.0067689115181565288 -0.0016145163634791971 -0.00013179329883218269 -0.0067936950096148339 -0.00034822181221984684 0.0074630852725187493 -0.0086432718466967345 0.0026996476218725247 -0.0091189246802102965 0.0010191424287115344 -0.0045396209435421041 0.00059262590703477416
leaf_weight=27 21 20 20 39 20 23 25 30 20 39 20 30 20 41 21 29 32 61 24 20 2930 34 21 22 25 30 21 39 40 1641
leaf_count=27 21 20 20 39 20 23 25 30 20 39 20 30 20 41 21 29 32 61 24 20 2930 34 21 22 25 30 21 39 40 1641
internal_value=-8.54604e-15 -1.76658e-05 -5.6448e-07 -1.96559e-05 -0.00109083 0.000327367 -0.00412418 -0.00148821 -0.00466162 -9.57891e-05 0.00317176 0.00453062 0.0015069 -0.00631833 -0.00116686 0.00196739 5.32758e-05 2.862e-05 7.11449e-05 -0.00265707 2.02903e-05 -0.00234222 -8.32636e-05 0.00364826 -0.00551938 7.10484e-05 -0.00194113 -0.00333336 -0.00179542 0.000128275
internal_weight=5385 5358 5338 5318 339 231 108 141 43 98 90 70 40 62 46 68 4979 4940 4863 77 4802 101 67 43 45 4701 130 100 79 4571
internal_count=5385 5358 5338 5318 339 231 108 141 43 98 90 70 40 62 46 68 4979 4940 4863 77 4802 101 67 43 45 4701 130 100 79 4571
is_linear=0
shrinkage=0.05


Tree=59
num_leaves=31
num_cat=0
split_feature=12 12 14 2 2 0 4 2 11 5 12 6 6 0 6 8 12 4 4 8 4 5 6 0 5 5 12 11 6 3
split_gain=0.128431 0.216193 0.539853 0.380157 0.165505 0.202718 0.317832 0.434359 0.468248 0.292956 0.200418 0.219263 0.454659 0.610745 0.528486 0.517592 0.465809 0.463745 0.660287 0.530421 0.50289 0.457914 0.44768 0.421739 0.391031 0.388952 0.383923 0.363996 0.350867 0.350282
threshold=2.5328300052630328 1.68547347627035 -0.64143309383293412 -0.0019011814203055975 -0.44745465206100027 -0.16883922090759465 0.31762645537792628 -0.16078987429549566 -0.25248323271345491 32.790684658925358 1.5086215706724528 0.026210051257460405 0.022110991543821502 -0.089064550551308005 0.022355832932172966 2.7111983139104141 1.234286040425846 0.20666453239539276 0.1976670631039931 1.2975963219418611 0.20108538384768029 58.308239969135293 0.022516532683783827 0.11125217671052225 51.161775545686616 32.338779633588707 -0.12290675418727073 1.0721729317342743 0.015724937810047926 0.086452278268914454
decision_type=2 2 2 2 2 2 2 2 2 2 2 2 2 2 2 2 2 2 2 2 2 2 2 2 2 2 2 2 2 2
left_child=1 4 -3 -4 -1 6 -6 9 -9 -8 11 12 13 -7 -14 16 22 18 19 25 -20 24 -16 -23 -22 -15 -21 29 -28 -19
right_child=-2 2 3 -5 5 10 7 8 -10 -11 -12 -13 14 17 15 -17 -18 27 20 26 21 23 -24 -25 -26 -27 28 -29 -30 -31
leaf_value=0.0034516242705285548 0.0039025397084298586 -0.0073927992845282849 0.0043332154117524625 -0.0045661891531199221 -0.0076393415430738108 -0.0056084352410915826 -0.0010526183926101243 -0.010108984066173436 0.00035177982695724658 0.0066575859630988408 0.003665925635907211 0.00043982233239826286 -0.0049388741299654136 0.0057680221884671987 0.0050606294207879016 -0.0065696191379322191 -0.0071108912261059658 0.0002100956067442894 -0.0059197483033957806 -0.00098538334083665777 -0.0010350925159097338 -0.0074071580342747068 -0.00057118964024631218 0.0014643121394328773 0.0063999388292099212 -8.1594886068040492e-05 0.0016170456539839507 -0.0013011169388539509 0.0086968701643248391 0.003663125664930226
leaf_weight=35 21 34 30 20 21 45 28 20 23 22 38 1938 84 29 37 37 26 110 77 30 48 37 762 21 28 1414 30 77 42 221
leaf_count=35 21 34 30 20 21 45 28 20 23 22 38 1938 84 29 37 37 26 110 77 30 48 37 762 21 28 1414 30 77 42 221
internal_value=-4.31018e-14 -1.52784e-05 -0.00253193 0.000773454 2.47593e-05 1.89177e-06 -0.00208352 -0.00082898 -0.00451369 0.00233987 4.82252e-05 2.12328e-05 -0.000235891 0.000156899 -0.00115309 -0.000784179 -0.000524711 0.000276788 -7.6028e-05 0.000282276 -0.00269963 -0.000849257 -0.000310392 -0.00419507 0.00170413 3.5965e-05 0.00376685 0.00179528 0.00574694 0.00251559
internal_weight=5385 5364 84 50 5280 5245 114 93 43 50 5131 5093 3155 2209 946 862 825 2164 1756 1545 211 134 799 58 76 1443 102 408 72 331
internal_count=5385 5364 84 50 5280 5245 114 93 43 50 5131 5093 3155 2209 946 862 825 2164 1756 1545 211 134 799 58 76 1443 102 408 72 331
is_linear=0
shrinkage=0.05


Tree=60
num_leaves=31
num_cat=0
split_feature=13 3 8 13 12 2 10 11 4 4 3 5 7 6 14 4 8 14 11 5 11 3 6 6 12 4 12 3 11 2
split_gain=0.128462 0.337511 0.548838 0.516741 0.504465 0.652348 0.454716 0.436956 0.359497 0.600352 0.56072 0.446593 0.34547 0.302289 0.296434 0.294111 0.331599 0.293192 0.283 0.397076 0.311418 0.328691 0.669663 0.341162 0.665776 0.379508 0.515307 0.282039 0.280594 0.426778
threshold=0.4347872696115887 -0.015811605761959443 -0.2205638164686359 1.1336342983748737 0.25011455484236267 -0.04563230837150594 0.29811482376491477 -0.82483955056686797 0.20547506890980152 0.22397574081211566 -0.088050784734989215 39.444222199853606 0.14426987867043334 0.072886939461157416 -1.6150228679641128 0.65913372468674869 7.3902386791968153 -0.39396152578826998 -2.0161605388653525 55.403046932575968 -1.3353310686221993 1.1993002973393343 0.048469864127497229 0.0337274512274486 -0.96828375010053513 0.3716179727605729 -0.70868385035730708 -0.10139751367596193 0.51373344788703457 0.30027026794970019
decision_type=2 2 2 2 2 2 2 2 2 2 2 2 2 2 2 2 2 2 2 2 2 2 2 2 2 2 2 2 2 2
left_child=13 2 3 17 8 6 -6 -5 27 -10 11 -11 -9 14 -1 16 -16 -2 19 -3 -20 22 23 24 -22 -25 -27 -4 -26 -30
right_child=1 18 4 7 5 -7 -8 12 9 10 -12 -13 -14 -15 15 -17 -18 -19 20 -21 21 -23 -24 25 28 26 -28 -29 29 -31
leaf_value=0.0061416147720246093 -0.0041448691387041383 0.0084057492048790049 -0.0068994097544678628 -0.0050320803135753414 -0.0027756552444770932 -0.0058956599592541658 0.0027217066459829958 -0.0020055344747379423 0.010038609115872532 -0.003765195554920605 -0.0042571847113625459 0.0042624695588731106 0.007176573714241386 -0.0055320179008919263 0.00018727824777174724 0.0059455233816565443 -0.0057107367145363243 -0.01014830737910939 -0.003798199362623004 -0.0011334601650014519 -0.0062250869088741239 0.0043956746336665346 -0.0084537007481507633 0.005360492109321058 0.00051763772986414009 0.0054230472402196032 -0.0040893370511808566 0.00065567035460844646 -0.00072152931556924657 -0.0080669989617055526
leaf_weight=21 53 24 21 33 80 75 71 20 22 21 36 99 21 23 3384 22 24 33 52 20 43 44 23 63 804 24 35 30 141 23
leaf_count=21 53 24 21 33 80 75 71 20 22 21 36 99 21 23 3384 22 24 33 52 20 43 44 23 63 804 24 35 30 141 23
internal_value=3.65389e-12 -0.000329268 -0.00129387 -0.00381271 -0.000408126 -0.00208401 -0.000190803 -0.000749477 0.0012458 0.00230621 0.00121575 0.00285763 0.0026975 0.000181126 0.000219202 0.000182943 0.000145743 -0.00644851 0.000128472 0.00406974 -1.00392e-05 0.000154114 -7.32906e-06 0.000164133 -0.000137265 0.00266178 -0.000219893 -0.00245524 0.000133165 -0.00175169
internal_weight=5385 1911 615 160 455 226 151 74 229 178 156 120 41 3474 3451 3430 3408 86 1296 44 1252 1200 1156 1133 1011 122 59 51 968 164
internal_count=5385 1911 615 160 455 226 151 74 229 178 156 120 41 3474 3451 3430 3408 86 1296 44 1252 1200 1156 1133 1011 122 59 51 968 164
is_linear=0
shrinkage=0.05


Tree=61
num_leaves=31
num_cat=0
split_feature=1 3 12 14 1 3 3 0 1 13 4 1 2 2 5 1 0 1 13 5 4 2 7 6 12 7 14 7 4 10
split_gain=0.12417 0.318768 0.299064 0.239238 0.181416 0.406843 0.812835 0.468721 0.405366 0.249279 0.18884 0.176229 0.398898 0.325167 0.287537 0.486952 0.432264 0.549489 0.427912 0.421131 0.287981 0.270032 0.320237 0.427661 0.37849 0.333881 0.276981 0.259108 0.20508 0.204181
threshold=1.0040006985428416 1.8813982191837129 -1.7629111735300873 5.2825416916908532 0.34611718571419209 0.41835018183260725 0.70459452283020363 0.139891592735262 0.55980771855917244 0.29443199718736329 0.3716179727605729 0.1972454202105485 -0.040544216663354719 0.0063757214311531705 62.960926631881691 0.21546925380736973 0.01137227781888517 0.24232858131984794 -0.75004197504052728 49.931784023362347 0.2431446216862172 0.39169868010079351 0.14063580627053046 0.018391709180267956 -0.012935950697498642 0.16728898241176723 2.3464338859648053 0.087562759922926905 0.32056341452961051 0.094504176622295127
decision_type=2 2 2 2 2 2 2 2 2 2 2 2 2 2 2 2 2 2 2 2 2 2 2 2 2 2 2 2 2 2
left_child=1 4 -3 -4 11 9 7 -7 10 -6 -8 -1 -13 -14 15 27 19 -18 -16 -17 -19 22 23 26 -25 -24 -20 -15 -22 -23
right_child=-2 2 3 -5 5 6 8 -9 -10 -11 -12 12 13 14 18 16 17 20 21 -21 28 29 25 24 -26 -27 -28 -29 -30 -31
leaf_value=-7.466853441858985e-05 -0.0038372444399144682 0.0079063214206447196 -0.0027191978350112386 0.0046545650683004749 -0.001440402467103143 0.0011469042248791084 -0.0033278331356788324 0.01090440827421844 0.0020339496003893708 -0.0078545872799374843 -0.0094182862713932999 0.0067949663295789999 -0.0048880130983889108 0.0026626934469849979 -0.0040794485993281906 0.0017005934119772388 -0.0021385154245715395 0.0018393431297119929 -0.0045109197047763861 -0.0061126204407108689 0.011514080737140917 0.0067025932804520797 -0.008018234751874671 0.00084340182476721343 0.010454317480325701 -0.00050546389492228628 0.0031376340019050987 0.009469187246828244 0.0044395348127000038 0.00013567828107625247
leaf_weight=4543 21 24 22 22 28 32 35 20 26 33 20 27 26 27 58 34 38 34 29 35 21 29 21 21 20 50 20 29 20 20
leaf_count=4543 21 24 22 22 28 32 35 20 26 33 20 27 26 27 58 34 38 34 29 35 21 29 21 21 20 50 20 29 20 20
internal_value=4.46934e-12 1.50228e-05 0.00341661 0.000967684 -2.86533e-05 -0.00152939 2.12925e-05 0.00489979 -0.00311058 -0.00491037 -0.00554254 2.8411e-05 0.00086614 0.000565241 0.000845448 0.00211024 0.000855708 0.00275983 -0.000277767 -0.00226263 0.00524165 0.000772221 -0.000216909 0.00176371 0.00553165 -0.00272755 -0.00138906 0.00618748 0.00806308 0.00402222
internal_weight=5385 5364 68 44 5296 194 133 52 81 61 55 5102 559 532 506 238 182 113 268 69 75 210 161 90 41 71 49 56 41 49
internal_count=5385 5364 68 44 5296 194 133 52 81 61 55 5102 559 532 506 238 182 113 268 69 75 210 161 90 41 71 49 56 41 49
is_linear=0
shrinkage=0.05


Tree=62
num_leaves=31
num_cat=0
split_feature=1 13 9 12 9 8 5 13 13 12 14 12 14 4 4 12 8 13 8 13 13 9 0 7 1 2 12 8 8 1
split_gain=0.123391 0.343952 0.295236 0.677212 0.438674 0.410286 0.478201 0.941908 0.54717 0.468164 0.402268 0.692846 0.548836 0.492643 0.474678 0.498424 0.414647 0.630494 0.749262 0.445266 0.404331 0.401715 0.400599 0.386402 0.478004 0.506058 0.379848 0.376962 0.328754 0.3128
threshold=-0.046787291016576353 2.3435087691180287 1.1855753094415742 1.234286040425846 1.0360349656555201 2.8668432921714291 50.92266821331517 0.016610875259361006 -0.16102751225401143 -0.27602593940723658 0.066133860083168128 0.62496357309951212 0.63278812876158741 0.20328841509250428 0.18029099582654215 0.51457881859701304 0.17897396127066181 0.33426149565695817 -0.078838953446618218 -0.92268994781890756 0.071534752274210814 0.66454212551313974 -0.11712321909908412 0.24348092138977118 -0.082855747314013503 -0.13221761134363283 -0.34007484342541955 0.62256365719052076 1.916870729943714 -0.076957213982812009
decision_type=2 2 2 2 2 2 2 2 2 2 2 2 2 2 2 2 2 2 2 2 2 2 2 2 2 2 2 2 2 2
left_child=1 2 4 5 10 6 8 9 23 -8 13 -12 -13 14 -1 -16 17 19 21 -15 27 -19 26 24 25 -4 -10 -18 -29 -24
right_child=-2 -3 3 -5 -6 -7 7 -9 22 -11 11 12 -14 16 15 -17 20 18 -20 -21 -22 -23 29 -25 -26 -27 -28 28 -30 -31
leaf_value=-0.00030837374012151813 -0.00015533635199579498 0.0054203338250800072 0.0036385727770702572 -0.0061213161732417108 0.0031002289758537685 0.0067562978005125413 -0.0023592606586005007 0.0022949509703638882 -0.0090335843843166487 -0.010979685394300356 0.0029366361362917815 0.0017101579595224133 -0.0081896616594998965 -0.00010169562130399486 -0.01012604680015809 -0.0013997623852143686 -0.0094760521272705366 -0.0079240951926983667 0.0053934204940413758 0.0068566465658516113 0.0012319847392811352 -6.1715409901808013e-05 0.0011358285867663052 0.0074077562949455833 0.0077716975860918566 -0.0033486967008899563 -0.00092161736871686673 0.0021645036097002698 -0.0051042999639841066 -0.00353505262412116
leaf_weight=73 3789 33 49 51 171 21 28 44 27 36 240 28 28 34 36 30 22 33 31 71 73 32 151 34 24 55 31 28 35 47
leaf_count=73 3789 33 49 51 171 21 28 44 27 36 240 28 28 34 36 30 22 33 31 71 73 32 151 34 24 55 31 28 35 47
internal_value=-1.92843e-12 0.000368778 0.000262123 -0.000610825 0.000803079 -9.70493e-05 -0.000370662 -0.00333658 0.000395651 -0.00720825 0.000308353 0.00176813 -0.00323975 -0.000559306 -0.00308663 -0.00615955 0.000419241 0.00192582 -0.00100285 0.00460347 -0.00149736 -0.00405339 -0.00104342 0.00266973 0.00141119 -5.66178e-05 -0.00469788 -0.00384138 -0.00187372 2.70841e-05
internal_weight=5385 1596 1563 598 965 547 526 108 418 64 794 296 56 498 139 66 359 201 96 105 158 65 256 162 128 104 58 85 63 198
internal_count=5385 1596 1563 598 965 547 526 108 418 64 794 296 56 498 139 66 359 201 96 105 158 65 256 162 128 104 58 85 63 198
is_linear=0
shrinkage=0.05


Tree=63
num_leaves=31
num_cat=0
split_feature=12 6 6 0 3 7 7 13 1 5 13 12 8 4 12 4 8 6 9 0 6 12 8 5 6 1 4 0 8 1
split_gain=0.127742 0.416183 0.518278 0.75308 0.591147 0.582205 0.669318 0.511491 0.467385 0.383792 0.430226 0.370033 0.361046 0.342033 0.386594 0.585809 0.486639 0.42188 0.378138 0.377259 0.347305 0.444047 0.446031 0.441322 0.325871 0.320297 0.317458 0.509747 0.315291 0.311637
threshold=-0.49790672424525956 0.032358215706045849 0.036702479611648804 -0.098994081944654019 -0.091959473701364911 0.14426987867043334 0.12182331146428259 0.59328498876511349 -0.10373302491574858 64.706608040993927 0.12159759658924497 -1.4992938515681413 -0.052118745091707323 0.3999995680523955 -0.29447196621095723 0.1907206475389957 -0.73837819779107905 0.015364454011187098 0.96414647850933988 0.051105949853525685 0.041804610782531303 1.4506074276405139 -0.75999921148824978 60.092321061564306 0.038252331618567136 -0.15409085169760825 0.30600343432020433 -0.055679170455211584 1.916870729943714 0.21546925380736973
decision_type=2 2 2 2 2 2 2 2 2 2 2 2 2 2 2 2 2 2 2 2 2 2 2 2 2 2 2 2 2 2
left_child=1 7 3 -3 -5 6 -4 -1 -9 10 25 -10 -12 14 15 17 -17 -2 -19 26 24 22 -22 -24 -15 -7 27 -18 -11 -13
right_child=13 2 5 4 -6 9 -8 8 11 28 12 29 -14 20 -16 16 19 18 -20 -21 21 -23 23 -25 -26 -27 -28 -29 -30 -31
leaf_value=-0.00038805661135870879 0.0049625506205484273 -0.0054049429181031883 0.00080303562451796296 0.01291538819205016 0.0033613327627672871 0.0030470239079516872 -0.0096845924970693897 -0.0087142709529761109 -0.0081537640936996635 -0.0084141321200877431 0.00127075340339466 -0.00023651129665649344 0.0066674078275979157 -0.00071570651489309971 0.00010362925897690482 -0.0015897557012858274 -0.002675264349236386 -0.0070163177858505931 5.9492810538447482e-05 0.0014734913857648196 -0.002891587022895692 -0.0056724728537457334 0.0036532400302927599 -0.0044898407626897101 -0.0074483823917079264 -0.0018896198361788106 0.010490061389698116 0.0062382825173115664 0.00046408001495365178 -0.0058414190436803532
leaf_weight=602 20 20 29 20 85 46 32 33 23 20 79 124 51 32 3409 46 20 35 41 84 64 35 99 20 41 115 28 81 20 31
leaf_count=602 20 20 29 20 85 46 32 33 23 20 79 124 51 32 3409 46 20 35 41 84 64 35 99 20 41 115 28 81 20 31
internal_value=-3.31601e-12 -0.00042522 0.000683919 0.00348738 0.00518115 -0.00021004 -0.00469867 -0.00113054 -0.0032489 0.000617169 0.0012484 -0.00223566 0.0033879 0.000139468 0.00026715 0.00183741 0.00307398 -0.00149876 -0.0031991 0.00408118 -0.00151206 -0.000512496 0.000474385 0.00228466 -0.00449707 -0.00047915 0.0057792 0.00447322 -0.00397503 -0.00135749
internal_weight=5385 1330 517 125 105 392 61 813 211 331 291 178 130 4055 3764 355 259 96 76 213 291 218 183 119 73 161 129 101 40 155
internal_count=5385 1330 517 125 105 392 61 813 211 331 291 178 130 4055 3764 355 259 96 76 213 291 218 183 119 73 161 129 101 40 155
is_linear=0
shrinkage=0.05


Tree=64
num_leaves=31
num_cat=0
split_feature=12 12 14 3 13 0 13 2 3 12 0 4 8 1 4 0 1 0 0 4 1 8 11 2 5 3 11 9 2 1
split_gain=0.123512 0.162704 0.484863 0.349112 0.166348 0.33137 0.477634 0.533293 0.558462 0.530748 0.396919 0.379176 0.276361 0.714354 0.429684 0.229656 0.41965 0.476437 0.519366 0.556718 0.473393 0.465806 0.465604 0.574846 0.55056 0.392152 0.490849 0.381869 0.585919 0.545201
threshold=2.5328300052630328 1.68547347627035 -0.64143309383293412 0.088703744054602032 -1.1550350254782324 0.055198523957937125 -1.4060940019890074 -0.13221761134363283 -0.17570732659288071 0.3041257156200376 0.22951149465883205 0.24896421873697477 -0.47721762191802813 0.10767785688180366 0.28016228724325992 0.062949137711038286 0.12777680463942601 0.06848732564682937 0.15119012944286839 0.19847271173685913 -0.036645587470084555 0.62256365719052076 -1.132215947226253 -0.028548298323347928 65.024948259482642 0.57196618710590807 0.50511526789489747 0.36775040891807359 0.31002202119109362 -0.048179569385518754
decision_type=2 2 2 2 2 2 2 2 2 2 2 2 2 2 2 2 2 2 2 2 2 2 2 2 2 2 2 2 2 2
left_child=1 4 -3 -4 5 6 7 8 -1 11 -7 -8 -9 14 -14 25 17 -17 19 21 -20 -19 24 -24 -18 -6 -27 -21 29 -29
right_child=-2 2 3 -5 15 10 9 12 -10 -11 -12 -13 13 -15 -16 16 22 18 20 27 -22 -23 23 -25 -26 26 -28 28 -30 -31
leaf_value=0.0004220249269295622 0.0038270780195792521 -0.0068048760568832651 0.0047904072087947974 -0.0035924421582856909 -0.00043991175227026878 -0.0018076244590830217 0.01247804561474671 -0.0031762310728663578 0.011293682518104713 -0.00063696519054215537 0.005715866032114718 0.0044503885476794829 0.00340160806170808 0.0093219454167410738 -0.0049857912434113994 0.0058775457736503873 0.0011276452392339708 0.00071999652139408501 -0.002517495956271887 -0.0058568207184887602 0.0061163891673990676 0.006488698091410664 0.0084122479893267155 -0.00020465417153415425 -0.0085873835080669137 0.0027053891971389947 -0.0014142247691541633 0.0052308334542127948 -0.0072799778715879823 -0.0008154530427941473
leaf_weight=27 21 34 27 23 3229 142 24 70 21 29 20 38 26 20 37 56 25 103 20 36 77 53 20 600 35 223 107 48 27 167
leaf_count=27 21 34 27 23 3229 142 24 70 21 29 20 38 26 20 37 56 25 103 20 36 77 53 20 600 35 223 107 48 27 167
internal_value=-4.78241e-12 -1.4983e-05 -0.00219823 0.000934296 1.97504e-05 0.000934764 0.00194092 0.00058026 0.00517838 0.00494633 -0.000878798 0.00755787 -0.000862286 0.00108923 -0.00152432 -6.63283e-05 0.000511756 0.00149116 0.00102856 0.000289297 0.00433621 0.00267988 -0.000333698 7.33104e-05 -0.00453945 -0.000272126 0.00136964 -0.00105218 -0.000337438 0.000534416
internal_weight=5385 5364 84 50 5280 454 292 201 48 91 162 62 153 83 63 4826 1267 587 531 434 97 156 680 620 60 3559 330 278 242 215
internal_count=5385 5364 84 50 5280 454 292 201 48 91 162 62 153 83 63 4826 1267 587 531 434 97 156 680 620 60 3559 330 278 242 215
is_linear=0
shrinkage=0.05


Tree=65
num_leaves=31
num_cat=0
split_feature=9 4 14 8 12 10 5 2 13 5 9 9 14 9 2 9 7 6 9 9 13 3 2 8 8 9 10 10 12 3
split_gain=0.118937 0.154017 0.169361 0.148454 0.165013 0.168764 0.326529 0.372149 0.466046 0.391543 0.34727 0.372751 0.478643 0.393738 0.30202 0.265167 0.302821 0.243958 0.213736 0.52563 0.435846 0.406159 0.493021 0.355565 0.415897 0.387454 0.319124 0.312961 0.616333 0.427218
threshold=-0.16591088388161881 0.78686882652653989 7.6054456789461486 7.3902386791968153 2.5328300052630328 0.96258946108037313 66.137423501678413 -0.22552008547378063 -0.54544795393038303 40.199833149377831 1.1855753094415742 1.3630592553101484 -0.17685884584878567 1.7587662435494817 -0.040544216663354719 0.84727564799568056 0.11881148251151959 0.03908710677953886 1.0524150363114964 1.1496824119491664 -0.76745645812155405 -0.42265549772771788 -0.33057499742558577 -2.1712043008447828 -1.9477090202510927 1.0000000180025095e-35 0.86048048497890428 -0.44015792518218749 -0.11437221681421185 0.012423548769085803
decision_type=2 2 2 2 2 2 2 2 2 2 2 2 2 2 2 2 2 2 2 2 2 2 2 2 2 2 2 2 2 2
left_child=-1 2 3 4 5 18 7 8 -7 -10 15 -12 14 -14 -13 17 -17 -9 21 20 -20 -2 -23 -24 -25 -26 -21 -22 -29 -30
right_child=1 -3 -4 -5 -6 6 -8 10 9 -11 11 12 13 -15 -16 16 -18 -19 19 26 27 22 23 24 25 -27 -28 28 29 -31
leaf_value=0.0033102012135916288 0.0048385574900282509 -0.0043962031230330469 0.0045922022424929312 -0.00309105621268734 0.0045382125116884709 0.0080263407102652961 0.0037553329796840753 -0.00073404496422771253 -0.0060800980776548391 0.0027063405810622502 -0.0082030692507918841 0.0043167011314553432 -0.010159293784258458 -0.0011783626608793502 -0.0035567359000976597 -0.0026810327333144169 0.0046901229076626661 -0.0066207337658852339 0.0063933745624429623 -2.4341071231032479e-05 -0.0013006516569294036 -0.0081219773087650542 -0.0026065008365549151 0.0056551961528678099 0.0054751546587795026 -0.00024193822386248842 0.0050149349786806855 0.0056087259772959024 0.0041657316037994217 -0.0011093720324245877
leaf_weight=27 39 20 20 39 20 21 33 66 21 32 39 29 26 23 21 22 38 24 51 1724 80 20 150 31 30 2438 32 91 56 122
leaf_count=27 39 20 20 39 20 21 33 66 21 32 39 29 26 23 21 22 38 24 51 1724 80 20 150 31 30 2438 32 91 56 122
internal_value=-8.209e-12 -1.66808e-05 -2.71902e-07 -1.75433e-05 5.16305e-06 -1.20762e-05 -0.00100601 -0.00144005 0.00172262 -0.000775079 -0.00225269 -0.00406283 -0.00243183 -0.00594375 0.00100986 -0.000587351 0.00198737 -0.00230383 6.864e-05 0.0004401 0.00207585 -0.000227101 -0.000301122 -0.000242074 -0.000100152 -0.000172444 6.74908e-05 0.00144493 0.00226146 0.000550211
internal_weight=5385 5358 5338 5318 5279 5259 395 362 74 53 288 138 99 49 50 150 60 90 4864 2156 400 2708 2669 2649 2499 2468 1756 349 269 178
internal_count=5385 5358 5338 5318 5279 5259 395 362 74 53 288 138 99 49 50 150 60 90 4864 2156 400 2708 2669 2649 2499 2468 1756 349 269 178
is_linear=0
shrinkage=0.05


Tree=66
num_leaves=31
num_cat=0
split_feature=5 2 13 11 6 2 4 1 3 1 4 6 9 6 3 11 0 11 1 1 11 9 13 11 0 4 2 1 6 8
split_gain=0.11458 0.271369 0.270927 0.250194 0.158779 0.497131 0.231083 0.141958 0.256576 0.228272 0.400563 0.563215 0.398577 0.311274 0.286509 0.185732 0.17594 0.408099 0.270225 0.259554 0.213007 0.225208 0.420766 0.210892 0.357082 0.208447 0.17372 0.463173 0.533599 0.360057
threshold=76.955213112595331 0.36482158266327408 -0.13712423354731776 0.2616772403881476 0.012486142167803716 0.041071013558687482 0.12448177219226009 0.79825988249240409 2.1003350631899615 0.34611718571419209 0.3716179727605729 0.044642129416372377 1.2649220159642278 0.02717334416982908 1.415272708962392 -0.10414710558186756 0.17934120219217323 -1.2512856063513598 0.09291514008214509 0.24507814594975888 -1.8656465362601222 1.2711469116002996 0.27576757232671156 -1.6262986585588721 -0.050135699362455037 0.29312975475441322 0.17848992629504981 -0.025630478673805687 0.036883185198409767 1.486016725699147
decision_type=2 2 2 2 2 2 2 2 2 2 2 2 2 2 2 2 2 2 2 2 2 2 2 2 2 2 2 2 2 2
left_child=4 2 -2 -4 5 -1 -6 8 9 14 12 -12 -11 -14 16 -15 20 -18 -19 25 21 22 -8 24 -22 -20 -25 28 -28 -29
right_child=1 -3 3 -5 6 -7 7 -9 -10 10 11 -13 13 15 -16 -17 17 18 19 -21 23 -23 -24 26 -26 -27 27 29 -30 -31
leaf_value=-0.0033014635253019392 -0.0042514823834478325 0.0044984022660696128 -0.001060189618729055 0.0060556009198383743 -0.0038997629239486578 0.0060120738356521262 -0.00018407042759160204 -0.0032099733954029427 0.0039740350935608152 -0.0038006194541230797 -0.0096581121324561536 -0.00034849305891177873 -0.0021759417140856385 0.0086356535006780182 0.0047312650844105525 0.0018214709172025324 -0.0039840134379725591 0.0066618593988587733 0.0024920772563200447 0.0057471583464315966 0.00088380010426044459 -0.00090192382016943563 0.0080582672846503563 9.9188600657843423e-05 -0.0075670244209468376 -0.0047267768107121817 -0.0014947387216125208 -5.7148323613829665e-05 -0.0097703977122104591 -0.0036521692794437214
leaf_weight=23 28 47 30 21 39 38 30 35 40 40 32 33 22 20 32 20 24 37 20 21 25 36 32 3472 25 20 64 976 28 75
leaf_count=23 28 47 30 21 39 38 30 35 40 40 32 33 22 20 32 20 24 37 20 21 25 36 32 3472 25 20 64 976 28 75
internal_value=7.22732e-13 0.00149004 -0.000299741 0.00186984 -3.56998e-05 0.00250041 -6.54618e-05 -3.6476e-05 -1.47991e-05 -4.61825e-05 -0.00186415 -0.00493169 9.06568e-05 0.00260116 1.55625e-05 0.00522856 -1.53285e-05 0.00185958 0.00329066 0.00124584 -6.33526e-05 0.0022436 0.00407004 -0.000111816 -0.00334161 -0.00111735 -7.68236e-05 -0.000611482 -0.00401342 -0.000313691
internal_weight=5385 126 79 51 5259 61 5198 5159 5124 5084 167 65 102 62 4917 40 4885 122 98 61 4763 98 62 4665 50 40 4615 1143 92 1051
internal_count=5385 126 79 51 5259 61 5198 5159 5124 5084 167 65 102 62 4917 40 4885 122 98 61 4763 98 62 4665 50 40 4615 1143 92 1051
is_linear=0
shrinkage=0.05


Tree=67
num_leaves=31
num_cat=0
split_feature=12 12 11 6 6 13 12 9 6 6 1 12 1 13 14 6 4 6 12 1 11 12 5 5 2 9 4 5 6 0
split_gain=0.119873 0.384258 0.380731 0.641517 0.590815 0.656597 0.523191 0.512487 0.527673 0.431118 0.48938 0.381221 0.383998 0.380158 0.356273 0.367714 0.414947 0.351402 0.346054 0.470179 0.462731 0.279511 0.270872 0.270678 0.256929 0.285874 0.257584 0.300836 0.409106 0.355971
threshold=-0.45323748680892922 -0.29447196621095723 0.022879822988386481 0.032358215706045849 0.036883185198409767 -0.11377127054853318 -1.1490025720657071 1.0737471356183179 0.028787949148721469 0.040858899766107598 -0.037759911011556728 -1.277224582116689 0.038607951669866976 0.75797218861670246 2.8686477042759404 0.019328737279334238 0.3999995680523955 0.035375297760861311 -0.88733372600475569 0.04474752476125133 -0.3813174507373584 -0.27602593940723658 55.523262729711533 73.176481747160622 -0.15320798628253543 1.5776419266917443 0.2138621937071534 46.911941846617516 0.023507537132551198 0.051105949853525685
decision_type=2 2 2 2 2 2 2 2 2 2 2 2 2 2 2 2 2 2 2 2 2 2 2 2 2 2 2 2 2 2
left_child=2 14 3 7 6 9 -5 8 -1 -6 -11 -7 13 -13 15 22 24 -8 20 -20 -9 -3 -2 -4 -17 26 -26 -28 -29 -30
right_child=1 21 23 4 5 11 17 18 -10 10 -12 12 -14 -15 -16 16 -18 -19 19 -21 -22 -23 -24 -25 25 -27 27 28 29 -31
leaf_value=-0.0032977931491652694 0.0019501690383486707 -0.0040590205706567285 0.0001063489395050965 -0.0028223330900073052 -0.010895215648980369 0.0039238931881564283 0.0036465120579426491 0.0072103585922517451 -0.01002184723227008 0.0016174585588516728 -0.0081333070866424929 -0.0029871275070412406 -0.0061576691973540517 0.0051088261129013423 0.0074226022993500998 -0.001340529936938905 -0.0028234580094276956 0.011912597883492708 0.0018123069778084755 -0.0063833269584436152 -0.0015433551226225165 4.3528491299254643e-05 -0.0043027875392676095 0.0043251740132109265 0.007487186901616278 0.0090486979228444394 -0.0024312956873992729 -0.0015368563785719185 0.010457052752375602 0.0022485050609767705
leaf_weight=138 29 42 768 20 21 62 36 26 37 31 22 29 27 29 26 26 33 20 30 42 36 3614 43 40 27 24 28 26 25 28
leaf_count=138 29 42 768 20 21 62 36 26 37 31 22 29 27 29 26 26 33 20 30 42 36 3614 43 40 27 24 28 26 25 28
internal_value=1.88439e-12 0.000140771 -0.000395333 -0.00134271 0.000316641 -0.00099112 0.00411947 -0.00293762 -0.00471945 -0.00483231 -0.00243003 0.000942541 -0.00123209 0.00106085 0.0018164 0.00131204 0.00233938 0.00659869 -0.000610612 -0.00296848 0.00212756 -3.60145e-06 -0.00178424 0.000315202 0.00326532 0.00402325 0.00312316 0.00202196 0.00360033 0.00612046
internal_weight=5385 3971 1414 606 297 221 76 309 175 74 53 147 85 58 315 289 217 56 134 72 62 3656 72 808 184 158 134 107 79 53
internal_count=5385 3971 1414 606 297 221 76 309 175 74 53 147 85 58 315 289 217 56 134 72 62 3656 72 808 184 158 134 107 79 53
is_linear=0
shrinkage=0.05


Tree=68
num_leaves=31
num_cat=0
split_feature=1 13 2 5 0 12 1 14 2 13 3 0 7 5 13 2 14 4 5 10 12 8 14 0 5 4 12 7 2 3
split_gain=0.111693 0.310214 0.275018 0.301057 0.243522 0.553759 0.508948 0.362936 0.568233 0.285424 0.287042 0.270988 0.264717 0.279537 0.238958 0.251639 0.420204 0.452003 0.324254 0.274242 0.231709 0.433261 0.497595 0.570003 0.523093 0.373857 0.363681 0.608858 0.532813 0.482175
threshold=-0.046787291016576353 2.3435087691180287 0.2815223639972681 61.180342474250189 -0.052854154423794701 0.69852915524707548 0.015431556381686253 -0.56351590869096568 -0.010164909608943283 2.3435087691180287 -0.42265549772771788 0.066701213279355201 0.11698173811566649 43.323909022202763 1.5345851626840692 0.07757273676745137 1.5605103014086559 0.22607520265089329 41.164569877529949 -0.25007828236770052 0.63377187987577865 0.22119656124512235 -0.7495645692895434 -0.027457880673886045 53.173789471019667 0.44848435879739507 0.80835721791344384 0.15846987931662046 -0.053500511634633867 0.053217914654758121
decision_type=2 2 2 2 2 2 2 2 2 2 2 2 2 2 2 2 2 2 2 2 2 2 2 2 2 2 2 2 2 2
left_child=1 2 3 20 5 7 -7 -2 12 10 -6 -11 -9 -14 15 18 19 -18 -10 -17 25 26 -23 -24 -25 -1 27 -22 -28 -30
right_child=4 -3 -4 -5 9 6 -8 8 14 11 -12 -13 13 -15 -16 16 17 -19 -20 -21 21 22 23 24 -26 -27 28 -29 29 -31
leaf_value=0.0002907605191336216 0.0031613570878835165 0.005148270469384663 -0.0044915525390145676 0.0051412204164080324 -0.0055190499143108083 -0.0022581543431927759 0.0062686800397516763 -0.0017768918390564587 -0.0021704305554865987 -0.0077557700969602753 8.610554154486512e-05 0.00010015813001830663 -0.0053499026224017145 -0.012871403850260235 0.002726789632191261 -0.0083169101900421091 0.0063103261351352552 -0.0027880043127075879 0.0053895977447214333 -0.0028962971966913238 0.00085699297487735755 0.0020441594130888182 -0.0094154462730512024 0.0017932260062661954 -0.0070264953959347873 0.0033328314914667445 0.0039543061724900469 -0.009873175816610456 -0.0078860983337191021 0.0017296509002335371
leaf_weight=1028 30 33 30 32 23 30 42 21 37 23 3299 21 30 21 30 40 20 43 23 56 39 37 40 40 29 112 102 20 22 32
leaf_count=1028 30 33 30 32 23 30 42 21 37 23 3299 21 30 21 30 40 20 43 23 56 39 37 40 40 29 112 102 20 22 32
internal_value=-7.37088e-12 0.000350861 0.000249572 0.000342353 -0.000147789 -0.00127853 0.00271583 -0.00209789 -0.00258941 -5.69084e-06 4.7298e-05 -0.00400635 -0.00650155 -0.00844699 -0.00145819 -0.00203147 -0.00307262 0.000100355 0.00072758 -0.00515489 0.000240046 -0.000863906 -0.00296591 -0.00466658 -0.00191361 0.000589631 0.000563503 -0.00278035 0.00182817 -0.00218788
internal_weight=5385 1596 1563 1533 3789 423 72 351 321 3366 3322 44 72 51 249 219 159 63 60 96 1501 361 146 109 69 1140 215 59 156 54
internal_count=5385 1596 1563 1533 3789 423 72 351 321 3366 3322 44 72 51 249 219 159 63 60 96 1501 361 146 109 69 1140 215 59 156 54
is_linear=0
shrinkage=0.05


Tree=69
num_leaves=31
num_cat=0
split_feature=12 11 6 10 11 6 13 9 6 1 9 11 12 12 1 13 10 14 6 4 6 11 11 11 9 4 13 10 12 5
split_gain=0.107463 0.347186 0.568259 0.558978 0.524062 0.468755 0.582352 0.454911 0.391373 0.431273 0.388723 0.402459 0.346472 0.345891 0.335241 0.338854 0.326619 0.321827 0.331773 0.368168 0.316124 0.527397 0.276595 0.412782 0.475539 0.451514 0.479146 0.425981 0.362384 0.360533
threshold=-0.45323748680892922 0.022879822988386481 0.03186560939136926 0.81288448501205701 0.13654882256936721 0.036883185198409767 -0.11377127054853318 0.41131150379191211 0.040858899766107598 -0.037759911011556728 0.78260485262209123 -0.79036600781962296 -0.29447196621095723 -1.277224582116689 0.038607951669866976 0.75797218861670246 -0.55411597584032868 2.8686477042759404 0.019328737279334238 0.3999995680523955 0.028684420243555091 -0.69292011801393072 0.19456720315057294 0.39394528108143184 1.3718362528081696 0.29214234574759623 0.19890479034790812 0.20292408422099248 -1.8598428758109364 47.429380201681759
decision_type=2 2 2 2 2 2 2 2 2 2 2 2 2 2 2 2 2 2 2 2 2 2 2 2 2 2 2 2 2 2
left_child=1 2 7 4 16 10 8 -1 -7 -10 -4 -12 17 -8 15 -15 -3 18 -2 -20 -9 -22 -6 24 -24 26 -25 28 -27 -26
right_child=12 3 5 -5 22 6 13 20 9 -11 11 -13 -14 14 -16 -17 -18 -19 19 -21 21 -23 23 25 29 27 -28 -29 -30 -31
leaf_value=-0.0095780946273842579 -0.0016960291557350301 0.010471669823164121 -0.0013887473847717048 -0.0073788318686875635 -0.0040747028982473744 -0.010360607540323622 0.0036944788557687598 -0.0013671948553560826 0.0015045427266628512 -0.0076490552027032466 0.00013971703709103167 0.0089859594235248454 -3.8049047984624423e-06 -0.0028961033849366782 -0.005819047904676862 0.0047473998740315444 0.0021056810277514161 0.0070526939937665782 0.0030930692175705037 -0.0026422412812032482 -0.011020232766866684 -0.0015669502582467331 0.0047921566050309616 -0.00015663522922179917 -0.0063950219098478566 0.0048504175512458789 -0.0042754901739719669 0.0087121723685413596 -0.00046631120780672312 0.002215545270742188
leaf_weight=23 72 20 28 23 36 21 62 217 31 22 20 36 3656 29 27 29 28 26 184 33 25 36 98 275 20 44 95 20 118 31
leaf_count=23 72 20 28 23 36 21 62 217 31 22 20 36 3656 29 27 29 28 26 184 33 25 36 98 275 20 44 95 20 118 31
internal_value=-3.78296e-12 -0.000374311 -0.00127899 0.0003042 0.000529308 0.000242045 -0.000966426 -0.00282024 -0.00458393 -0.00229506 0.00342148 0.00582659 0.000133285 0.000854633 -0.00121678 0.000925648 0.00559151 0.0017244 0.00124504 0.00222088 -0.00226114 -0.00544125 0.000199612 0.000419121 0.00275445 -0.000211248 -0.00121418 0.00182768 0.000977739 -0.00116115
internal_weight=5385 1414 606 808 785 305 221 301 74 53 84 56 3971 147 85 58 48 315 289 217 278 61 737 701 149 552 370 182 162 51
internal_count=5385 1414 606 808 785 305 221 301 74 53 84 56 3971 147 85 58 48 315 289 217 278 61 737 701 149 552 370 182 162 51
is_linear=0
shrinkage=0.05


Tree=70
num_leaves=31
num_cat=0
split_feature=10 5 13 13 9 5 12 5 8 12 14 13 1 8 1 3 5 10 1 11 9 14 4 3 3 12 9 4 12 8
split_gain=0.106784 0.312732 0.386108 0.49483 0.494107 0.488487 0.693876 0.471345 0.498607 0.450904 0.353914 0.311788 0.421704 0.302372 0.298668 0.293121 0.376196 0.319699 0.31566 0.268873 0.287695 0.39978 0.284003 0.432151 0.393012 0.418125 0.36816 0.495118 0.30381 0.323082
threshold=-0.66380572763255807 63.177708573280448 1.2205270961473673 -0.82812812520871482 0.66454212551313974 55.176491408652474 -1.1490025720657071 54.052081471471041 0.54619893959386367 0.84413235668598874 4.2352734001952275 -0.35901725226700221 0.12556410824059386 0.54619893959386367 0.0015550082638707832 -0.01276992948434452 50.787264185772059 -0.85551833906929864 -0.043202136612791701 0.71296403861436064 1.5958660957143189 1.7002081976994947 0.45498479026694166 -0.16353447865459822 -0.11811775900695264 1.2822555772961712 1.1056489356758183 0.24729865539407117 1.0103793461550141 -2.0266700244063185
decision_type=2 2 2 2 2 2 2 2 2 2 2 2 2 2 2 2 2 2 2 2 2 2 2 2 2 2 2 2 2 2
left_child=1 2 3 -1 -5 7 -7 8 9 15 13 -8 -13 -3 -4 18 17 -17 -6 -2 22 -22 23 26 -25 28 27 -21 29 -26
right_child=19 10 14 4 5 6 11 -9 -10 -11 -12 12 -14 -15 -16 16 -18 -19 -20 20 21 -23 -24 24 25 -27 -28 -29 -30 -31
leaf_value=0.0017644791929193829 -9.5312982260549765e-05 -0.0059465292753884576 -0.0002144589244077603 0.0025961558712092607 -0.0041804615122249776 0.008447844120673835 0.004258968048670795 -0.009486644878052175 0.0031536102705439066 0.0037522612584997778 0.0032822923350107414 -0.0060737131588547008 0.0028960491565521809 -0.0012958655750693439 0.0072150408718434549 0.00038934829424282441 -0.006994050411999019 -0.0046888461356739642 -0.011351462218555666 -0.00034611029783263806 0.0072519865161619892 -0.00094988121030231329 -0.0051167489428605353 -0.004273351760064035 -0.0049207125082612047 0.0068734705304870237 -0.00057645340760548907 0.0091762715966852253 -0.0043431866768514739 0.00087880984459864507
leaf_weight=196 3541 64 24 74 57 25 20 24 38 23 23 38 20 77 31 95 36 46 21 20 39 24 21 43 25 26 30 43 32 609
leaf_count=196 3541 64 24 74 57 25 20 24 38 23 23 38 20 77 31 95 36 46 21 20 39 24 21 43 25 26 30 43 32 609
internal_value=5.92947e-12 -0.000486685 -6.34426e-05 -0.000374815 -0.00118584 -0.0018176 0.00119898 -0.00273145 -0.00221839 -0.0029527 -0.0024687 -0.00112437 -0.00298069 -0.00340681 0.00397308 -0.00355746 -0.00243212 -0.00126737 -0.00611112 0.000101862 0.000867428 0.00412747 0.000625517 0.000771154 0.000364832 0.000653043 0.00398241 0.00615329 0.000410203 0.000650122
internal_weight=5385 932 768 713 517 443 103 340 316 278 164 78 58 141 55 255 177 141 78 4453 912 63 849 828 735 692 93 63 666 634
internal_count=5385 932 768 713 517 443 103 340 316 278 164 78 58 141 55 255 177 141 78 4453 912 63 849 828 735 692 93 63 666 634
is_linear=0
shrinkage=0.05


Tree=71
num_leaves=31
num_cat=0
split_feature=13 3 8 4 0 9 8 2 10 10 4 4 14 14 3 13 6 2 6 6 4 8 10 9 8 13 5 3 4 5
split_gain=0.102537 0.295633 0.482799 0.539362 0.340293 0.318633 0.589001 0.440615 0.520437 0.498574 0.369218 0.473506 0.385699 0.482341 0.452973 0.280094 0.277875 0.336933 0.341525 0.324076 0.285515 0.393786 0.423195 0.353137 0.322628 0.277773 0.401961 0.265845 0.265409 0.25962
threshold=0.4347872696115887 -0.015811605761959443 1.2688260454119116 0.46726782205286016 -0.14653225185370708 0.9681445991349874 -0.21126816002416784 -0.037255892884740398 0.15762690563733608 0.23749003986536252 0.2349644018224977 0.20048980556983717 -0.42748166269411519 -0.28712407893148317 -0.31131630646518316 1.9182341251696702 0.032358215706045849 0.3047722361945559 0.022516532683783827 0.019477304613890394 0.34171198338299019 -0.31556901418196909 -0.081840741430966563 1.568883048059506 0.72993540149303482 0.80089869301442962 34.65259985037882 -0.2625316734906184 0.25765987641364529 49.807300365550113
decision_type=2 2 2 2 2 2 2 2 2 2 2 2 2 2 2 2 2 2 2 2 2 2 2 2 2 2 2 2 2 2
left_child=-1 2 3 5 -3 6 25 9 -9 -8 11 -7 14 -14 -12 -16 17 -6 19 -19 29 23 -23 -22 -24 -2 -27 -11 -20 -18
right_child=1 4 -4 -5 16 10 7 8 -10 27 12 -13 13 -15 15 -17 20 18 28 -21 21 22 24 -25 -26 26 -28 -29 -30 -31
leaf_value=0.00016181988925205053 -0.010933730601798744 -0.0051289719746758543 0.0034127003656556974 0.0052726420832590925 0.00024966621367475292 -0.0015577334139379674 -0.0022981676861815073 -0.0010447380293367638 -0.0091741415778441079 -0.00075604976038448515 -0.0059494384700277203 0.0062362320512827293 -0.010843362319080728 -0.0014110084623098374 0.0041324206865586653 -0.0027909222458090102 0.001959541768712156 -0.0022780688441786413 -0.0088455123528838175 0.0056217093532904983 0.0064944290979342028 0.0029031480336967901 -0.0063493725088483201 -0.00076934486213657604 0.00044640567634374862 0.00056217745270418086 -0.0077332457137526947 0.0065088034425999086 -0.0025764626226961042 0.0086716003343462935
leaf_weight=3474 25 30 52 27 888 40 87 45 35 20 24 38 23 33 48 21 34 37 25 20 44 43 40 27 31 23 40 34 52 25
leaf_count=3474 25 30 52 27 888 40 87 45 35 20 24 38 23 33 48 21 34 37 25 20 44 43 40 27 31 23 40 34 52 25
internal_value=5.19353e-12 -0.000294172 -0.00119695 -0.00162271 0.00013423 -0.00197005 -0.00301493 -0.00163742 -0.00460135 4.42392e-05 -0.000547722 0.00223933 -0.00200671 -0.00528501 -3.26849e-05 0.00202532 0.000258951 -0.000102999 -0.00244006 0.000493783 0.00177498 0.00080909 -0.00101141 0.00373215 -0.0033822 -0.00647435 -0.00470476 0.00381812 -0.00461187 0.00480363
internal_weight=5385 1911 615 563 1296 536 309 221 80 141 227 78 149 56 93 69 1266 1022 134 57 244 185 114 71 71 88 63 54 77 59
internal_count=5385 1911 615 563 1296 536 309 221 80 141 227 78 149 56 93 69 1266 1022 134 57 244 185 114 71 71 88 63 54 77 59
is_linear=0
shrinkage=0.05


Tree=72
num_leaves=31
num_cat=0
split_feature=1 14 7 8 0 12 2 1 4 14 8 4 2 7 7 14 5 5 0 2 7 12 8 0 2 4 6 14 4 14
split_gain=0.102914 0.145642 0.51625 0.379116 0.265734 0.232079 0.170475 0.187472 0.176753 0.125229 0.329623 0.401325 0.543785 0.424494 0.20447 0.168367 0.220425 0.311976 0.418377 0.395979 0.238956 0.297851 0.173215 0.278694 0.378516 0.53932 0.277041 0.50688 0.294455 0.457739
threshold=1.0040006985428416 3.5359077574481144 0.16728898241176723 0.15231427508715403 0.12638671186607356 -0.12290675418727073 0.4000382714916752 0.1972454202105485 0.18982621934970229 2.9654360182959274 0.22119656124512235 0.28614987627462268 0.16328303619115717 0.071543264726647501 0.11188526910010574 2.5410491804215698 73.176481747160622 54.819901340716804 -0.065206709893883316 0.36062527217306223 0.085352063270272435 -0.24997296184792037 -3.901674374046026 -0.16142014680195613 0.085871779449382415 0.31762645537792628 0.055912505732324848 -0.53976396466725951 0.4125272190412837 -0.71517028734192734
decision_type=2 2 2 2 2 2 2 2 2 2 2 2 2 2 2 2 2 2 2 2 2 2 2 2 2 2 2 2 2 2
left_child=1 9 3 6 -4 -6 7 8 -3 15 11 12 -11 -14 -15 22 17 18 -17 20 -19 -22 23 -1 -25 -26 28 -28 -24 -30
right_child=-2 2 4 -5 5 -7 -8 -9 -10 10 -12 -13 13 14 -16 16 -18 19 -20 -21 21 -23 26 24 25 -27 27 -29 29 -31
leaf_value=-0.00730161895044148 -0.0034934006176800246 -0.0023953958302736283 0.0071686044239845041 -0.0052668194279872948 0.0051640895853654065 -0.00096685880174239482 -0.0021267027785891995 0.006276619681157173 0.0036781139570571811 0.00861122355351902 -0.0040264955512663752 -0.00577402636514638 -0.0061615138081833722 0.0051327662326878416 -0.0012100510338010888 -0.0025373813311528903 0.0063882630225270999 0.0007112450902213548 0.0054126876568169162 0.0047243340542384741 -0.00081412993992368383 -0.0086122919069603083 4.3154108995362656e-05 0.002169061940199194 -0.0077618724638313964 0.0026435341872274878 0.0072419374299037415 -0.00015315340846897135 -0.0072415527421981103 -0.00090418959652127412
leaf_weight=20 21 25 39 35 29 33 34 20 23 22 70 22 22 27 24 23 20 33 59 24 24 25 4215 52 33 20 37 62 32 260
leaf_count=20 21 25 39 35 29 33 34 20 23 22 70 22 22 27 24 23 20 33 59 24 24 25 4215 52 33 20 37 62 32 260
internal_value=2.94518e-12 1.36766e-05 0.0012228 -0.00077666 0.00393493 0.00190084 0.000764081 0.00220947 0.000514828 -4.24627e-05 -0.00131255 0.000311184 0.00172039 -0.000356299 0.00214791 5.62507e-06 0.0013979 0.000867008 0.00318279 -0.000924446 -0.00257775 -0.00479278 -5.55867e-05 -0.0018921 -0.000861713 -0.0038353 -5.74647e-06 0.00261067 -6.32182e-05 -0.0015987
internal_weight=5385 5364 238 137 101 62 102 68 48 5126 187 117 95 73 51 4939 208 188 82 106 82 49 4731 125 105 53 4606 99 4507 292
internal_count=5385 5364 238 137 101 62 102 68 48 5126 187 117 95 73 51 4939 208 188 82 106 82 49 4731 125 105 53 4606 99 4507 292
is_linear=0
shrinkage=0.05


Tree=73
num_leaves=31
num_cat=0
split_feature=10 7 14 12 6 14 7 4 12 11 6 2 9 10 6 11 5 11 9 9 12 1 12 3 10 14 14 11 4 1
split_gain=0.102111 0.367731 0.461746 0.699237 0.47116 0.448717 0.533819 0.598156 0.341388 0.405938 0.390938 0.52771 0.487614 0.555377 0.457745 0.446442 0.442343 0.425057 0.359668 0.358267 0.319055 0.315707 0.367852 0.322147 0.306253 0.614833 0.637407 0.361681 0.341908 0.44432
threshold=-0.63018264855825745 0.21758018857849318 -0.56351590869096568 -0.90630988773634313 0.048469864127497229 -0.6253609161790169 0.1338499576841298 0.23283499890862772 0.24084452327189601 1.0435287470675696 0.034177016828483085 0.24940558977011776 0.65724642303192993 -0.78953519861349586 0.035734364008198898 0.60615376681581445 52.309176455342104 0.93054623245742862 1.6838833643344555 1.6260995919963313 -2.3484523236027308 0.11327996271835673 -0.063264620276110212 0.28017371238654581 -0.43365905004433192 1.1540284269086907 0.71336455864562998 0.8114264825415427 0.16979081933063569 0.070834410086187419
decision_type=2 2 2 2 2 2 2 2 2 2 2 2 2 2 2 2 2 2 2 2 2 2 2 2 2 2 2 2 2 2
left_child=1 5 -3 20 -5 6 7 -1 10 18 11 12 -7 21 -12 19 -13 -15 -10 -16 -4 22 -14 -23 25 26 27 -2 -27 -30
right_child=24 2 3 4 -6 8 -8 -9 9 -11 14 16 13 17 15 -17 -18 -19 -20 -21 -22 23 -24 -25 -26 28 -28 -29 29 -31
leaf_value=-0.0074643677175045015 -0.00035197224480493759 0.0074949665227904919 -0.0007942013103853573 9.4981185075911618e-05 -0.0078727169028882469 0.0028836299445199436 -0.0095255725926929914 0.0025472044126709573 0.005574029141708332 -0.0011841224053421536 0.008122450718656183 -0.00012995562762679422 -0.0022120221932987391 -0.002731255510180081 0.007314939422532917 -0.0041794830208851238 -0.007081444240778053 -0.010060455746672772 -0.0020536565314978363 -0.0014337095601314848 0.0064772322436207723 -0.00098345417936798198 0.0046439219792575939 0.0076932027652535755 -4.9710876837130176e-05 -0.00027504135699321831 -0.004278919368359336 0.0039053166536614304 0.0077597991920386761 0.0024359424225445137
leaf_weight=25 149 28 22 55 28 73 31 37 68 74 22 34 131 74 25 36 70 27 20 22 48 20 23 23 3844 54 74 75 60 113
leaf_count=25 149 28 22 55 28 73 31 37 68 74 22 34 131 74 25 36 70 27 20 22 48 20 23 23 3844 54 74 75 60 113
internal_value=8.25757e-13 -0.000451499 0.00159161 0.000511259 -0.00259292 -0.000894377 -0.00416834 -0.00148972 -0.000484029 0.00154528 -0.00105084 -0.00166116 -0.000778788 -0.00167596 0.00171014 1.04878e-05 -0.00480884 -0.00469055 0.00384046 0.00321983 0.00419192 -0.000130407 -0.00118808 0.00365755 0.000104995 0.00123774 -0.000255655 0.00107346 0.00319823 0.00428237
internal_weight=5385 1016 181 153 83 835 93 62 742 162 580 475 371 298 105 83 104 101 88 47 70 197 154 43 4369 525 298 224 227 173
internal_count=5385 1016 181 153 83 835 93 62 742 162 580 475 371 298 105 83 104 101 88 47 70 197 154 43 4369 525 298 224 227 173
is_linear=0
shrinkage=0.05


Tree=74
num_leaves=31
num_cat=0
split_feature=1 13 11 2 5 11 12 8 4 12 4 4 0 9 13 1 13 9 3 5 3 1 10 1 0 3 1 0 13 13
split_gain=0.104746 0.28428 0.286072 0.359063 0.275765 0.344508 0.251723 0.412064 0.37945 0.467029 0.378474 0.544414 0.375997 0.427406 0.398743 0.386703 0.43373 0.354513 0.849749 0.443317 0.430025 0.498711 0.41564 0.588758 0.37499 0.351948 0.335799 0.63059 0.411283 0.304518
threshold=-0.046787291016576353 2.3435087691180287 1.9811340351948032 0.2815223639972681 61.180342474250189 1.6964053383068087 0.63377187987577865 0.22119656124512235 0.425641220377804 -0.52447273860117072 0.35332511764612057 0.24623087202684826 -0.04535106823156209 0.96414647850933988 0.51188100235627987 -0.17409479933242819 -0.2703984993321939 1.2982542001154183 0.20360901905764908 44.168876114884789 0.17654073068372003 -0.1132340199458312 -0.33969505802998035 -0.15060963124667778 -0.011691741900414275 0.20971380772467754 -0.16884042114208833 -0.027457880673886045 -0.56238004776465444 -0.8833471065672106
decision_type=2 2 2 2 2 2 2 2 2 2 2 2 2 2 2 2 2 2 2 2 2 2 2 2 2 2 2 2 2 2
left_child=1 2 3 4 5 6 8 12 9 10 11 -1 14 -14 15 -8 -17 20 22 -20 29 -22 -19 -24 -23 -10 28 -28 -9 -11
right_child=-2 -3 -4 -5 -6 -7 7 26 25 17 -12 -13 13 -15 -16 16 -18 18 19 -21 21 24 23 -25 -26 -27 27 -29 -30 -31
leaf_value=-0.0037508906560796726 -0.0001431199312287816 0.0049322757107967685 0.0044713327470116129 -0.0054752278879667375 0.0048312554659787569 -0.0058019744765867168 0.0054678627233631137 0.0055438264450501833 0.00161581463931549 -0.0031141260882750865 -0.0049609828831963859 0.0015196830044070064 -0.00045040358261137114 0.0068141813977854321 -0.0050647205567326062 -0.0064465351346880201 0.0028672130182385448 -0.0028084667503005933 -0.0023785939885546336 -0.012557067684829235 0.011069819096313872 -0.00012364228980408774 0.0097503060164550945 0.00039013657930939063 0.0076154901141611241 0.0076261135022364082 -0.012488450948148967 -0.002540776247835972 -0.0034613758441992106 0.0013618187414001404
leaf_weight=79 3789 33 39 28 32 24 29 21 93 42 61 129 41 40 44 25 25 45 23 20 23 45 24 56 24 33 21 66 32 399
leaf_count=79 3789 33 39 28 32 24 29 21 93 42 61 129 41 40 44 25 25 45 23 20 23 45 24 56 24 33 21 66 32 399
internal_value=2.04078e-12 0.000339775 0.000242813 0.000134603 0.000239599 0.000139235 0.000238256 -0.000941728 0.000608615 0.000273309 -0.00149777 -0.000482121 0.000491853 0.00313705 -0.0012501 0.000874493 -0.00178966 0.00095294 -0.00104985 -0.00711277 0.00158421 0.00469363 0.00103579 0.00319819 0.00256823 0.00318994 -0.00303066 -0.00494194 0.000106723 0.000935538
internal_weight=5385 1596 1563 1524 1496 1464 1440 344 1096 970 269 208 204 81 123 79 50 701 168 43 533 92 125 80 69 126 140 87 53 441
internal_count=5385 1596 1563 1524 1496 1464 1440 344 1096 970 269 208 204 81 123 79 50 701 168 43 533 92 125 80 69 126 140 87 53 441
is_linear=0
shrinkage=0.05


Tree=75
num_leaves=31
num_cat=0
split_feature=12 12 14 2 1 11 2 13 6 13 9 1 9 9 11 6 7 2 7 6 14 6 0 6 9 11 8 1 6 6
split_gain=0.0982527 0.148539 0.420156 0.293855 0.139516 0.281233 0.32368 0.316331 0.258675 0.481605 0.255578 0.590549 0.48739 0.42983 0.389805 0.306998 0.346398 0.405448 0.352136 0.485719 0.377776 0.534882 0.312184 0.282946 0.254708 0.296048 0.354929 0.372275 0.291159 0.548345
threshold=2.5328300052630328 1.68547347627035 -0.64143309383293412 -0.0019011814203055975 -0.046787291016576353 2.045637141180253 0.34710716980237349 2.3435087691180287 0.051254915504846281 -0.32304859203502917 1.2317853911514778 -0.24965892496157935 0.76592113812850926 1.3303265537895343 0.57176979237559045 0.041382482271708626 0.19905459723498983 0.10539728654889237 0.1263855683743785 0.029139955492505528 -0.44217550403596978 0.02356345640227319 -0.10962660063184303 0.035141452383263612 1.016321586663204 1.2421938976318672 -0.25341786121522913 -0.10164505899095853 0.02479344055553848 0.026210051257460405
decision_type=2 2 2 2 2 2 2 2 2 2 2 2 2 2 2 2 2 2 2 2 2 2 2 2 2 2 2 2 2 2
left_child=1 4 -3 -4 5 6 7 8 10 -10 11 12 -1 14 -12 16 17 18 20 -20 -15 -22 -17 -21 28 26 27 -26 -13 -30
right_child=-2 2 3 -5 -6 -7 -8 -9 9 -11 13 24 -14 15 -16 22 -18 -19 19 23 21 -23 -24 -25 25 -27 -28 -29 29 -31
leaf_value=-4.5331329932775013e-05 0.003413376123422668 -0.0063876682865049916 0.0039463369160269704 -0.0038779740594327449 -0.00014540505285825213 0.005213446902732055 -0.0056959427628581506 0.0053310657051042661 0.0061875966154038911 -0.0010751323464016119 -0.002128663241757818 -0.00053447088082636692 -0.0090141917790918218 0.0027348338447986766 -0.010320897335186601 0.0082456710562109955 -0.004840216677015027 -0.005441361365299071 -0.0022372177723030159 0.0086127372538404804 0.0032756554894149306 -0.0052098200004547833 0.00045449202233511544 0.001473733612700649 0.0041601676268107962 -0.0029023103982858036 0.004807560078012918 -0.0031443775832854411 0.0071876143865091243 0.0007825959790208032
leaf_weight=33 21 34 30 20 3736 30 22 32 50 42 53 354 28 47 20 20 45 31 28 35 26 65 36 23 33 23 116 37 38 277
leaf_count=33 21 34 30 20 3736 30 22 32 50 42 53 354 28 47 20 20 45 31 28 35 26 65 36 23 33 23 116 37 38 277
internal_value=-1.76866e-12 -1.33633e-05 -0.00209941 0.000816613 1.98237e-05 0.000419626 0.000324636 0.000413411 0.000305627 0.002872 0.000133035 0.000594973 -0.00416219 -0.000878062 -0.00437311 -0.00016138 -0.000795755 -8.20262e-05 0.000659667 0.00317093 -0.000905319 -0.0027854 0.00323706 0.00578175 0.000925482 0.00244913 0.00311086 0.000299194 0.000449485 0.00155526
internal_weight=5385 5364 84 50 5280 1544 1514 1492 1460 92 1368 939 61 429 73 356 300 255 224 86 138 91 56 58 878 209 186 70 669 315
internal_count=5385 5364 84 50 5280 1544 1514 1492 1460 92 1368 939 61 429 73 356 300 255 224 86 138 91 56 58 878 209 186 70 669 315
is_linear=0
shrinkage=0.05


Tree=76
num_leaves=31
num_cat=0
split_feature=12 9 4 4 10 13 11 2 12 4 12 9 14 6 8 11 8 12 9 12 4 10 12 10 8 11 13 12 12 12
split_gain=0.096048 0.329202 0.37634 0.428174 0.374427 0.335064 0.445828 0.429705 0.650591 0.345288 0.307625 0.301632 0.295351 0.290377 0.349365 0.400177 0.268952 0.243689 0.215904 0.205338 0.202929 0.50643 0.370362 0.390454 0.316694 0.269246 0.538508 0.340534 0.300887 0.551614
threshold=-0.45323748680892922 0.7712418336243988 0.45954439385842188 0.4125272190412837 1.5718443945063474 1.6566045769547511 0.128325899930986 0.20766650653712473 -1.1162229834324746 0.33498414981366137 -0.29447196621095723 0.79851875199588795 2.8686477042759404 0.019328737279334238 -0.69863741419982606 -0.98203879851444198 0.37102995279264522 -0.27602593940723658 1.2194481329819966 -0.28495973062894381 0.37465186544712598 -0.56006652587562866 0.074308189214069884 -0.039692619011754741 -1.6076642225414204 -0.5481175584402902 -0.0070469954528133974 0.22127190507352282 0.92743748651626012 0.48695197034491094
decision_type=2 2 2 2 2 2 2 2 2 2 2 2 2 2 2 2 2 2 2 2 2 2 2 2 2 2 2 2 2 2
left_child=1 2 3 5 11 6 9 8 -8 -1 12 -3 13 16 18 -16 -2 19 -15 -12 25 -22 23 -23 -24 26 27 -19 29 -28
right_child=10 4 -4 -5 -6 -7 7 -9 -10 -11 17 -13 -14 14 15 -17 -18 20 -20 -21 21 22 24 -25 -26 -27 28 -29 -30 -31
leaf_value=-0.0058597399368106075 0.0005082392143275665 0.0062755026511149481 0.0027276181275161303 -0.0089368654819934265 -0.006548833862567942 0.004235780469718434 0.0078141867914902317 -0.0059284006431698805 -0.0013458103968924473 0.0004506653228807929 -0.00029373898037842345 7.6831477663498853e-05 0.0067296886436032282 0.0014018512965941971 -0.0032435518102085386 0.0039684847755101973 -0.0060458341658965733 0.0084161105124573969 -0.0057760719417274233 -0.0072858821090665609 -0.005624393382513861 0.0088091559708118449 0.004329760846766559 0.00044094057976389717 -0.0020233639841384737 -2.2148155136950465e-05 -0.00026074185271213933 0.0019878860356079206 -0.0024517319048754874 0.0044135052674951466
leaf_weight=96 49 20 41 23 21 21 28 25 63 28 21 1048 26 22 22 153 23 38 20 21 53 20 22 46 181 2841 206 45 71 91
leaf_count=96 49 20 41 23 21 21 28 25 63 28 21 1048 26 22 22 153 23 38 20 21 53 20 22 46 181 2841 206 45 71 91
internal_value=-3.93077e-12 -0.000353872 -0.0017504 -0.00239687 6.29054e-05 -0.00182055 -0.00235048 -0.000122404 0.00147265 -0.00443481 0.000126007 0.000192911 0.00162527 0.00116605 0.00207898 0.00306183 -0.00158542 -3.16884e-06 -0.00201621 -0.00378981 4.08375e-05 -0.00115714 -0.000276981 0.00297676 -0.00133485 0.000158016 0.00129293 0.00493093 0.0004724 0.00117143
internal_weight=5385 1414 325 284 1089 261 240 116 91 124 3971 1068 315 289 217 175 72 3656 42 42 3614 322 269 66 203 3292 451 83 368 297
internal_count=5385 1414 325 284 1089 261 240 116 91 124 3971 1068 315 289 217 175 72 3656 42 42 3614 322 269 66 203 3292 451 83 368 297
is_linear=0
shrinkage=0.05


Tree=77
num_leaves=31
num_cat=0
split_feature=2 3 13 0 6 12 6 6 11 1 8 5 14 0 0 8 7 8 2 6 12 0 1 14 8 12 12 8 8 14
split_gain=0.0939293 0.228437 0.115089 0.29447 0.300311 0.638716 0.366048 0.377616 0.340508 0.340517 0.314587 0.416879 0.311092 0.407445 0.350063 0.418047 0.352758 0.30447 0.292701 0.268975 0.28971 0.263965 0.2518 0.250286 0.25338 0.564483 0.395214 0.356163 0.274108 0.344016
threshold=1.7049724329315799 2.6845325874711881 0.4347872696115887 -0.16883922090759465 0.033955029636862637 -1.4992938515681413 0.036883185198409767 0.044642129416372377 0.50511526789489747 0.019336106493507591 0.098249258331656944 51.810993387899678 -0.27654243727806899 0.071579627668123882 0.01137227781888517 -0.031150591048932443 0.079046682543426824 1.7063416701734677 -0.024601159000260438 0.048469864127497229 -1.277224582116689 -0.033739486966008363 -0.057797280679877487 -1.6150228679641128 -2.1049152383893235 0.73946868041078251 0.44773045121146976 -1.9477090202510927 -1.5369775539235195 1.9776585189465357
decision_type=2 2 2 2 2 2 2 2 2 2 2 2 2 2 2 2 2 2 2 2 2 2 2 2 2 2 2 2 2 2
left_child=1 2 23 -4 5 -5 -6 17 12 10 21 -12 13 14 15 16 -7 18 -8 -9 -21 22 -10 -1 25 26 -25 -26 29 -29
right_child=-2 -3 3 4 6 8 7 19 9 -11 11 -13 -14 -15 -16 -17 -18 -19 -20 20 -22 -23 -24 24 27 -27 -28 28 -30 -31
leaf_value=0.0056038984230586467 -0.0033374323692571908 0.004688388555167386 -0.0041897895624667097 -0.0070028784760349507 0.003985339486423661 0.0023524865147746391 0.0025924418848462224 0.0053541793845334022 0.0032809088978430498 -0.0037651416527009329 -0.0065967613336397335 0.0024694963413778516 0.00044742543177562767 0.003114015787168471 -0.0052546590128774518 0.0012584136092534876 -0.0049686426263131009 -0.0074161322601139544 -0.0028887569434785597 0.0045487410575151448 -0.00224946276395626 0.0060948409740096679 -0.0043901094235479837 -0.0016402435825309822 0.0052613290292876109 0.0047162062972347487 -0.0086006402726406649 -0.0040072382897242756 0.00027295258982303376 0.0030926960774443368
leaf_weight=21 21 26 48 37 85 21 41 43 23 133 32 21 927 43 67 97 76 20 60 25 42 26 20 180 35 32 23 76 3062 22
leaf_count=21 21 26 48 37 85 21 41 43 23 133 32 21 927 43 67 97 76 20 60 25 42 26 20 180 35 32 23 76 3062 22
internal_value=-3.2456e-12 1.3066e-05 -9.70626e-06 -0.000323673 -0.000222763 -0.000513807 0.00117996 0.000147675 -0.000352235 -0.0020152 -0.000107478 -0.00300447 -7.75354e-06 -0.00139575 -0.00213874 -0.00106262 -0.00338366 -0.00177982 -0.000663716 0.00226792 0.00028718 0.00211775 -0.000287007 0.00016197 0.000128652 -0.00145591 -0.00242886 0.000245201 0.000189642 -0.00241338
internal_weight=5385 5364 5338 1887 1839 1523 316 231 1486 255 122 53 1231 304 261 194 97 121 101 110 67 69 43 3451 3430 235 203 3195 3160 98
internal_count=5385 5364 5338 1887 1839 1523 316 231 1486 255 122 53 1231 304 261 194 97 121 101 110 67 69 43 3451 3430 235 203 3195 3160 98
is_linear=0
shrinkage=0.05


Tree=78
num_leaves=31
num_cat=0
split_feature=9 6 9 3 2 10 0 5 10 5 2 2 7 0 11 8 2 2 13 13 3 5 11 10 10 3 2 10 3 7
split_gain=0.0942381 0.138699 0.12774 0.481346 0.426937 0.392921 0.256992 0.254362 0.386337 0.250281 0.251222 0.282976 0.226519 0.224609 0.181607 0.124042 0.11673 0.348068 0.653351 0.296313 0.402388 0.354718 0.32312 0.310353 0.620662 0.352959 0.32892 0.353513 0.300332 0.290097
threshold=-0.16591088388161881 0.085824909515252526 0.30431894057778391 -0.068200085235013239 -0.017445506441439548 0.43800215249071178 0.082824853077609131 37.039739542655902 0.41614521842399638 58.849293660304831 0.058981994542338885 0.13937677893478842 0.17624134816280837 -0.042786560908523223 0.41239475682274607 0.4772326237348799 0.39169868010079351 0.33674512141438645 -1.1550350254782324 1.694938754475189 0.4755595142512597 76.955213112595331 0.92002287931050675 -0.54582867785703304 -0.65485482516399329 0.58017301979178459 0.52980173526652219 -0.029576449722254969 0.95840747664429105 0.29847927193297769
decision_type=2 2 2 2 2 2 2 2 2 2 2 2 2 2 2 2 2 2 2 2 2 2 2 2 2 2 2 2 2 2
left_child=-1 2 3 7 5 -5 9 -2 15 10 -6 -12 -8 -13 -11 -9 17 -4 -19 20 22 23 -18 24 29 -25 27 -27 -28 -22
right_child=1 -3 16 4 6 -7 12 8 -10 14 11 13 -14 -15 -16 -17 19 18 -20 -21 21 -23 -24 25 -26 26 28 -29 -30 -31
leaf_value=0.0029465239839973276 0.00069083985678541166 -0.0041708909347653389 7.7786204204228089e-05 0.0096971138957000907 -0.0042595111013900852 0.00013540047697130253 0.006206243187824095 -0.011222215014554206 -0.0014912555535399432 -0.0017460355814546348 0.0061846349528059362 -0.0048261388816865205 -0.00068734311812127446 0.0017506753368412749 -0.0084841261315159507 -0.0057202020336262656 0.0054345643776468932 0.0061232152428211915 -0.0032604244180717773 -0.0035073500029587502 0.0013674358705825665 0.0064152890054339721 -0.0011802555255902311 -0.0071215249523520477 0.0095088678367790738 -0.001466251799836755 -0.0061534766950096719 0.0071230802624283928 1.5664667366666999e-05 -0.0053254265012219549
leaf_weight=27 24 20 4377 21 31 22 22 21 37 20 20 21 26 34 20 20 80 21 159 36 85 22 24 25 21 25 34 23 47 20
leaf_count=27 24 20 4377 21 31 22 22 21 37 20 20 21 26 34 20 20 80 21 159 36 85 22 24 25 21 25 34 23 47 20
internal_value=4.61284e-13 -1.48481e-05 7.23431e-07 -0.000938536 0.000297482 0.00480507 -0.000701623 -0.00381046 -0.00519547 -0.00174508 -0.000473378 0.00109156 0.00247222 -0.000760472 -0.00511508 -0.00853831 6.44179e-05 -1.08294e-05 -0.00216567 0.000840215 0.00122571 0.000301989 0.00390807 -0.000178342 0.00166198 -0.00168406 -0.00063029 0.00264947 -0.00257385 9.26049e-05
internal_weight=5385 5358 5338 339 237 43 194 102 78 146 106 75 48 55 40 41 4999 4557 180 442 406 302 104 280 126 154 129 48 81 105
internal_count=5385 5358 5338 339 237 43 194 102 78 146 106 75 48 55 40 41 4999 4557 180 442 406 302 104 280 126 154 129 48 81 105
is_linear=0
shrinkage=0.05


Tree=79
num_leaves=31
num_cat=0
split_feature=10 7 14 12 14 7 4 5 0 12 8 7 8 7 8 7 4 4 0 7 12 10 0 9 2 14 12 2 7 12
split_gain=0.0887537 0.344217 0.41917 0.621448 0.396736 0.464236 0.525551 0.32533 0.579011 0.461025 0.473139 0.603202 0.521935 0.399562 0.376529 0.324229 0.284577 0.361804 0.368164 0.47261 0.282966 0.282042 0.615692 0.517216 0.28307 0.469079 0.404821 0.314495 0.288182 0.366955
threshold=-0.63018264855825745 0.21758018857849318 -0.56351590869096568 -0.90630988773634313 -0.6253609161790169 0.1338499576841298 0.23283499890862772 65.395442584442236 0.086802175619310709 0.033207025156781152 -0.083478276002842328 0.094123805504632022 -0.20349161476673092 0.10921911352592396 0.098249258331656944 0.14063580627053046 0.2905371689934832 0.24623087202684826 -0.0065457929669158746 0.072196603047644872 -0.16292451013644252 -0.43365905004433192 -0.13668799870545553 0.99301213087219831 0.087846891995145296 -0.47582637704703362 0.32482735923786793 -0.037255892884740398 0.074047809745348234 -0.11437221681421185
decision_type=2 2 2 2 2 2 2 2 2 2 2 2 2 2 2 2 2 2 2 2 2 2 2 2 2 2 2 2 2 2
left_child=1 4 -3 -4 5 6 -1 8 9 10 12 -12 20 -9 -13 16 17 18 19 -11 -6 22 -2 24 25 -24 28 -27 -26 -30
right_child=21 2 3 -5 7 -7 -8 13 -10 15 11 14 -14 -15 -16 -17 -18 -19 -20 -21 -22 -23 23 -25 26 27 -28 -29 29 -31
leaf_value=-0.0070302810110151777 -0.0074191119149327276 0.0071803866835710196 0.0039963351632468407 -0.0023999853244791908 -0.0002624984979172426 -0.0089237984630369371 0.0023540323493196759 0.002785124437927845 0.0046958660979851572 0.0087446925399655654 -0.0064395146059998591 -0.0061034759344614073 0.0055336434510536497 -0.0050785283599647565 0.001311149852829916 0.0059055846732328924 -0.0044908908273403846 0.0064762767404317858 -0.00249423900541539 -0.0014010405420170477 -0.0058792782481759788 -5.0577718570750185e-05 0.003809869985636925 0.0031938210431118846 0.0066068557246277736 -0.0082170700809607918 -0.0044788888951932844 -0.0017004304462009006 -0.0028324937462912204 0.0044793235322120725
leaf_weight=25 20 28 70 83 163 31 37 21 58 22 86 23 36 70 67 34 24 28 60 24 26 3844 31 242 36 24 22 81 32 37
leaf_count=25 20 28 70 83 163 31 37 21 58 22 86 23 36 70 67 34 24 28 60 24 26 3844 31 242 36 24 22 81 32 37
internal_value=3.10144e-12 -0.000420935 0.00155578 0.000526436 -0.000849419 -0.00392791 -0.00142996 -0.000463571 -7.21353e-05 -0.000538483 -0.00150316 -0.00344506 1.58341e-05 -0.00326384 -0.000583699 0.00147629 0.000523154 0.00142119 8.58861e-05 0.00345127 -0.00103518 9.78873e-05 0.00118493 0.00152569 -9.24775e-06 -0.0015944 0.00168824 -0.00318995 0.0029804 0.00108834
internal_weight=5385 1016 181 153 835 93 62 742 651 593 401 176 225 91 90 192 158 134 106 46 189 4369 525 505 263 136 127 105 105 69
internal_count=5385 1016 181 153 835 93 62 742 651 593 401 176 225 91 90 192 158 134 106 46 189 4369 525 505 263 136 127 105 105 69
is_linear=0
shrinkage=0.05


Tree=80
num_leaves=31
num_cat=0
split_feature=6 2 4 10 13 0 5 13 2 2 9 1 3 1 4 6 13 2 9 3 0 1 8 9 9 1 10 5 1 10
split_gain=0.0898668 0.336921 0.219657 0.359539 0.325302 0.204074 0.140586 0.211037 0.26601 0.240272 0.128047 0.127756 0.177392 0.194196 0.32676 0.469498 0.37069 0.480566 0.271911 0.228984 0.159807 0.151176 0.126941 0.421568 0.488881 0.494105 0.471752 0.350865 0.347879 0.368667
threshold=0.012486142167803716 0.041071013558687482 0.13463427761245469 0.14151092111699659 0.45331825249563457 0.032546970466175169 76.955213112595331 -0.22038387325521416 0.36482158266327408 0.22689555392339247 0.9243066593754562 0.79825988249240409 2.1003350631899615 0.34611718571419209 0.3716179727605729 0.044642129416372377 0.25922609955438047 0.32871126068682716 1.5776419266917443 1.415272708962392 0.22951149465883205 0.14393640724871218 -1.2781824219682205 0.90318432618625411 1.1496824119491664 -0.17409479933242819 0.54006305941504507 46.485527909771434 0.027475571006486125 -0.38084393309588455
decision_type=2 2 2 2 2 2 2 2 2 2 2 2 2 2 2 2 2 2 2 2 2 2 2 2 2 2 2 2 2 2
left_child=1 -1 3 4 10 -3 11 8 -8 -9 -2 12 13 19 16 -16 18 -18 -15 20 22 -22 23 28 -25 -26 27 -27 -4 -30
right_child=2 5 6 -5 -6 -7 7 9 -10 -11 -12 -13 -14 14 15 -17 17 -19 -20 -21 21 -23 -24 24 25 26 -28 -29 29 -31
leaf_value=-0.0030509751252121415 0.00068024383244020018 0.0076584179326385747 -0.00054269195481470819 0.0021989081973663054 -0.0075408819213728696 0.00075253273826092482 -0.0046658193368626678 0.00013590455806303408 0.0032186829205602414 0.006000522814720171 -0.003758701652986929 -0.0030201475189200471 0.0033276355999987575 -0.00023304489891855948 -0.0087775510968640443 -0.00027769883304382814 0.0026876276300754399 -0.0075382021911166337 0.0068558447654747104 0.0042581409463309681 0.0056910309358499944 7.8984567274649944e-05 8.4357318323983199e-05 0.0028577138816651246 0.0054935579188168052 -0.002679822937170684 -0.007852168820266214 0.0019390216359598152 -0.00048167674416085566 -0.006392232050515108
leaf_weight=23 33 23 135 37 34 20 23 31 20 40 32 35 40 31 32 33 20 27 24 32 24 24 4141 130 26 104 28 68 41 74
leaf_count=23 33 23 135 37 34 20 23 31 20 40 32 35 40 31 32 33 20 27 24 32 24 24 4141 130 26 104 28 68 41 74
internal_value=6.19112e-12 0.00183366 -2.27527e-05 -0.00200633 -0.00357798 0.00444638 2.92956e-05 0.00176573 -0.000998609 0.00343991 -0.00150508 -9.75632e-06 1.11741e-05 -1.53895e-05 -0.00169167 -0.00446224 7.38919e-05 -0.00318679 0.00286029 4.26049e-05 1.4472e-05 0.00288501 -1.45539e-05 -0.000690447 0.000414681 -0.000990603 -0.00183354 -0.000853768 -0.00226415 -0.00428499
internal_weight=5385 66 5319 136 99 43 5183 114 43 71 65 5069 5034 4994 167 65 102 47 55 4827 4795 48 4747 606 356 226 200 172 250 115
internal_count=5385 66 5319 136 99 43 5183 114 43 71 65 5069 5034 4994 167 65 102 47 55 4827 4795 48 4747 606 356 226 200 172 250 115
is_linear=0
shrinkage=0.05


Tree=81
num_leaves=31
num_cat=0
split_feature=1 5 1 14 13 1 11 2 11 6 13 6 13 3 1 9 13 5 0 11 8 7 13 2 11 1 6 5 7 6
split_gain=0.0866417 0.238828 0.242005 0.398554 0.40913 0.356043 0.277281 0.340444 0.297242 0.278388 0.355593 0.205957 0.203828 0.549836 0.260332 0.227471 0.365725 0.617975 0.463642 0.374244 0.364295 0.370018 0.340866 0.30861 0.370743 0.255023 0.566225 0.626274 0.440113 0.301543
threshold=-0.046787291016576353 61.180342474250189 -0.05392331367778929 0.26743333735382974 0.72355014827183528 -0.056399600389776865 1.9811340351948032 0.24940558977011776 1.6964053383068087 0.059273714324637829 -0.13712423354731776 0.02356345640227319 2.1236887815095407 0.37262315345839409 0.10950591279284795 0.42812874425356356 0.32672487308161208 59.8275246801919 0.018804068262439636 0.41239475682274607 0.052247927862152606 0.081577010037479289 0.13009372687361412 0.016182546129216439 0.34016750842957183 -0.013643632208895638 0.024598025341559117 52.78436722409905 0.057935435341935432 0.022703351613826091
decision_type=2 2 2 2 2 2 2 2 2 2 2 2 2 2 2 2 2 2 2 2 2 2 2 2 2 2 2 2 2 2
left_child=1 2 5 4 -4 6 7 8 9 -1 -11 -5 15 14 -14 16 17 18 23 20 21 -18 -19 -2 -25 26 28 -28 -17 -30
right_child=12 -3 3 11 -6 -7 -8 -9 -10 10 -12 -13 13 -15 -16 25 19 22 -20 -21 -22 -23 -24 24 -26 -27 27 -29 29 -31
leaf_value=0.00014441222727117149 0.0054886317579075699 0.0043937481061688492 -0.0038202673051273453 0.003028956218622625 0.0052958998177200555 -0.0047843899351318149 0.0044555091500483651 -0.005387651576061866 -0.0054539140243002257 0.008120281375944614 -0.00082446017302572727 0.0098990653362125165 -0.0016809367308659212 0.0027971198196233863 -0.0090454303647025634 0.00077218335936777302 -0.00042924694716930392 -0.004497724958791343 0.0078918228384281981 -0.0062519352029388152 0.00097390363703314707 -0.0075494208036818444 0.0027900128048800286 -0.0053376992781912647 0.0028738818372841235 0.00022014863778359634 -0.0011596310877044185 0.0053988212411890607 -0.002959439613284382 -0.0080888057385596467
leaf_weight=1295 24 35 32 24 20 37 37 28 23 25 20 20 21 29 28 64 37 68 32 54 78 36 21 28 27 2918 104 56 127 37
leaf_count=1295 24 35 32 24 20 37 37 28 23 25 20 20 21 29 28 64 37 68 32 54 78 36 21 28 27 2918 104 56 127 37
internal_value=1.76812e-12 0.00030902 0.000217434 0.00264943 -0.000314049 5.80674e-05 0.000183537 6.99047e-05 0.000182019 0.000278755 0.00414484 0.00615173 -0.000130165 -0.00265968 -0.00588922 -7.69982e-05 -0.00119544 0.000325748 0.00281446 -0.00267952 -0.00140197 -0.00394057 -0.00277815 0.000757802 -0.00130656 6.00155e-05 -0.00114428 0.00113583 -0.00274436 -0.00411667
internal_weight=5385 1596 1561 96 52 1465 1428 1391 1363 1340 45 44 3789 78 49 3711 405 200 111 205 151 73 89 79 55 3306 388 160 228 164
internal_count=5385 1596 1561 96 52 1465 1428 1391 1363 1340 45 44 3789 78 49 3711 405 200 111 205 151 73 89 79 55 3306 388 160 228 164
is_linear=0
shrinkage=0.05


Tree=82
num_leaves=31
num_cat=0
split_feature=12 12 14 3 12 4 2 5 12 7 5 7 1 4 7 1 0 11 12 4 4 1 6 4 7 12 8 6 6 6
split_gain=0.0900084 0.127448 0.362583 0.296251 0.13474 0.378565 0.151316 0.163909 0.308502 0.143229 0.211657 0.184688 0.304877 0.312049 0.254409 0.253441 0.211774 0.639821 0.407609 0.264649 0.351218 0.336 0.418519 0.254458 0.461452 0.407956 0.355525 0.317305 0.274418 0.394623
threshold=2.5328300052630328 1.68547347627035 -0.64143309383293412 0.088703744054602032 1.5086215706724528 0.26942670001191465 -0.44745465206100027 26.078002738703734 0.20195374397416782 0.49506453426054936 28.353643349481001 0.27456052767475791 -0.15409085169760825 0.40835270268331336 0.29847927193297769 -0.24012127838968586 -0.13668799870545553 0.50511526789489747 -0.8484632265147819 0.48093393232391196 0.50953043087666716 -0.24965892496157935 0.031160579209134346 0.4125272190412837 0.19905459723498983 0.20816510300342586 0.40895579540116017 0.043993274877046032 0.037167451167019826 0.035375297760861311
decision_type=2 2 2 2 2 2 2 2 2 2 2 2 2 2 2 2 2 2 2 2 2 2 2 2 2 2 2 2 2 2
left_child=1 4 -3 -4 6 -6 -1 8 -8 10 -9 16 15 -14 -15 -13 17 18 -12 21 -21 22 -18 27 25 -25 -26 28 29 -23
right_child=-2 2 3 -5 5 -7 7 9 -10 -11 11 12 13 14 -16 -17 19 -19 -20 20 -22 23 -24 24 26 -27 -28 -29 -30 -31
leaf_value=0.0033704065661312958 0.0032670320233418831 -0.0059287029133616564 0.0043160058803752895 -0.0034061645279112071 0.0078173257876187566 -0.0016873795115812261 -0.0061921549588441855 0.0036936248049665339 0.001105334472127392 -0.0033846697169205835 0.0054832974618131466 0.0011884095552174942 0.0024126095942195226 0.0031189711415208878 -0.0027260112250784797 0.0085333366955940917 -0.009505532972425932 -0.0098830735162747183 -0.003251144159003161 0.006588770013631267 0.00058588432472978912 -1.1273736355863802e-05 -0.00071020605606272034 0.0023458195198327305 -0.011257189507596195 -0.0045094613341943304 -0.0023900773734427416 0.0044563558488152927 -0.0019988517831301409 0.0032651345334709331
leaf_weight=33 21 34 27 23 20 22 30 39 28 31 22 23 106 24 83 24 21 22 34 34 86 4118 38 60 20 34 26 40 168 94
leaf_count=33 21 34 27 23 20 22 30 39 28 31 22 23 106 24 83 24 21 22 34 34 86 4118 38 60 20 34 26 40 168 94
internal_value=8.43119e-14 -1.27904e-05 -0.00194507 0.000763807 1.79504e-05 0.00283867 -4.66711e-06 -2.60653e-05 -0.00266923 3.71975e-06 2.42514e-05 -3.9356e-06 0.0012941 0.000489826 -0.00141499 0.00493901 -7.39978e-05 -0.00265813 0.000180244 -3.14652e-05 0.0022867 -9.16904e-05 -0.00384075 -4.31828e-05 -0.00214185 -0.00013375 -0.00624534 2.32906e-05 -1.7194e-05 6.18465e-05
internal_weight=5385 5364 84 50 5280 42 5238 5205 58 5147 5116 5077 260 213 107 47 4817 78 56 4739 120 4619 59 4560 140 94 46 4420 4380 4212
internal_count=5385 5364 84 50 5280 42 5238 5205 58 5147 5116 5077 260 213 107 47 4817 78 56 4739 120 4619 59 4560 140 94 46 4420 4380 4212
is_linear=0
shrinkage=0.05


Tree=83
num_leaves=31
num_cat=0
split_feature=12 11 10 6 6 13 7 12 8 12 11 11 8 13 11 6 1 13 8 12 11 7 12 8 11 11 9 12 13 5
split_gain=0.0892901 0.277832 0.476662 0.446539 0.449727 0.494949 0.554053 0.447911 0.439088 0.548861 0.446928 0.43304 0.394333 0.377819 0.362177 0.316939 0.350721 0.305777 0.29712 0.274929 0.274915 0.355476 0.270698 0.266629 0.258243 0.359258 0.398467 0.345336 0.341162 0.307503
threshold=-0.45323748680892922 0.022879822988386481 0.81288448501205701 0.032358215706045849 0.036883185198409767 -0.11377127054853318 0.18086036794394569 -1.1490025720657071 -0.13007761309495297 -0.86751782402295952 -0.17176292143402624 0.13654882256936721 0.011475470145419721 -0.98493281031938007 -0.23343916993562072 0.028787949148721469 0.1161292265768762 0.74956711371037665 -0.73837819779107905 -1.277224582116689 -0.88769259873376594 0.20658023208015211 -0.29447196621095723 -0.61400273711315712 0.19456720315057294 0.39394528108143184 1.3718362528081696 -1.8598428758109364 -0.37885486312919786 47.429380201681759
decision_type=2 2 2 2 2 2 2 2 2 2 2 2 2 2 2 2 2 2 2 2 2 2 2 2 2 2 2 2 2 2
left_child=1 3 11 8 7 6 -6 -5 9 10 23 -3 -9 -8 15 16 17 -10 -11 -7 21 -21 -2 -1 -13 26 -26 28 -27 -28
right_child=22 2 -4 4 5 19 13 12 14 18 -12 24 -14 -15 -16 -17 -18 -19 -20 20 -22 -23 -24 -25 25 27 29 -29 -30 -31
leaf_value=0.0022268801165575332 0.0015278997408994842 0.005075286293867976 -0.006829031651748506 -0.00287124065682292 -0.010684511340830637 0.0033036227082653396 0.0038070810160466604 0.00081994126996268407 0.0021366152484136236 -0.006096031730772839 -0.0027718726214846934 -0.0039561339757508704 0.009348482218091236 -0.0049372564745135614 -0.00057436108621245971 -0.0096008523160384766 -0.0079114363693139136 -0.0057404995726590812 0.00019147863940281027 0.0053796177156842677 -0.0043137262952891555 -0.003256081959063357 3.1802978283059288e-07 0.010203556915512309 0.0044299992150181608 0.007653437539935113 -0.0058532147249206901 -0.00072813950868922653 0.00066619856234896796 0.0020989277426363721
leaf_weight=22 315 48 23 20 23 62 21 23 28 42 22 36 33 30 49 36 34 22 34 26 37 22 3656 20 98 25 20 469 58 31
leaf_count=22 315 48 23 20 23 62 21 23 28 42 22 36 33 30 49 36 34 22 34 26 37 22 3656 20 98 25 20 469 58 31
internal_value=-7.67455e-13 -0.000341196 0.000265774 -0.00115049 0.000233919 -0.000907058 -0.00424206 0.00355176 -0.00248114 -0.000410298 0.00300127 0.000473648 0.00584569 -0.00133665 -0.00419662 -0.00567571 -0.00399351 -0.00132932 -0.0032832 0.000771789 -0.00107496 0.00142159 0.000121494 0.0060253 0.000173948 0.000386049 0.00256471 -0.000202033 0.00277079 -0.00101956
internal_weight=5385 1414 808 606 297 221 74 76 309 140 64 785 56 51 169 120 84 50 76 147 85 48 3971 42 737 701 149 552 83 51
internal_count=5385 1414 808 606 297 221 74 76 309 140 64 785 56 51 169 120 84 50 76 147 85 48 3971 42 737 701 149 552 83 51
is_linear=0
shrinkage=0.05


Tree=84
num_leaves=31
num_cat=0
split_feature=1 3 12 14 3 1 1 13 6 10 12 1 3 8 1 12 12 8 9 8 12 0 1 1 13 12 12 14 1 5
split_gain=0.0852687 0.184377 0.232439 0.163536 0.109006 0.124009 0.203313 0.417175 0.516925 0.450661 0.233636 0.157575 0.198875 0.205159 0.424731 0.374854 0.557587 0.760108 0.866053 0.295947 0.291465 0.262552 0.512107 0.265121 0.25253 0.332017 0.536939 0.404966 0.373447 0.525578
threshold=1.0040006985428416 1.8813982191837129 -1.7629111735300873 5.2825416916908532 1.6394454498877202 0.55980771855917244 0.34611718571419209 0.34543743042982983 0.030369006941814866 0.060788373916621237 -0.1838209098120919 0.1972454202105485 1.0282709843440192 0.71600790493616706 0.19010699894290375 0.92743748651626012 1.1027070709997364 1.3416917904732422 1.0783644909989691 0.77050431518828566 -1.7031380104941691 0.15119012944286839 0.091540287044317728 1.0000000180025095e-35 1.4835433199767014 0.13395461825069158 -0.063264620276110212 -0.7495645692895434 0.069164475232610725 65.794545457272719
decision_type=2 2 2 2 2 2 2 2 2 2 2 2 2 2 2 2 2 2 2 2 2 2 2 2 2 2 2 2 2 2
left_child=1 4 -3 -4 5 6 11 8 10 -9 -8 12 13 14 21 19 -17 -18 -19 -15 -21 -1 23 -23 25 26 27 -22 -27 -30
right_child=-2 2 3 -5 -6 -7 7 9 -10 -11 -12 -13 -14 15 -16 16 17 18 -20 20 24 22 -24 -25 -26 28 -28 -29 29 -31
leaf_value=-0.00021671612224373005 -0.0031798513816846982 0.006557597130692254 -0.002607762345790186 0.0034887251571159468 -0.0036159581468728861 0.0028025523257943301 0.00022916611106622788 -0.0011095354278736255 -0.0037840910232028904 -0.0096754257101565599 0.0074507195269688971 0.00081982382264217607 -0.0037735311236853399 0.0050437360541721772 -0.0050938596409237525 -0.0096613142266869546 0.0053173068644745015 0.0026775686144828795 -0.010021447177157449 -0.0046427495350750787 -0.0056472110943022102 0.0020570354722440243 -0.0016724775117394086 0.0098517071688547734 0.0049817386171402966 0.0030305582379260322 -0.0033831644490710461 0.0014124807483683569 -0.0060447651171876542 0.0023074294530185096
leaf_weight=3471 21 24 22 22 21 39 21 34 39 28 24 556 36 43 44 20 35 25 29 24 22 20 37 24 37 223 100 265 31 48
leaf_count=3471 21 24 22 22 21 39 21 34 39 28 24 556 36 43 44 20 35 25 29 24 22 20 37 24 37 223 100 265 31 48
internal_value=-4.64251e-12 1.24491e-05 0.00259946 0.000440481 -2.07679e-05 -6.45527e-06 -2.7378e-05 -0.00186703 0.000429169 -0.004978 0.00408066 2.53899e-05 -7.20307e-05 -4.24055e-05 -0.000211527 0.000631831 -0.00211746 -0.000422214 -0.00414227 0.00100973 0.000778445 -0.000151048 0.00266296 0.00630867 0.000957658 0.000741561 -0.00022803 0.00087132 0.00198405 -0.000970014
internal_weight=5385 5364 68 44 5296 5275 5236 146 84 62 45 5090 4534 4498 3596 902 109 89 54 793 750 3552 81 44 726 689 387 287 302 79
internal_count=5385 5364 68 44 5296 5275 5236 146 84 62 45 5090 4534 4498 3596 902 109 89 54 793 750 3552 81 44 726 689 387 287 302 79
is_linear=0
shrinkage=0.05


Tree=85
num_leaves=31
num_cat=0
split_feature=2 3 8 12 9 12 13 6 13 6 3 6 6 13 11 8 11 1 0 13 2 8 8 1 13 5 7 13 8 0
split_gain=0.0851024 0.179336 0.0978142 0.522511 0.376283 0.46113 0.459572 0.634369 0.474894 0.33045 0.314099 0.312584 0.480816 0.311587 0.282238 0.262011 0.363176 0.30063 0.313165 0.483519 0.268122 0.531374 0.333702 0.374298 0.366542 0.290224 0.415866 0.281804 0.219471 0.195628
threshold=1.7049724329315799 2.6845325874711881 1.7063416701734677 0.69852915524707548 0.36775040891807359 0.074308189214069884 0.033672030692602335 0.024701694442291408 0.95869300787138201 0.037382351094628133 -0.15230222360389575 0.028571507485783368 0.022110991543821502 -0.1994445225578487 -0.39103497154958849 0.71600790493616706 -1.5673673732027675 0.10511749670267602 0.12638671186607356 -0.29944045737427 0.082203442308775534 1.3416917904732422 1.486016725699147 -0.020051347240425284 -0.043015653350632059 56.469509180273015 0.17738712899905681 0.31966879309254903 3.0567907736299573 1.0000000180025095e-35
decision_type=2 2 2 2 2 2 2 2 2 2 2 2 2 2 2 2 2 2 2 2 2 2 2 2 2 2 2 2 2 2
left_child=1 2 15 4 13 6 7 -6 -8 28 -5 12 -7 -4 -12 -1 -17 20 -19 -20 22 -22 23 25 -25 26 29 -26 -9 -18
right_child=-2 -3 3 10 5 11 8 9 -10 -11 14 -13 -14 -15 -16 16 17 18 19 -21 21 -23 -24 24 27 -27 -28 -29 -30 -31
leaf_value=-7.9968922058237723e-05 -0.0031767490940789382 0.0041549354155834481 -0.00038068204885348682 0.00091964658349752426 -0.010558185853402723 0.0047328789811929353 0.0040176564844192136 0.0056801837730398848 -0.0032581491621606279 -0.0042158505480204313 -0.010655413346276397 0.0068598043478022399 -0.0031083837185767208 -0.0088308479919214731 -0.0036597906287921516 0.0063021378321272709 -0.0025535511554899948 -0.0025656767846417745 -0.0044368975516408688 0.0050846460461616526 0.0051951919503411964 -0.0028718469807734858 0.004762435146784854 -0.0066610007786325051 0.0046077965805307033 0.0068554081554923737 0.0058423789603442985 -0.0030543987600443264 -0.0013896904885768891 0.0019006388217139129
leaf_weight=4267 21 26 24 23 22 46 70 21 33 42 21 39 34 20 46 31 67 112 20 40 95 26 42 35 20 21 29 30 23 39
leaf_count=4267 21 26 24 23 22 46 70 21 33 42 21 39 34 20 46 31 67 112 20 40 95 26 42 35 20 21 29 30 23 39
internal_value=-1.92587e-12 1.24369e-05 -7.74009e-06 -0.00070143 0.000121654 0.000700763 -0.000702881 -0.00298171 0.00168657 -0.00104354 -0.0041218 0.00318958 0.00140034 -0.00422167 -0.00585245 5.82985e-05 0.00103027 0.000746542 -0.00100412 0.0019108 0.00149187 0.00346178 0.000649614 -6.71432e-05 -0.0027366 0.00138737 0.000536785 1.04794e-05 0.00198457 -0.000914745
internal_weight=5385 5364 5338 464 374 330 211 108 103 86 90 119 80 44 67 4874 607 576 172 60 404 121 283 241 85 156 135 50 44 106
internal_count=5385 5364 5338 464 374 330 211 108 103 86 90 119 80 44 67 4874 607 576 172 60 404 121 283 241 85 156 135 50 44 106
is_linear=0
shrinkage=0.05


Tree=86
num_leaves=31
num_cat=0
split_feature=4 12 10 4 3 6 6 4 8 12 6 12 0 12 8 6 8 5 8 11 4 3 11 6 3 2 5 13 8 7
split_gain=0.09219 0.223845 0.122 0.276249 0.542511 0.331702 0.436583 0.343953 0.38148 0.418939 0.338096 0.306157 0.412424 0.309047 0.268932 0.218017 0.281581 0.292741 0.331398 0.258022 0.187881 0.364869 0.525273 0.305704 0.307014 0.268238 0.490754 0.264435 0.18468 0.183141
threshold=0.7014999583533521 -1.3838976826759275 0.96258946108037313 0.22029874887785864 0.073064126962409173 0.030069645274725984 0.027892480833040221 0.34974948130079864 0.023055349704525722 0.028281606663830564 0.025612746179649367 -0.56515050092178909 0.0060680347883210759 1.4506074276405139 0.51734151056113875 0.047805337595346532 -3.901674374046026 64.706608040993927 0.17188112498060001 1.0314029826796285 0.3999995680523955 -0.22054795721934703 -0.074855388363328348 0.040858899766107598 0.30526742308373916 0.63141482253542935 60.610368536502939 -1.0551728940719125 0.50703791971945933 0.19905459723498983
decision_type=2 2 2 2 2 2 2 2 2 2 2 2 2 2 2 2 2 2 2 2 2 2 2 2 2 2 2 2 2 2
left_child=2 -2 15 4 -4 6 10 8 9 -7 -5 12 -9 14 -13 20 -17 18 19 29 25 -22 23 -23 -25 -1 -27 -24 -29 -18
right_child=1 -3 3 5 -6 7 -8 11 -10 -11 -12 13 -14 -15 -16 16 17 -19 -20 -21 21 22 27 24 -26 26 -28 28 -30 -31
leaf_value=3.6024983048123975e-05 0.0014949923008680344 -0.0058137335983866993 0.0075507051121719466 -0.0038152330778539185 -0.0023826261100891449 0.0040990699400109331 -0.0083185193594545129 -0.0010805827177440127 0.006108642546648814 -0.0056586681018498813 0.0034044032744228996 0.0040567346947624336 -0.0095423413401780031 -0.0041628553182817994 -0.0019426827364030384 -0.0033899354748427868 0.0054951544988023886 -0.0031995772540209474 0.0061812750443264296 -0.0037144309375435115 -0.0067776109224983632 -0.0080847932100296029 -0.0023991023500760395 0.002307586308701762 -0.0049153731685251962 0.0091402818084411006 -6.8488220373789474e-05 0.00050805415958166122 0.0059768410571115586 0.0010116566660935465
leaf_weight=4443 20 22 27 50 28 22 34 36 37 22 24 47 24 32 31 25 34 22 54 20 28 25 24 28 31 23 39 26 38 69
leaf_count=4443 20 22 27 50 28 22 34 36 37 22 24 47 24 32 31 25 34 22 54 20 28 25 24 28 31 23 39 26 38 69
internal_value=-8.1423e-13 -0.00233339 1.83422e-05 -0.000806055 0.00249374 -0.00131159 -0.00362857 -0.000314648 0.00236677 -0.000779799 -0.00147373 -0.00159227 -0.00446529 -2.51637e-05 0.00167235 8.75855e-05 0.00161161 0.00223995 0.00291604 0.00148253 1.50283e-05 -0.00148453 -0.000622867 -0.003451 -0.00148753 8.16014e-05 0.00334767 0.00207671 0.00375515 0.00249165
internal_weight=5385 42 5343 414 55 359 108 251 81 44 74 170 60 110 78 4929 224 199 177 123 4705 200 172 84 59 4505 62 88 64 103
internal_count=5385 42 5343 414 55 359 108 251 81 44 74 170 60 110 78 4929 224 199 177 123 4705 200 172 84 59 4505 62 88 64 103
is_linear=0
shrinkage=0.05


Tree=87
num_leaves=31
num_cat=0
split_feature=12 12 14 3 12 3 2 0 3 6 6 6 0 6 8 12 6 5 0 12 5 8 8 5 7 7 6 7 2 3
split_gain=0.0899514 0.0992849 0.332641 0.257776 0.117002 0.275844 0.130938 0.155128 0.185138 0.320283 0.149512 0.358563 0.477992 0.454846 0.453352 0.551006 0.415297 0.360243 0.319127 0.307709 0.286499 0.27854 0.412949 0.352497 0.500323 0.406131 0.720657 0.576206 0.359739 0.377483
threshold=2.5328300052630328 1.68547347627035 -0.64143309383293412 0.088703744054602032 1.5086215706724528 -0.051214817712161402 -0.44745465206100027 -0.16883922090759465 0.03263231072562512 0.043993274877046032 0.026210051257460405 0.022110991543821502 -0.089064550551308005 0.022355832932172966 1.756099285542094 0.560571198024296 0.022516532683783827 32.338779633588707 -0.011197571145665273 1.234286040425846 55.176491408652474 0.19725545461991412 0.12153852766867153 64.115811815972521 0.19363115356850766 0.081577010037479289 0.025291100493801618 0.094123805504632022 0.2100378849656617 0.42274407091243588
decision_type=2 2 2 2 2 2 2 2 2 2 2 2 2 2 2 2 2 2 2 2 2 2 2 2 2 2 2 2 2 2
left_child=1 4 -3 -4 6 -6 -1 8 9 -8 11 12 -9 18 16 -16 -15 -14 -13 21 -20 22 23 24 25 26 -18 -27 29 -29
right_child=-2 2 3 -5 5 -7 7 10 -10 -11 -12 13 17 14 15 -17 19 -19 20 -21 -22 -23 -24 -25 -26 27 -28 28 -30 -31
leaf_value=0.0031328639946877957 0.0032659969514324556 -0.0055338641819509902 0.0041898607293626771 -0.0030134158411427685 -0.0016069956019055098 0.0065063458147712741 -0.0039285237038069794 -0.0049500702951627319 -0.0046485689994043271 0.0027108420641758502 0.00035949941633292744 0.00064851096407933669 0.0054405074538380815 0.004696108353061554 -0.0013712458095202845 -0.010884573650748833 0.0026467260288163311 0.00017612193424832684 -0.010943993156648834 -0.0064215755598111589 -0.0038402699062135073 0.0010490401485575213 -0.0060107695511900467 0.0044093946999055333 0.0066989130526781092 -0.0071877339102614391 -0.0077089763921685513 -0.0011531409623469421 -0.0050226130338280267 0.0059594824267107816
leaf_weight=33 21 34 27 23 20 22 34 45 39 39 1938 22 33 39 45 23 105 2131 22 22 40 224 39 32 20 52 20 167 53 21
leaf_count=33 21 34 27 23 20 22 34 45 39 39 1938 22 33 39 45 23 105 2131 22 22 40 224 39 32 20 52 20 167 53 21
internal_value=-1.67355e-12 -1.27863e-05 -0.00171826 0.000876354 1.43462e-05 0.00264285 -6.73004e-06 -2.66352e-05 -0.00186733 -0.000381465 1.38435e-05 -0.00019848 0.000150339 -0.00101301 -0.000670758 -0.00458899 -0.000335191 0.000256401 -0.00452514 -0.000595086 -0.00636095 -0.000420212 -0.0010668 -0.000656554 -0.00102667 -0.00139631 0.000989814 -0.00241429 -0.00138433 -0.000358646
internal_weight=5385 5364 84 50 5280 42 5238 5205 112 73 5093 3155 2209 946 862 68 794 2164 84 755 62 733 509 470 438 418 125 293 241 188
internal_count=5385 5364 84 50 5280 42 5238 5205 112 73 5093 3155 2209 946 862 68 794 2164 84 755 62 733 509 470 438 418 125 293 241 188
is_linear=0
shrinkage=0.05


Tree=88
num_leaves=31
num_cat=0
split_feature=10 7 5 13 7 14 12 6 13 6 14 12 0 11 13 7 14 14 7 13 0 6 5 6 12 12 1 2 7 7
split_gain=0.0841356 0.296553 0.353717 0.495626 0.340386 0.312514 0.423581 0.372324 0.304533 0.285938 0.313167 0.254483 0.252448 0.232937 0.257953 0.315869 0.304973 0.30914 0.30321 0.300229 0.286915 0.531535 0.366977 0.262724 0.251845 0.300542 0.247039 0.400543 0.413918 0.381669
threshold=-0.66380572763255807 0.21758018857849318 65.395442584442236 1.2205270961473673 0.12477855561251318 -0.56351590869096568 -0.90630988773634313 0.048469864127497229 -0.34909337033435278 0.037382351094628133 1.0182742308869581 -2.3484523236027308 0.18557024559931948 0.71296403861436064 -1.4060940019890074 0.18609033456571891 -0.85855038443879483 -0.6841154537868428 0.10469852198948242 0.91486795862201098 -0.040085831976597146 0.03154102073797229 36.833953687030338 0.027088417028357903 1.2822555772961712 1.0103793461550141 0.057383876290316833 0.012663820938457084 0.11052428474812163 0.086552350815999629
decision_type=2 2 2 2 2 2 2 2 2 2 2 2 2 2 2 2 2 2 2 2 2 2 2 2 2 2 2 2 2 2
left_child=1 2 3 8 -4 -3 11 12 9 -1 -11 -7 -8 -2 15 18 -16 -18 -15 20 22 24 23 -19 25 26 27 -22 29 -29
right_child=13 5 4 -5 -6 6 7 -9 -10 10 -12 -13 -14 14 16 -17 17 19 -20 -21 21 -23 -24 -25 -26 -27 -28 28 -30 -31
leaf_value=0.001011808660944397 -9.3109214878831504e-05 0.0068716841790339225 0.00017520596964224692 0.0050679860688672453 -0.0064682924076823484 -0.00096920953894203364 -0.0022869508307907854 -0.0066566114831301901 -0.0018028200352564454 -0.0079641501908190564 0.00088411081582307816 0.0055465348349745449 0.0048131971486977173 -0.0024796774337301035 0.0047919160301367258 -0.0061321956149186013 -0.0052995979320257904 -0.00045072778276252477 0.0045397015511989599 -0.0040801268594805153 0.0025234038478404446 0.0074369579234993769 -0.0021348435351432396 0.0074673249386250978 0.0065483231097459797 -0.0043770790643369159 0.0023663021802662635 -0.0019804870024717485 -0.0068261106513560783 0.0057729863805607677
leaf_weight=251 3541 23 31 38 51 22 31 27 350 20 20 47 21 40 52 28 20 22 25 28 93 38 116 20 22 24 267 65 31 21
leaf_count=251 3541 23 31 38 51 22 31 27 350 20 20 47 21 40 52 28 20 22 25 28 93 38 116 20 22 24 267 65 31 21
internal_value=1.85996e-12 -0.000432002 -0.000854786 -0.000480177 -0.00395673 0.00144951 0.000606876 -0.001893 -0.000809086 0.000386128 -0.00354002 0.00346905 0.000580417 9.04167e-05 0.000802988 -0.00169243 0.00108635 0.000835126 0.000220084 0.000999376 0.00119719 0.00172725 -0.000684882 0.00331977 0.0013124 0.00108248 0.00135717 7.41342e-05 -0.00187272 -8.7197e-05
internal_weight=5385 932 761 679 82 171 148 79 641 291 40 69 52 4453 912 93 819 767 65 747 719 561 158 42 523 501 477 210 117 86
internal_count=5385 932 761 679 82 171 148 79 641 291 40 69 52 4453 912 93 819 767 65 747 719 561 158 42 523 501 477 210 117 86
is_linear=0
shrinkage=0.05


Tree=89
num_leaves=31
num_cat=0
split_feature=9 4 14 0 0 11 14 2 14 7 0 0 10 11 0 3 2 13 13 4 1 13 5 4 7 3 13 7 2 13
split_gain=0.0855095 0.155889 0.111072 0.103441 0.202657 0.17547 0.142182 0.301329 0.365272 0.325182 0.237145 0.312419 0.238041 0.207849 0.185083 0.146513 0.497853 0.576462 0.715946 0.482525 0.324431 0.342066 0.47392 0.409224 0.577415 0.30233 0.39572 0.403082 0.31361 0.277044
threshold=-0.16591088388161881 0.78686882652653989 7.6054456789461486 -0.22620884606256367 -0.20734230567070808 -0.030206472058177097 -1.1465150464825666 -0.24890613200727271 -1.4920396847701178 0.16953575592505807 -0.16883922090759465 -0.15302548090226756 -0.14697682330826831 0.49457628783164492 -0.016263166790588753 -0.16868773711096954 -0.18634518040348733 -1.1266150936610784 0.72355014827183528 0.38431376072861628 -0.1358351179224471 0.4347872696115887 52.961802884180941 0.31557105867018692 0.10090979141970116 -0.15230222360389575 -1.9937766041977227 0.12420089359179777 0.058981994542338885 -0.79740101615193149
decision_type=2 2 2 2 2 2 2 2 2 2 2 2 2 2 2 2 2 2 2 2 2 2 2 2 2 2 2 2 2 2
left_child=-1 2 3 5 -5 -2 7 9 -9 -6 12 -12 -8 14 -10 16 17 -13 19 -19 -18 23 -23 24 -22 -17 27 -27 -29 -25
right_child=1 -3 -4 4 6 -7 10 8 13 -11 11 15 -14 -15 -16 25 20 18 -20 -21 21 22 -24 29 -26 26 -28 28 -30 -31
leaf_value=0.002806749964063918 -0.0057055313007107807 -0.0044202016666531566 0.0037214958603726703 0.0049098347579794276 -0.0016763379840229295 0.00083840000210329887 -0.00037917239141875298 0.0014154083920376642 -0.0091362465809409817 0.005424909706094435 0.0047135060290909477 0.0051080403881597113 -0.0072763391855088155 -0.0013273472178237473 -0.0032453122665174307 -0.0035974227981168333 0.0066077341227547123 -0.0019783209535359806 0.0036310596081117787 -0.0092780708310831531 -2.0779272414405241e-05 -0.0036356113462666564 0.0036252922824994462 0.0033046594235312311 0.010260931332595646 0.0007284823483239641 6.8564198726837384e-05 -0.010780742569741878 -0.002669495324460933 -0.0038438822952625547
leaf_weight=27 21 20 20 21 38 20 29 35 30 28 36 29 22 30 24 59 38 56 33 38 22 55 38 33 36 34 4442 22 26 23
leaf_count=27 21 20 20 21 38 20 29 35 30 28 36 29 22 30 24 59 38 56 33 38 22 55 38 33 36 34 4442 22 26 23
internal_value=-1.80169e-12 -1.41438e-05 2.36451e-06 -1.16224e-05 7.81505e-06 -0.00251337 -1.17706e-05 -0.00137329 -0.0028761 0.00133631 3.79004e-05 7.23642e-05 -0.00335442 -0.00466423 -0.00651805 3.88407e-05 0.000955318 -0.00125253 -0.00270494 -0.00492928 0.00236113 0.00158156 -0.000668791 0.00341738 0.00636097 -4.13486e-05 5.02815e-06 -0.00343677 -0.00638715 0.000368651
internal_weight=5385 5358 5338 5318 5277 41 5256 185 119 66 5071 5020 51 84 54 4984 401 156 127 94 245 207 93 114 58 4583 4524 82 48 56
internal_count=5385 5358 5338 5318 5277 41 5256 185 119 66 5071 5020 51 84 54 4984 401 156 127 94 245 207 93 114 58 4583 4524 82 48 56
is_linear=0
shrinkage=0.05


Tree=90
num_leaves=31
num_cat=0
split_feature=12 9 4 11 4 4 13 9 10 4 10 12 4 9 13 5 14 13 12 0 5 5 11 11 13 14 13 0 13 14
split_gain=0.0803166 0.246695 0.323051 0.29851 0.295382 0.355144 0.278541 0.277509 0.263059 0.241141 0.397061 0.313423 0.331066 0.244495 0.613787 0.318813 0.371289 0.268319 0.353096 0.323565 0.215624 0.236259 0.273659 0.387045 0.599993 0.269386 0.407702 0.362483 0.619693 0.610897
threshold=-0.45323748680892922 0.7712418336243988 0.20496930439632532 1.3862432701285727 0.45954439385842188 0.4125272190412837 1.2683262878292376 0.79851875199588795 1.5718443945063474 0.3999995680523955 -0.64825151363831168 -0.29447196621095723 0.1907206475389957 1.3630592553101484 -1.4060940019890074 52.78436722409905 -0.31711356553535713 -0.23416787070270903 0.20816510300342586 0.018152165119326717 73.662724142838513 70.83025103593512 1.4847201572800857 2.1203355967962625 -0.73836459351331818 -0.47582637704703362 -2.1939872543684675 -0.055679170455211584 -0.84889297308726153 -0.28712407893148317
decision_type=2 2 2 2 2 2 2 2 2 2 2 2 2 2 2 2 2 2 2 2 2 2 2 2 2 2 2 2 2 2
left_child=1 2 -1 4 5 6 -4 -3 20 11 -11 12 -2 14 -12 16 -16 18 -15 -19 21 22 25 24 -24 -9 -27 28 -28 -29
right_child=9 7 3 -5 -6 -7 -8 8 -10 10 13 -13 -14 17 15 -17 -18 19 -20 -21 -22 -23 23 -25 -26 26 27 29 -30 -31
leaf_value=-0.0052737993456670367 -0.00097009188175434247 0.0058725577034056189 -0.0023820873966130117 0.0039306262307318637 0.0024440018800882309 -0.0080591178590269843 0.0026917596940289846 0.0025874105605388259 -0.0056128640248928044 -0.0052836036784391777 0.0059023528266698121 9.2143142399011597e-05 0.0029039319812271523 0.0049501812877133494 -0.0064597705320920797 -0.0072823439013997198 0.0018295287673494648 0.00048709143168078019 -0.0028467663493499441 0.0089462672313675284 0.0032432353889162188 -0.0044181431643664842 0.0010148987877182665 0.0015461542347848817 -0.0090680275733272236 -0.0070837748609483249 0.0055500428637732628 -0.0072678337319065705 -0.003353612736368982 0.0010462651201225799
leaf_weight=49 76 20 150 29 41 23 33 112 21 51 20 3409 201 20 22 38 35 26 53 20 50 31 25 37 36 20 23 23 130 561
leaf_count=49 76 20 150 29 41 23 33 112 21 51 20 3409 201 20 22 38 35 26 53 20 50 31 25 37 36 20 23 23 130 561
internal_value=3.89118e-12 -0.000323597 -0.00153252 -0.000868306 -0.00143174 -0.00220313 -0.00146713 3.71918e-05 -7.19825e-05 0.000115227 -0.00128601 0.00022357 0.00184102 -0.000414738 -0.00205881 -0.00373485 -0.00136985 0.00117407 -0.000710616 0.00416499 3.90466e-05 -0.000121484 1.62581e-05 -0.00248846 -0.00493568 0.000298723 -3.98938e-05 0.000151256 -0.00201515 0.000718826
internal_weight=5385 1414 325 276 247 206 183 1089 1069 3971 285 3686 277 234 115 95 57 119 73 46 1048 998 967 98 61 869 757 737 153 584
internal_count=5385 1414 325 276 247 206 183 1089 1069 3971 285 3686 277 234 115 95 57 119 73 46 1048 998 967 98 61 869 757 737 153 584
is_linear=0
shrinkage=0.05


Tree=91
num_leaves=31
num_cat=0
split_feature=1 13 9 12 3 14 10 4 10 1 4 14 3 3 1 9 1 9 13 13 4 10 8 8 10 14 13 11 13 3
split_gain=0.0796472 0.224538 0.224989 0.412339 0.51624 0.44722 0.418875 0.597112 0.369475 0.416665 0.382599 0.344886 0.332484 0.501519 0.559224 0.454008 0.450723 0.393228 0.383375 0.341259 0.329047 0.318618 0.341321 0.309118 0.306512 0.531902 0.315684 0.441572 0.305154 0.495472
threshold=-0.046787291016576353 2.3435087691180287 1.196263057534352 1.234286040425846 -0.13009263413149549 -0.60835376765371429 -0.076100786949401533 0.37465186544712598 -0.022929183989036244 -0.15060963124667778 0.21135956776097009 0.19911531073739727 -0.11811775900695264 -0.42265549772771788 -0.22753853054826004 1.0360349656555201 -0.18442430914539462 0.66454212551313974 0.2879801721771591 -0.36756429648077898 0.18835566471898538 -0.56666087775395957 -0.25341786121522913 -2.1049152383893235 -0.51396445399874502 0.89258870530984402 -0.94562237683300832 0.48751484716170573 0.62501637712627389 -0.21370396158352625
decision_type=2 2 2 2 2 2 2 2 2 2 2 2 2 2 2 2 2 2 2 2 2 2 2 2 2 2 2 2 2 2
left_child=1 2 12 4 5 6 -4 -8 24 -10 -11 -12 13 19 18 17 -16 -14 -15 -1 -19 -17 -23 -22 26 -26 -6 -28 -18 -30
right_child=-2 -3 3 -5 8 -7 7 -9 9 10 11 -13 15 14 16 21 28 20 -20 -21 23 22 -24 -25 25 -27 27 -29 29 -31
leaf_value=0.0091764798481017342 -0.00012480054380220143 0.0043777962271688564 -0.0020173513236635874 -0.005006283545905414 0.0031262022282542851 0.0072496212752802035 0.0077966646795781958 -0.0029785405099391937 0.0015950863560040792 0.0016819696450097996 -0.0092226075037615384 -0.0033217447777636926 0.0022009845312846747 -0.010114183911570797 0.005805969655651738 -0.0012880186570565339 0.00054326946999376209 -0.0033277403280327594 -0.0017638743605597744 0.00068670291260912507 -0.0051946399467332031 0.0011051435133113581 0.0072114675129497695 0.0012439302206620959 0.0051893851023244982 -0.0026383249527391268 -0.0059210588636163346 0.00097194548219531069 -0.0072411413215810357 2.960378231638867e-05
leaf_weight=20 3789 33 62 48 29 35 36 20 39 22 40 65 230 27 27 23 130 79 28 29 21 34 70 166 60 34 52 42 42 53
leaf_count=20 3789 33 62 48 29 35 36 20 39 22 40 65 230 27 27 23 130 79 28 29 21 34 70 166 60 34 52 42 42 53
internal_value=-6.03652e-12 0.000296284 0.00021011 -0.000566594 -0.00016901 0.00228608 0.000813842 0.00394838 -0.00114976 -0.00292534 -0.0043135 -0.00556969 0.000673435 -0.000545506 -0.00129526 0.00136997 -0.000298304 0.000686976 -0.00586312 0.00415192 -0.00062213 0.00403743 0.00521517 0.000520882 0.00020851 0.00235809 -0.00143426 -0.00284121 -0.00103082 -0.00318483
internal_weight=5385 1596 1563 584 536 153 118 56 383 166 127 105 979 356 307 623 252 496 55 49 266 127 104 187 217 94 123 94 225 95
internal_count=5385 1596 1563 584 536 153 118 56 383 166 127 105 979 356 307 623 252 496 55 49 266 127 104 187 217 94 123 94 225 95
is_linear=0
shrinkage=0.05


Tree=92
num_leaves=31
num_cat=0
split_feature=7 9 13 5 13 13 3 0 9 7 10 5 9 5 2 7 9 0 7 9 5 10 0 8 9 10 10 11 11 7
split_gain=0.0799685 0.258839 0.307133 0.253469 0.237732 0.449162 0.274506 0.237454 0.313607 0.223847 0.370196 0.170832 0.415431 0.40631 0.297041 0.493484 0.378117 0.364586 0.270499 0.305899 0.252501 0.391099 0.273847 0.322995 0.302155 0.386772 0.255645 0.226935 0.29687 0.394411
threshold=0.091435549506555566 1.7408548463895765 0.39462231454351315 71.694282411892985 1.6566045769547511 1.3699389265399462 -0.061623604290079508 -0.062671219110263118 0.94270559753011074 0.092838151029982288 -0.20164993271985285 56.688589339028269 1.3927014776376652 56.959201091908277 -0.017445506441439548 0.069878194641125546 0.42015974973898129 0.026228581690588729 0.048322955894418651 0.79245452720244303 66.479339829767412 -0.16433178551048142 0.048902237703084557 -0.025105384974842656 0.85320301403811638 -0.29495838538260355 -0.11954240555129764 1.4239124476346585 0.97928125710179137 0.077958038473101607
decision_type=2 2 2 2 2 2 2 2 2 2 2 2 2 2 2 2 2 2 2 2 2 2 2 2 2 2 2 2 2 2
left_child=1 3 -3 4 5 7 -6 8 -1 10 -2 27 13 -13 15 -15 17 -16 19 -18 22 -22 23 -20 25 -25 -26 28 -9 -30
right_child=9 2 -4 -5 6 -7 -8 11 -10 -11 -12 12 -14 14 16 -17 18 -19 20 -21 21 -23 -24 24 26 -27 -28 -29 29 -31
leaf_value=-0.00014275791174618574 -0.0025254687829874456 -0.0070747322856914256 -3.2769404060672973e-05 -0.004090944209310692 -0.00070583493956788022 -0.0062272848763192702 0.0068828868822982687 0.0003260328493485859 -0.0070073727376958623 8.6971407566459834e-05 0.0057084618331214726 -0.0078021845292477387 0.0053722905753939244 -0.0015465974379497182 -0.0099294890649616729 0.0083377611377964851 0.0058844199738814496 -0.0018414594943782217 0.0030473261889872247 -0.0012717555002641999 0.0065664393594488503 -0.0015289611434815703 -0.0039076278005371395 0.0011058345396304503 -0.0032630120277066126 -0.0075243303766222422 0.0038846339356025748 -0.0019406775096090267 0.0044703049781209632 -0.0025958645939826966
leaf_weight=41 20 30 32 40 22 30 26 886 28 3444 43 21 27 28 22 23 32 38 45 28 25 37 97 20 22 37 29 93 94 25
leaf_count=41 20 30 32 40 22 30 26 886 28 3444 43 21 27 28 22 23 32 38 45 28 25 37 97 20 22 37 29 93 94 25
internal_value=7.11152e-12 -0.000263303 -0.00344017 -0.000154842 -6.61912e-05 -0.000162606 0.00340472 -5.54557e-05 -0.0029284 0.000140999 0.00309452 6.62343e-05 -0.000670053 -0.00099375 -0.000697732 0.00291105 -0.00112377 -0.00480707 -0.000529688 0.00254487 -0.00112095 0.00173531 -0.0018293 -0.000511671 -0.00199459 -0.0044962 0.000801336 0.000422308 0.000640972 0.00298582
internal_weight=5385 1878 62 1816 1776 1728 48 1698 69 3507 63 1629 531 504 483 51 432 60 372 60 312 62 250 153 108 57 51 1098 1005 119
internal_count=5385 1878 62 1816 1776 1728 48 1698 69 3507 63 1629 531 504 483 51 432 60 372 60 312 62 250 153 108 57 51 1098 1005 119
is_linear=0
shrinkage=0.05


Tree=93
num_leaves=31
num_cat=0
split_feature=6 4 10 13 0 14 5 13 11 14 0 6 6 4 6 4 13 9 11 4 6 13 9 5 9 7 5 11 9 14
split_gain=0.0797825 0.197525 0.320235 0.287084 0.192295 0.234068 0.120236 0.175635 0.204384 0.141109 0.115337 0.114019 0.109382 0.377107 0.46588 0.262829 0.383913 0.263861 0.144867 0.278678 0.141025 0.114068 0.109149 0.236231 0.225897 0.436144 0.254781 0.202627 0.186863 0.382627
threshold=0.012486142167803716 0.13463427761245469 0.14151092111699659 0.45331825249563457 0.042440499213466383 1.005021822390751 76.955213112595331 -0.22038387325521416 0.34016750842957183 1.7596892552228789 -0.012512830562128872 0.021896870396490371 0.014682043306144815 0.14787482167288607 0.014210350393499256 0.14787482167288607 0.059664507073522673 0.95088907136213074 -0.22730774402004864 0.13989895271044997 0.013903029832255769 0.49555270000771673 3.1107743662355696 49.713842728104993 2.2476648426633665 0.15069483779831919 63.709866315363861 -0.9272760481440343 1.9282089998785441 -0.33862399694876488
decision_type=2 2 2 2 2 2 2 2 2 2 2 2 2 2 2 2 2 2 2 2 2 2 2 2 2 2 2 2 2 2
left_child=4 2 3 10 5 -1 12 11 9 -9 -2 -8 13 18 -15 16 -14 21 -3 -20 -21 -18 24 -24 28 -26 27 -27 -17 -30
right_child=1 6 -4 -5 -6 -7 7 8 -10 -11 -12 -13 15 14 -16 22 17 -19 19 20 -22 -23 23 -25 25 26 -28 -29 29 -31
leaf_value=-0.00018042545250084784 0.0015061917122114789 0.0071157520916312932 0.0020662967946279693 -0.0071085372206974116 -0.0020890541120686316 0.0071207732407619134 -0.0036491144495084879 -0.0013546950812451542 0.0068000041395425807 0.0042049531420204969 -0.0029448814262354444 0.0015128289936515301 -0.0070046018075310829 -0.0077454047809754102 0.0019646530287961163 2.7911659924331219e-05 -0.00020436552268537607 0.0040706299668685957 0.0061915708153888038 -0.0033515324769541627 0.0025861652637831868 -0.005421719225123525 0.0012460758443921804 -0.0064388246671296659 -0.0021934697249283391 0.0024791771247982979 -0.00037313837304034023 0.0083729085578982312 0.0041298124048372974 -0.0028963386838331941
leaf_weight=21 22 20 37 34 22 23 20 25 25 21 43 23 33 21 30 4527 22 22 27 20 20 20 20 20 39 25 22 35 23 123
leaf_count=21 22 20 37 34 22 23 20 25 25 21 43 23 33 21 30 4527 22 22 27 20 20 20 20 20 39 25 22 35 23 123
internal_value=-2.75392e-12 -2.14382e-05 -0.00190243 -0.0033857 0.00172772 0.00363611 2.79184e-05 0.00163377 0.00316108 0.00118341 -0.00143836 -0.000888075 -8.19653e-06 0.00138019 -0.00203361 -4.70522e-05 -0.002624 -0.000365259 0.00338138 0.00226664 -0.000382684 -0.00268882 4.65743e-06 -0.00259637 2.63598e-05 0.00215931 0.00422954 0.00591719 -2.88697e-05 -0.00178948
internal_weight=5385 5319 136 99 66 44 5183 114 71 46 65 43 5069 138 51 4931 97 64 87 67 40 42 4834 40 4794 121 82 60 4673 146
internal_count=5385 5319 136 99 66 44 5183 114 71 46 65 43 5069 138 51 4931 97 64 87 67 40 42 4834 40 4794 121 82 60 4673 146
is_linear=0
shrinkage=0.05


Tree=94
num_leaves=31
num_cat=0
split_feature=9 4 14 8 9 3 8 11 13 9 14 10 3 11 11 14 3 0 7 9 4 7 9 10 7 5 0 14 11 7
split_gain=0.075542 0.136896 0.105999 0.131304 0.125559 0.273438 0.261573 0.261926 0.258149 0.18593 0.361479 0.297866 0.273181 0.265486 0.200592 0.166568 0.318772 0.274999 0.280265 0.354394 0.291878 0.309014 0.280738 0.301145 0.295361 0.329895 0.357702 0.306086 0.299107 0.295057
threshold=-0.16591088388161881 0.78686882652653989 7.6054456789461486 7.3902386791968153 2.2476648426633665 -0.040479707776134348 0.011475470145419721 0.90988112926965747 0.25922609955438047 1.9282089998785441 -0.33862399694876488 -0.47998230281468196 0.13085726702034153 -0.95100679492693041 0.60615376681581445 0.18338503408746124 0.050414291658040129 -0.16142014680195613 0.091435549506555566 1.7877253048839832 0.30600343432020433 0.14340811662260408 1.7313444267487741 -0.13748002832320813 0.099874337373190888 48.585041748670726 0.051970758167966598 1.3059621362925053 0.46496472262044525 0.11188526910010574
decision_type=2 2 2 2 2 2 2 2 2 2 2 2 2 2 2 2 2 2 2 2 2 2 2 2 2 2 2 2 2 2
left_child=-1 2 3 4 9 -6 7 -7 -8 15 -11 14 -13 -14 -12 -2 -17 -18 -19 22 21 -21 24 -24 25 27 28 -20 -27 -26
right_child=1 -3 -4 -5 5 6 8 -9 -10 10 11 12 13 -15 -16 16 17 18 19 20 -22 -23 23 -25 29 26 -28 -29 -30 -31
leaf_value=0.0026380978835125763 -0.00036458264654035577 -0.0041422384232282635 0.0036353865117416716 -0.0029020187024098752 0.0068933633016422385 -0.0041345568839460615 0.0072397072354088658 0.0019689768589159942 0.00014648177211397682 0.0039233218918999901 0.0019504058071308666 -0.00051290427334606649 -0.0038225282152945343 -0.011782091595232488 -0.0041985838674008851 0.0032948782392609195 -0.0045305920088843958 -0.0003901305815747064 0.0087222964040737493 0.0058411282065901019 0.0082931714992110547 -0.0027364509889767283 -0.0080278174113482242 0.00064894955605268481 -0.0012638476948246269 0.001182354600686166 0.0038899356384807433 0.0011084356091239235 -0.0054743831632313904 0.00061846853473513687
leaf_weight=27 1801 20 20 39 20 39 23 32 29 23 36 20 22 20 21 83 31 1211 33 21 26 21 20 20 247 45 61 22 27 1325
leaf_count=27 1801 20 20 39 20 39 23 32 29 23 36 20 22 20 21 83 31 1211 33 21 26 21 20 20 247 45 61 22 27 1325
internal_value=-7.69346e-13 -1.32939e-05 2.17612e-06 -1.14877e-05 9.86685e-06 0.00147125 0.0005896 -0.00138367 0.00328387 -3.08218e-05 -0.00181489 -0.00292396 -0.00532251 -0.0076128 -0.000315011 1.99067e-05 0.000236776 0.000155162 0.000202339 0.000586429 0.00412972 0.00155234 0.000452571 -0.00368943 0.000546708 0.00241971 0.00107281 0.00567675 -0.00131392 0.00032271
internal_weight=5385 5358 5338 5318 5279 143 123 71 52 5136 142 119 62 42 57 4994 3193 3110 3079 1868 68 42 1800 40 1760 188 133 55 72 1572
internal_count=5385 5358 5338 5318 5279 143 123 71 52 5136 142 119 62 42 57 4994 3193 3110 3079 1868 68 42 1800 40 1760 188 133 55 72 1572
is_linear=0
shrinkage=0.05


Tree=95
num_leaves=31
num_cat=0
split_feature=12 11 6 8 12 9 10 6 13 11 11 6 1 6 6 8 12 1 13 1 12 11 11 9 4 10 13 12 8 8
split_gain=0.0735617 0.240014 0.398939 0.392806 0.480507 0.404949 0.385548 0.380778 0.410403 0.377357 0.376497 0.329538 0.328432 0.321983 0.32164 0.258875 0.237683 0.245954 0.242432 0.237175 0.244237 0.230738 0.319742 0.339914 0.301079 0.362212 0.338188 0.269909 0.269451 0.338713
threshold=-0.45323748680892922 0.022879822988386481 0.032358215706045849 -0.13007761309495297 -0.86751782402295952 0.84727564799568056 0.81288448501205701 0.036883185198409767 -0.11377127054853318 -0.8065121095110831 0.13654882256936721 0.040858899766107598 -0.037759911011556728 0.028684420243555091 0.027088417028357903 -0.73837819779107905 -1.277224582116689 0.038607951669866976 0.75797218861670246 0.1161292265768762 -0.98796884030574761 0.19456720315057294 0.39394528108143184 1.3718362528081696 0.29214234574759623 0.20292408422099248 0.19890479034790812 -0.63433916466878781 -0.22925947818370734 -2.4084077562519841
decision_type=2 2 2 2 2 2 2 2 2 2 2 2 2 2 2 2 2 2 2 2 2 2 2 2 2 2 2 2 2 2
left_child=1 2 3 4 5 -1 10 9 11 -4 -3 -9 -13 14 19 -6 -10 18 -18 20 -5 -12 23 -23 26 28 -24 -28 29 -26
right_child=-2 6 7 13 15 -7 -8 8 16 -11 21 12 -14 -15 -16 -17 17 -19 -20 -21 -22 22 24 -25 25 -27 27 -29 -30 -31
leaf_value=-0.0024790489884174392 0.00011027517597030909 0.0047321197188769787 -0.00072218077962822992 -0.0062596465926617389 -0.0056745821100083142 0.0058099917422911925 -0.0061263349393139719 -0.0091407888968076025 0.0030796198508582051 0.0063860547842544526 -0.0037419787562814437 0.0015759972434851431 -0.0064120054096830168 -0.0077372495269325261 0.0028100243039344522 0.0001943313331781503 -0.0023890911846357432 -0.0049336040220050899 0.0040760933726640613 -0.0068681507837027311 0.00021754478396804528 0.004140602294545697 -0.00012285912375558508 -0.00089265927215855488 0.0037492592416873034 0.007820936823263765 -0.0059054884052818163 -0.00052463071045988211 0.0026058258816361603 -0.0036108567230662123
leaf_weight=23 3971 48 33 22 42 41 23 21 62 43 36 31 22 42 22 34 29 27 29 40 43 98 275 51 22 20 54 41 86 54
leaf_count=23 3971 48 33 22 42 41 23 21 62 43 36 31 22 42 22 34 29 27 29 40 43 98 275 51 22 20 54 41 86 54
internal_value=4.3726e-12 -0.000309691 -0.00106189 -0.00231962 -0.000360955 0.00283112 0.000254459 0.000246653 -0.000803224 0.00329958 0.000441412 -0.00384006 -0.00173978 -0.00394218 -0.00268711 -0.00304902 0.000725525 -0.000991579 0.000843501 -0.00383889 -0.00197474 0.000161963 0.000362451 0.00241781 -0.000192347 0.00147262 -0.00101133 -0.00358322 0.000688879 -0.0014803
internal_weight=5385 1414 606 309 140 64 808 297 221 76 785 74 53 169 127 76 147 85 58 105 65 737 701 149 552 182 370 95 162 76
internal_count=5385 1414 606 309 140 64 808 297 221 76 785 74 53 169 127 76 147 85 58 105 65 737 701 149 552 182 370 95 162 76
is_linear=0
shrinkage=0.05


Tree=96
num_leaves=31
num_cat=0
split_feature=13 13 0 10 3 11 8 6 1 7 5 5 6 7 0 8 5 3 0 11 13 3 2 8 0 7 1 3 2 0
split_gain=0.0742085 0.246284 0.567759 0.580095 0.560578 0.702954 0.533734 0.38956 0.459698 0.359987 0.33972 0.450298 0.335782 0.288439 0.278483 0.262049 0.249132 0.388956 0.367837 0.398689 0.537642 0.378379 0.376695 0.363338 0.284967 0.280985 0.262114 0.626331 0.307103 0.293317
threshold=0.4347872696115887 0.74956711371037665 -0.067140669772693104 0.43006144855426898 0.1209274528804213 0.3531817007489958 -0.38133530200317195 0.015621393142882542 0.11766613175176967 0.086047395825277803 63.387857870608464 54.174767582611821 0.027475414269646073 0.12420089359179777 0.0089897917359426111 -0.0356220512414182 45.190229075792963 -0.27040989526820813 -0.0055690070367281344 -0.067187199577486076 0.95869300787138201 0.14466877226601041 0.20507344160771648 -0.013006232852626363 -0.022687849609622942 0.10921911352592396 0.31790743411228667 0.76070361482531845 0.35461612034810669 0.027874280242036979
decision_type=2 2 2 2 2 2 2 2 2 2 2 2 2 2 2 2 2 2 2 2 2 2 2 2 2 2 2 2 2 2
left_child=-1 2 12 4 10 7 -5 15 9 -9 11 -4 -2 -11 -8 -6 17 23 24 26 -21 25 -23 -3 -18 -22 27 29 -28 -20
right_child=1 16 3 6 5 -7 14 8 -10 13 -12 -13 -14 -15 -16 -17 18 -19 19 20 21 22 -24 -25 -26 -27 28 -29 -30 -31
leaf_value=0.00013766371409663252 -0.0016238632873864845 -0.0052485008875373758 -0.0043020095532800614 -0.0040355959548973126 0.0017763643569889524 -0.0033341069944941883 0.0082350385674674603 0.0014401579837732274 -0.00036353389926565194 0.01271848585879938 -0.008743817622262914 0.001643114524583022 -0.0075380194699391726 0.0050058711337408537 0.0024685347691200763 -0.0062206670036539444 -0.00083545756154513413 0.0019266947496520436 0.0015542517993944113 0.0047697849574105181 -0.00013998095630942024 0.0074066924067058906 -0.0004805243329894616 0.0026383188998569617 -0.0049023349762358 -0.007122757667675614 0.00090679747052490711 0.0084439588245004416 -0.0069913176834234042 -0.0015405706974753878
leaf_weight=3474 48 40 109 26 21 92 28 29 48 22 26 45 48 27 83 20 124 322 108 97 34 24 41 23 66 25 20 20 32 263
leaf_count=3474 48 40 109 26 21 92 28 29 48 22 26 45 48 27 83 20 124 322 108 97 34 24 41 23 66 25 20 20 32 263
internal_value=3.24206e-12 -0.000250258 -0.001021 -0.000427676 -0.00131409 0.000175416 0.00241273 0.00210881 0.00348635 0.00585551 -0.00345732 -0.0025648 -0.00458094 0.00846868 0.00392315 -0.00212463 0.000167771 0.00122373 -0.000308277 0.00024681 0.00198145 -0.000199751 0.00243168 -0.00236919 -0.00224816 -0.00309878 -0.000618551 -0.000175017 -0.00395358 -0.000639652
internal_weight=5385 1911 672 576 439 259 137 167 126 78 180 154 96 49 111 41 1239 385 854 664 221 124 65 63 190 59 443 391 52 371
internal_count=5385 1911 672 576 439 259 137 167 126 78 180 154 96 49 111 41 1239 385 854 664 221 124 65 63 190 59 443 391 52 371
is_linear=0
shrinkage=0.05


Tree=97
num_leaves=31
num_cat=0
split_feature=12 10 4 3 7 2 4 0 3 0 14 4 4 11 13 6 7 7 9 7 4 3 11 6 14 11 2 6 4 6
split_gain=0.0715657 0.101689 0.222041 0.514929 0.291984 0.277404 0.20615 0.200421 0.268531 0.207196 0.280302 0.244829 0.222186 0.431154 0.291217 0.179969 0.232926 0.263606 0.233926 0.254986 0.154542 0.295383 0.442546 0.268781 0.336452 0.234708 0.22684 0.226157 0.208841 0.362217
threshold=2.5328300052630328 0.96258946108037313 0.22029874887785864 0.073064126962409173 0.1014751269072617 -0.098817687256710349 0.7014999583533521 0.12474479430015963 0.36686749445057237 0.0349765925904666 -0.17685884584878567 0.24896421873697477 0.40835270268331336 -0.61592547028518496 -0.32304859203502917 0.047805337595346532 0.30527794867749825 0.26826428030739685 1.9282089998785441 0.19712598210088061 0.3999995680523955 -0.22054795721934703 -0.074855388363328348 0.040858899766107598 0.54566601961393202 1.05544803858453 0.63141482253542935 0.0337274512274486 0.43299123711800841 0.040452561697806068
decision_type=2 2 2 2 2 2 2 2 2 2 2 2 2 2 2 2 2 2 2 2 2 2 2 2 2 2 2 2 2 2
left_child=1 6 3 -3 5 -4 15 9 -9 11 -11 -6 13 -13 -14 20 17 18 19 -17 26 -22 23 -23 -25 28 -1 -28 -24 -30
right_child=-2 2 4 -5 7 -7 -8 8 -10 10 -12 12 14 -15 -16 16 -18 -19 -20 -21 21 22 25 24 -26 -27 27 -29 29 -31
leaf_value=3.0782628733189492e-05 0.0029131594779235976 0.0070925776984680586 -0.00046987838688350864 -0.0026725243742543241 -0.0059296922758221631 -0.0080720094814231355 -0.0037191629151089329 -0.0057610021291398692 0.0013967184908688069 0.0071926790600021677 -5.2536370946511041e-06 0.0044300212305433189 0.0015600264382859073 -0.002254404746927321 -0.0051951398804353987 0.0066484533935127895 -0.00083261595250774378 0.0072822998687624933 -0.00090478973266167138 0.00072441822073111937 -0.0061101736417705464 -0.0075132602769881485 -0.00052075421606952502 0.003396603145191203 -0.004345204912695206 -0.0024354628368240339 0.00042386890788163466 0.006514396728878772 0.00054754775366745885 0.0097480178527210078
leaf_weight=4438 21 27 21 27 21 28 36 38 20 21 38 52 27 45 39 34 74 25 52 39 28 25 22 23 36 23 35 27 20 23
leaf_count=4438 21 27 21 27 21 28 36 38 20 21 38 52 27 45 39 34 74 25 52 39 28 25 22 23 36 23 35 27 20 23
internal_value=-1.03001e-12 -1.1405e-05 -0.000774207 0.00221003 -0.00123463 -0.00481395 5.07265e-05 -0.000651952 -0.00329282 -2.16204e-05 0.00255672 -0.000848372 -0.000193723 0.001329 -0.00243166 7.82886e-05 0.00146292 0.00259539 0.00165801 0.00348356 1.22976e-05 -0.00134769 -0.000572406 -0.0031683 -0.00132721 0.00190549 7.27417e-05 0.0030762 0.00344152 0.00546873
internal_weight=5385 5364 404 54 350 49 4960 301 58 243 59 184 163 97 66 4924 224 150 125 73 4700 200 172 84 59 88 4500 62 65 43
internal_count=5385 5364 404 54 350 49 4960 301 58 243 59 184 163 97 66 4924 224 150 125 73 4700 200 172 84 59 88 4500 62 65 43
is_linear=0
shrinkage=0.05


Tree=98
num_leaves=31
num_cat=0
split_feature=1 2 13 1 5 5 5 0 13 13 14 9 14 0 5 4 7 8 13 1 8 8 1 4 10 13 7 9 1 9
split_gain=0.0711007 0.198568 0.230073 0.186723 0.532103 0.315322 0.35058 0.540552 0.49847 0.403387 0.415068 0.367911 0.259808 0.261121 0.44129 0.397139 0.332381 0.547928 0.324495 0.251722 0.606859 0.54239 0.366401 0.248263 0.425499 0.229891 0.296067 0.240545 0.230238 0.775548
threshold=-0.046787291016576353 0.2815223639972681 2.3435087691180287 -0.0039787261583610891 40.007980145226064 41.164569877529949 57.577031811539889 0.048902237703084557 1.3699389265399462 0.38659841445662585 -0.33862399694876488 1.379552269240272 -0.7495645692895434 0.015685468516203453 48.420519718582121 0.20455940954875232 0.11528088866836329 -0.020227836607722937 -0.33340059430057434 0.0034560632352076408 0.0059496001818409314 -1.1654796980270798 -0.0013121325018852768 0.21887774499010185 -0.19000364735343467 2.3435087691180287 0.17220671497994403 0.42812874425356356 0.0095623668935094237 0.85673699645293844
decision_type=2 2 2 2 2 2 2 2 2 2 2 2 2 2 2 2 2 2 2 2 2 2 2 2 2 2 2 2 2 2
left_child=1 2 -1 4 23 -6 8 -8 9 12 -11 -9 -7 14 16 -16 17 -14 -15 20 21 -5 -22 -2 -25 27 -27 -21 29 -29
right_child=3 -3 -4 19 5 6 7 11 -10 10 -12 -13 13 18 15 -17 -18 -19 -20 25 22 -23 -24 24 -26 26 -28 28 -30 -31
leaf_value=0.00027611226624743064 -0.001603681630998229 -0.0035582912041608131 0.004697420137623946 -0.00078699456062167892 0.0051091917181530829 0.0035612911265343427 -0.0025564118895272259 0.0074089066580530598 -0.0085866323735734277 -0.0035282693058252337 0.0040060985578319937 -0.00076990232802927501 0.0024775868055184145 -0.0018062317341163354 -0.002400437596952543 0.0056407182463718694 -0.0073730410350596205 -0.0077943722158670438 -0.0087412376737883019 -0.0012484764561461303 0.0035264203511178498 0.0093856323902544239 -0.0052705394714299978 -0.0015835128957405688 -0.010515539891396961 -0.0079349522611924586 0.00011816925206221642 -0.0097441138084977882 0.00023688650805019302 0.0011557668705094368
leaf_weight=1533 48 33 30 20 26 20 40 44 22 25 68 20 37 37 28 34 34 20 31 341 20 38 29 24 30 21 25 25 2635 47
leaf_count=1533 48 33 30 20 26 20 40 44 22 25 68 20 37 37 28 34 34 20 31 341 20 38 29 24 30 21 25 25 2635 47
internal_value=3.28029e-12 0.000279937 0.000360974 -0.000117915 -0.000936871 -0.000247804 -0.000550591 0.00200324 -0.00129665 -0.000816476 0.00198073 0.00485303 -0.0018959 -0.00238976 -0.00124397 0.00200923 -0.00346044 -0.00112661 -0.00496778 3.25213e-05 0.00241679 0.00587783 -0.00167994 -0.00422007 -0.00654575 -4.99341e-05 -0.00355826 3.01302e-06 0.000160663 -0.00262891
internal_weight=5385 1596 1563 3789 588 486 460 104 356 334 93 64 241 221 153 62 91 57 68 3201 107 58 49 102 54 3094 46 3048 2707 72
internal_count=5385 1596 1563 3789 588 486 460 104 356 334 93 64 241 221 153 62 91 57 68 3201 107 58 49 102 54 3094 46 3048 2707 72
is_linear=0
shrinkage=0.05


Tree=99
num_leaves=31
num_cat=0
split_feature=6 2 0 5 13 11 2 2 13 1 3 7 13 11 13 11 12 11 5 9 8 11 9 3 11 6 6 9 2 8
split_gain=0.0734909 0.281126 0.158787 0.0915882 0.184506 0.214566 0.213906 0.199568 0.111433 0.0984676 0.141615 0.113495 0.109417 0.122635 0.410288 0.247161 0.212277 0.143645 0.444428 0.276163 0.14976 0.246479 0.192735 0.220998 0.204666 0.138959 0.702637 0.304702 0.357317 0.292618
threshold=0.012486142167803716 0.041071013558687482 0.032546970466175169 76.955213112595331 -0.13712423354731776 0.34016750842957183 0.29033795413316438 0.37751868683775919 -2.9731886339154459 0.79825988249240409 1.8813982191837129 0.22552633503827182 2.5845703800735711 -2.0161605388653525 1.6566045769547511 -2.4857018074629864 -0.085900728175988705 -1.6262986585588721 56.300230752228295 0.96414647850933988 -3.2233475488965686 -0.36701077119686998 0.99301213087219831 0.16142157293365803 0.43068911560027634 0.025612746179649367 0.025291100493801618 0.15363447638809111 -0.082252567562290865 -0.27020975395769836
decision_type=2 2 2 2 2 2 2 2 2 2 2 2 2 2 2 2 2 2 2 2 2 2 2 2 2 2 2 2 2 2
left_child=1 -1 -3 8 7 6 -6 -5 -2 10 12 -12 13 14 15 16 -10 18 19 -15 21 -19 23 -23 -24 26 -22 28 -27 -28
right_child=3 2 -4 4 5 -7 -8 -9 9 -11 11 -13 -14 17 -16 -17 -18 20 -20 -21 25 22 24 -25 -26 27 29 -29 -30 -31
leaf_value=-0.0028036869470151548 0.0035826378324556917 0.0068780986187250721 0.00078648677095770846 -0.0035665236335868638 -0.0023764099959921823 0.0070798943327231847 0.0042431404050708253 0.0028814738930668681 -0.006199272768571973 -0.0027100510269935643 3.7720522636340724e-05 0.0044718583542553174 -0.0028237530871087478 -0.0043746237346733155 0.0070785314990923958 0.004053677197383798 0.00045087353636821115 -0.0051319068197060273 -0.008647797945886852 0.0027743698889389637 -0.00011008023605147328 0.00048787897976581012 0.0038558621582499633 -0.0053884282184299085 -0.0018100505328870248 0.0093285038135945807 -0.0013020638492889703 0.00021899851895976501 0.00095071449077555124 -0.0084296025956670448
leaf_weight=23 21 23 20 30 23 22 26 20 20 35 27 31 36 22 26 23 30 37 20 35 2797 32 37 32 28 20 24 1794 35 36
leaf_count=23 21 23 20 30 23 22 26 20 20 35 27 31 36 22 26 23 30 37 20 35 2797 32 37 32 28 20 24 1794 35 36
internal_value=-4.30896e-12 0.0016582 0.00404479 -2.05755e-05 0.0013393 0.00297777 0.001136 -0.000987325 -5.2231e-05 -6.69755e-05 -4.89849e-05 0.00240769 -7.70115e-05 -5.7423e-05 0.00168502 -0.000235954 -0.00220918 -9.2279e-05 -0.002235 1.51092e-05 -5.84142e-05 -0.00153441 -0.000502574 -0.00245027 0.00141516 -6.3496e-06 -0.000224925 0.000331384 0.00399718 -0.00557859
internal_weight=5385 66 43 5319 121 71 49 50 5198 5177 5142 58 5084 5048 99 73 50 4949 77 57 4872 166 129 64 65 4706 2857 1849 55 60
internal_count=5385 66 43 5319 121 71 49 50 5198 5177 5142 58 5084 5048 99 73 50 4949 77 57 4872 166 129 64 65 4706 2857 1849 55 60
is_linear=0
shrinkage=0.05


Tree=100
num_leaves=31
num_cat=0
split_feature=12 10 13 12 10 1 12 11 9 3 10 3 8 9 11 4 11 11 11 11 9 13 9 2 13 4 4 4 3 12
split_gain=0.0713625 0.201639 0.319336 0.232824 0.222819 0.725381 0.365403 0.265497 0.470207 0.409249 0.401495 0.28956 0.261971 0.398132 0.242579 0.314563 0.249739 0.599019 0.293554 0.223902 0.26842 0.351242 0.249723 0.291812 0.369238 0.279855 0.210047 0.312301 0.207705 0.33382
threshold=-0.49790672424525956 0.79562414654173663 1.3451406913215915 -1.1162229834324746 0.30589393608949322 0.2496846592700476 -0.96828375010053513 -0.31700987669037795 1.0737471356183179 0.14751274816028673 -0.1134571260348904 0.43544968821390156 -0.52355693377400792 1.0830446433029863 -0.17176292143402624 0.22255851607187929 0.022879822988386481 0.13654882256936721 0.19456720315057294 0.40331139483372996 1.0830446433029863 -0.17220434342070334 2.0496060210252955 0.43151933815473092 0.19890479034790812 0.52408431169434022 0.32670775257591061 0.22531556355037138 -0.048352245153554511 -0.67660246588139128
decision_type=2 2 2 2 2 2 2 2 2 2 2 2 2 2 2 2 2 2 2 2 2 2 2 2 2 2 2 2 2 2
left_child=1 4 3 -3 7 6 -6 8 26 -10 11 -11 -8 -14 15 -9 -16 -18 -19 20 -20 -22 23 24 -21 -24 27 -1 -26 -30
right_child=-2 2 -4 -5 5 -7 12 14 9 10 -12 -13 13 -15 16 -17 17 18 19 22 21 -23 25 -25 28 -27 -28 -29 29 -31
leaf_value=-0.00063213405859035752 0.00010424196797975785 -0.0078884748819594581 0.0022132636198113043 -0.0022116858907656311 0.0061460192194553445 -0.0061925119899499878 -0.0028688683360815048 -0.0017633897857740521 0.0052560947195161136 -0.0036656786545949138 -0.0075666412804275751 0.0035982754560844863 -0.0014004698721691968 0.0063296925477010924 -0.0027526512374991883 0.0060972147860697337 0.0056950235933375861 -0.0051058538661648833 0.0050124270116529345 0.00036860919627340432 0.0038882813561940568 -0.0032214855628186151 0.0062736976305367773 -0.0054425786051786312 -0.00021740670070155628 -0.0010678280014544724 -0.0010302097751991822 -0.0073970788805666618 -0.0081733955323163958 -0.00060858920030295856
leaf_weight=24 4055 24 31 73 54 26 30 20 32 23 20 34 31 36 85 35 45 30 44 283 32 38 27 33 36 25 40 59 35 25
leaf_count=24 4055 24 31 73 54 26 30 20 32 23 20 34 31 36 85 35 45 30 44 283 32 38 27 33 36 25 40 59 35 25
internal_value=1.65933e-12 -0.00031782 -0.00220442 -0.00361625 -0.000116918 0.00152129 0.00284949 -0.000399809 -0.00188756 0.000503605 -0.00147146 0.000667206 0.00101431 0.00275305 3.54481e-05 0.00323881 -0.000203285 0.000128562 -0.000283429 -3.31305e-05 0.00195224 2.86936e-05 -0.000520915 -0.000933007 -0.000540353 0.00274412 -0.00400656 -0.00544095 -0.0032199 -0.00502139
internal_weight=5385 1330 128 97 1202 177 151 1025 232 109 77 57 97 67 793 55 738 653 608 578 114 70 464 412 379 52 123 83 96 60
internal_count=5385 1330 128 97 1202 177 151 1025 232 109 77 57 97 67 793 55 738 653 608 578 114 70 464 412 379 52 123 83 96 60
is_linear=0
shrinkage=0.05


Tree=101
num_leaves=31
num_cat=0
split_feature=10 5 0 10 9 7 0 11 11 7 10 3 2 14 14 2 14 14 14 11 14 7 4 2 4 6 1 11 14 14
split_gain=0.0706192 0.256673 0.313022 0.34073 0.297745 0.258398 0.24943 0.421125 0.4008 0.219933 0.202325 0.473318 0.423646 0.299 0.261097 0.399157 0.387497 0.299245 0.437894 0.357623 0.267604 0.260933 0.455682 0.254516 0.285576 0.490183 0.252852 0.249348 0.195356 0.442638
threshold=-0.66380572763255807 63.177708573280448 0.086802175619310709 -0.85551833906929864 0.44388566824867032 0.28006697690365334 0.10321350185873825 0.55520215397140626 0.23905404655130935 0.27456052767475791 -0.43365905004433192 0.34420141216408767 0.16168189314560402 1.8162720449821974 0.71336455864562998 0.090378513886395187 0.47618717539141436 -0.42748166269411519 -0.60835376765371429 0.76251914756130657 1.2065071241902439 0.16630121597264827 0.21590620516831047 0.20766650653712473 0.21264511299644981 0.02836513065340782 0.12331029724384658 0.56128008705318855 2.7295247531538496 2.125586566054936
decision_type=2 2 2 2 2 2 2 2 2 2 2 2 2 2 2 2 2 2 2 2 2 2 2 2 2 2 2 2 2 2
left_child=1 2 4 -4 -1 6 8 -8 -3 28 11 14 26 -14 16 20 17 18 19 -2 -16 22 -19 -15 -25 -26 -13 -17 29 -6
right_child=10 5 3 -5 9 -7 7 -9 -10 -11 -12 12 13 23 15 27 -18 21 -20 -21 -22 -23 -24 24 25 -27 -28 -29 -30 -31
leaf_value=0.0056472237408161166 -0.0027917727329876533 0.0042620833922663469 0.0049307757554481087 -0.0021353680184499051 -0.00092175815901151593 0.0014856105922041712 -0.010184430793203691 -0.0021027599327499047 -0.0041430541864797676 0.0029138209146642412 -5.1312112958571085e-05 0.0092425452279193063 -0.0041713225177954878 -0.0026916667865589262 -0.0070750914491349605 0.0026912578246512295 0.0048872627569362531 -0.0042812759857397617 0.007362222036213748 0.0049324805990023464 -0.00059060762802031473 -0.0057718798068576854 0.0027680685779509638 0.0068835099920091271 -0.0031551038582498833 0.0059611322277964189 0.0023026442110893274 -0.0030131861520931126 -0.0035467931342407551 0.0041462797810264086
leaf_weight=20 43 23 59 24 517 37 27 40 37 43 3844 35 20 20 41 53 50 41 28 23 26 29 52 38 30 29 21 30 58 47
leaf_count=20 43 23 59 24 517 37 27 40 37 43 3844 35 20 20 41 53 50 41 28 23 26 29 52 38 30 29 21 30 58 47
internal_value=-3.95158e-12 -0.000395783 -1.23465e-05 0.00288755 -0.000363721 -0.00219139 -0.00326264 -0.00535955 -0.000921085 -0.000544502 8.28362e-05 0.000929579 0.00297605 0.00147835 -1.98667e-05 -0.00168796 0.000920785 2.61935e-06 0.0021228 -9.99875e-05 -0.00455872 -0.00163096 -0.000339707 0.0024441 0.00350302 0.00132576 0.00664008 0.000629411 -0.000783582 -0.000499422
internal_weight=5385 932 768 83 685 164 127 67 60 665 4453 609 193 137 416 150 266 216 94 66 67 122 93 117 97 59 56 83 622 564
internal_count=5385 932 768 83 685 164 127 67 60 665 4453 609 193 137 416 150 266 216 94 66 67 122 93 117 97 59 56 83 622 564
is_linear=0
shrinkage=0.05


Tree=102
num_leaves=31
num_cat=0
split_feature=9 9 7 2 6 2 7 7 11 9 10 9 10 11 0 12 6 9 6 13 10 5 12 0 0 12 12 10 10 13
split_gain=0.0700166 0.51991 0.292387 0.309251 0.426519 0.411962 0.245405 0.603027 0.320316 0.266591 0.264822 0.385118 0.246493 0.238773 0.323283 0.231804 0.227985 0.676881 0.559172 0.40295 0.470087 0.275368 0.331946 0.350751 0.299197 0.641438 0.636823 0.476311 0.350411 0.565033
threshold=1.1855753094415742 1.0830446433029863 0.073448451814764296 0.31519778092423617 0.024486412056186187 -0.015270664111460162 0.057402271417437638 0.067743178039989652 1.4592610444398437 1.1454974163072467 0.24357046569557858 1.1145992198408117 0.1009626505249492 0.63152491057060167 0.0060680347883210759 -0.17866907502621654 0.036702479611648804 1.3303265537895343 0.035543782311233299 -0.69179608100264633 0.37493195803521151 33.659047126929671 -1.277224582116689 0.038545299853638977 0.095568077785360153 -0.86751782402295952 -0.73468079160133704 0.66346340506072343 0.39026039979779176 1.3451406913215915
decision_type=2 2 2 2 2 2 2 2 2 2 2 2 2 2 2 2 2 2 2 2 2 2 2 2 2 2 2 2 2 2
left_child=1 -1 3 4 5 -2 12 -8 9 10 -9 -12 -3 14 -11 -6 18 19 21 -18 -21 -4 23 -23 25 -24 -27 -26 29 -28
right_child=2 6 16 -5 15 -7 7 8 -10 13 11 -13 -14 -15 -16 -17 17 -19 -20 20 -22 22 24 -25 27 26 28 -29 -30 -31
leaf_value=-9.880444616099679e-05 0.002714467018052156 0.001453476195008709 -0.0034759644679725173 0.0032458670731866732 -0.0032208853797055779 -0.0030958624115945505 -0.0052736155659658841 0.0048859465618490156 -0.0034512257346740135 0.0022898135557770732 -0.0023107796352166751 0.0049138667860201433 0.0082743826736178666 0.0044936325106148915 -0.0033410437566299849 -0.010658412706106901 -0.010881196658896364 -0.00017917883953137535 0.0057188641790181724 0.0023034766296167737 -0.0076997126336209483 -0.004927666816991149 0.006225682928108431 0.0018266621655945122 -0.0017116510052130455 -0.0076710133389993156 0.0012045402068321073 0.0043405075526894319 -0.0010314729248904447 0.0080053386165562911
leaf_weight=3075 43 26 50 25 20 105 32 124 26 50 39 35 27 30 52 22 23 458 47 23 24 57 57 29 225 22 410 38 158 33
leaf_count=3075 43 26 50 25 20 105 32 124 26 50 39 35 27 30 52 22 23 458 47 23 24 57 57 29 225 22 410 38 158 33
internal_value=-5.25886e-12 0.000131449 -0.000247285 -0.00198186 -0.00266972 -0.00140773 0.00173696 0.00130103 0.00189201 0.00231299 0.00347334 0.00110628 0.00492828 0.000572465 -0.00058082 -0.00711673 -2.18111e-05 -0.000879062 0.000380168 -0.0054583 -0.00280453 0.00014762 0.000323693 -0.00265004 0.000594893 0.00114877 0.000684274 -0.000837195 0.000990125 0.00171115
internal_weight=5385 3516 1869 215 190 148 441 388 356 330 198 74 53 132 102 42 1654 528 1126 70 47 1079 1029 86 943 680 623 263 601 443
internal_count=5385 3516 1869 215 190 148 441 388 356 330 198 74 53 132 102 42 1654 528 1126 70 47 1079 1029 86 943 680 623 263 601 443
is_linear=0
shrinkage=0.05


Tree=103
num_leaves=31
num_cat=0
split_feature=13 13 10 6 14 4 1 6 6 3 7 2 8 8 6 10 14 7 5 0 5 10 3 3 8 2 8 2 3 13
split_gain=0.0690399 0.246343 0.627346 0.59233 0.535491 0.421761 0.365156 0.334761 0.350295 0.262786 0.383887 0.469041 0.320068 0.34133 0.31129 0.523579 0.429841 0.419453 0.386958 0.385578 0.324454 0.607258 0.591099 0.538774 0.477306 0.478534 0.449185 0.408922 0.406508 0.326499
threshold=0.45331825249563457 0.63564806695432108 0.43006144855426898 0.02734671298289074 2.020194668626385 0.19354955844668983 -0.14173707939735139 0.015621393142882542 0.027475414269646073 -0.015811605761959443 0.16841784649409411 -0.010164909608943283 -0.083478276002842328 0.56070509767730714 0.018565504819178246 0.12065270934158775 0.34394618670768989 0.052293588525240665 56.182235428296622 -0.017822717378599248 54.926996260972508 0.52631890694844929 0.20083797292466635 0.091084937869808438 -0.062505328471271646 0.035217778973585474 -0.3074476425966135 0.12926051261658425 0.13907978707096261 0.95869300787138201
decision_type=2 2 2 2 2 2 2 2 2 2 2 2 2 2 2 2 2 2 2 2 2 2 2 2 2 2 2 2 2 2
left_child=-1 2 4 5 6 -4 -2 -8 -9 10 11 -3 -12 -14 15 16 -11 -16 -17 -18 21 23 -23 24 25 -19 -22 -24 -28 -30
right_child=1 9 3 -5 -6 -7 7 8 -10 14 12 -13 13 -15 17 18 19 20 -20 -21 26 22 27 -25 -26 -27 28 -29 29 -31
leaf_value=0.00013052908411835304 -0.0090185471844893908 -0.00057862795592882326 -0.00026108899518199587 -0.0030047252567278015 0.0023510360088118392 0.0083174347693688779 -0.0075421816261950882 -0.0010124148601052356 -0.0071110603144916244 0.0053290363182895819 -0.0012216790669611587 -0.0045077385528033862 0.0074519699788652364 0.00069703118125390671 -0.0068384724245830024 0.0076492997536541157 -0.006339350756024942 -0.0011580084773918822 0.0018520415161869357 0.00025764739619708567 -0.0061618678026685589 -0.0069053889787755911 0.0058387325555086141 0.0010312316873266052 0.01259099747054279 0.0082556735465510022 -0.0038761394831245063 -0.0022379543590692005 0.0035904023060164252 -0.00073966308519020992
leaf_weight=3516 27 256 23 36 46 38 32 148 28 32 67 108 32 45 22 53 28 27 63 106 38 40 25 210 20 27 61 42 68 121
leaf_count=3516 27 256 23 36 46 38 32 148 28 32 67 108 32 45 22 53 28 27 63 106 38 40 25 210 20 27 61 42 68 121
internal_value=-4.33423e-12 -0.000245554 -0.00138562 0.00208131 -0.00258238 0.00508291 -0.00354808 -0.00283797 -0.00198265 4.34758e-05 -0.000879897 -0.00174441 0.0013054 0.00350428 0.000520661 0.00192351 0.000122518 -4.36798e-05 0.00450079 -0.00112083 0.000176476 0.00111451 -0.00209571 0.002324 0.00599266 0.00354883 -0.00109704 0.000775735 -0.000327186 0.000818244
internal_weight=5385 1869 378 97 281 61 235 208 176 1491 508 364 144 77 983 282 166 701 116 134 679 391 107 284 74 54 288 67 250 189
internal_count=5385 1869 378 97 281 61 235 208 176 1491 508 364 144 77 983 282 166 701 116 134 679 391 107 284 74 54 288 67 250 189
is_linear=0
shrinkage=0.05


Tree=104
num_leaves=31
num_cat=0
split_feature=9 6 2 2 12 9 2 0 0 0 14 1 0 12 5 12 7 1 14 1 10 2 7 9 10 14 2 14 5 4
split_gain=0.0718067 0.126158 0.093365 0.393497 0.290787 0.339525 0.257497 0.219949 0.236676 0.195519 0.208414 0.170061 0.166702 0.721868 0.282197 0.276423 0.268282 0.162734 0.357103 0.346031 0.252824 0.347884 0.295674 0.251665 0.40646 0.235972 0.309968 0.21111 0.207207 0.181129
threshold=-0.16591088388161881 0.085824909515252526 0.39169868010079351 0.32129235467822298 0.86989656513407287 1.2194481329819966 0.4000382714916752 0.090036212904487281 0.042440499213466383 0.090036212904487281 2.4325429107383121 0.22739742927546583 0.17934120219217323 -0.9407094270501456 75.204143467449271 -0.17081181478254312 0.23654078988257571 0.30834777292944177 3.2516352246451956 0.16608255868138869 -0.353781618881094 0.48824404017538564 0.14340811662260408 2.3234370968981115 0.094504176622295127 3.4518276075304875 0.55660832318924292 1.717865066179004 64.288176289252746 0.31140319235819108
decision_type=2 2 2 2 2 2 2 2 2 2 2 2 2 2 2 2 2 2 2 2 2 2 2 2 2 2 2 2 2 2
left_child=-1 2 3 12 5 7 -4 8 -5 10 -7 -9 -2 -14 15 -15 -17 19 27 20 21 -8 -22 24 -20 26 -21 28 -19 -28
right_child=1 -3 6 4 -6 9 17 11 -10 -11 -12 -13 13 14 -16 16 -18 18 23 25 22 -23 -24 -25 -26 -27 29 -29 -30 -31
leaf_value=0.0025720479484233594 -1.3128480072262129e-05 -0.0039766518212854861 0.0060843537816600429 -0.0047022695791114266 0.0032515042420962585 -0.0049704018714172502 0.0070787816587835548 -0.0041798429644626127 0.00096244971750171059 0.0028136372015896173 0.001712426538579166 -0.010403200085385748 -0.0066177810941423698 0.0087415995262563242 -0.001342392551874661 0.0066942632562764313 -0.00059373387401657444 0.0022503837499590145 -0.0096083110250118706 0.0037814497156156875 0.00028904842562042175 -0.0017684762369026431 -0.006104638024981162 0.00048349918625145049 -0.00033344063641769546 0.0062470781151205308 0.0014891761931635087 0.002869653661818758 -0.0043718049595891329 -0.0051594338938593873
leaf_weight=27 4509 20 21 54 23 28 20 23 28 33 20 21 21 30 23 23 28 21 27 66 40 25 33 27 21 38 21 67 27 20
leaf_count=27 4509 20 21 54 23 28 20 23 28 33 20 21 21 30 23 23 28 21 27 66 40 25 33 27 21 38 21 67 27 20
internal_value=1.54761e-12 -1.2961e-05 1.8898e-06 -6.33879e-05 -0.00208202 -0.00267464 0.000671744 -0.00429823 -0.00276798 -0.000149046 -0.00218589 -0.00715008 3.68034e-05 0.00183794 0.00354535 0.00493323 0.00269301 0.000420828 -0.000694137 0.00122632 -0.00078413 0.00216364 -0.00260125 -0.0033783 -0.00555056 0.0028624 0.00166037 0.0010564 -0.0014746 -0.00175405
internal_weight=5385 5358 5338 4864 230 207 474 126 82 81 48 44 4634 125 104 81 51 453 190 263 118 45 73 75 48 145 107 115 48 41
internal_count=5385 5358 5338 4864 230 207 474 126 82 81 48 44 4634 125 104 81 51 453 190 263 118 45 73 75 48 145 107 115 48 41
is_linear=0
shrinkage=0.05


Tree=105
num_leaves=31
num_cat=0
split_feature=11 6 12 5 11 7 13 11 13 2 6 5 5 13 3 5 7 2 12 14 2 2 8 6 8 0 7 6 7 5
split_gain=0.0692289 0.334125 0.338044 0.329816 0.298547 0.236985 0.260273 0.448781 0.448752 0.403041 0.333816 0.281472 0.482056 0.513383 0.381715 0.466664 0.714075 0.3873 0.386801 0.525241 0.379656 0.599641 0.507963 0.441574 0.39576 0.38208 0.37665 0.351749 0.425495 0.360688
threshold=0.71296403861436064 0.05455862507183943 -1.4283111747299915 33.223324651559864 0.61440294607210488 0.31855687049745024 0.5399585864160289 0.78475407489757909 0.63564806695432108 0.29033795413316438 0.030505162332811014 50.92266821331517 58.726146902719556 -1.5500913068033981 0.43544968821390156 70.000524618292005 0.16841784649409411 0.0021626668439049816 0.044098704111630256 0.93046005083196104 0.0063757214311531705 0.087846891995145296 0.087534486311446738 0.021669492516036743 -0.32497844886455002 -0.0089356759308604743 0.097805834751239371 0.018894156712631682 0.059960938557575276 55.176491408652474
decision_type=2 2 2 2 2 2 2 2 2 2 2 2 2 2 2 2 2 2 2 2 2 2 2 2 2 2 2 2 2 2
left_child=4 3 -3 -2 -1 6 7 -5 -8 10 -10 20 27 -14 15 17 -17 -15 -19 -20 22 25 23 -9 -25 -22 -24 -13 -29 -30
right_child=1 2 -4 5 -6 -7 8 11 9 -11 -12 12 13 14 -16 16 -18 18 19 -21 21 -23 26 24 -26 -27 -28 28 29 -31
leaf_value=-3.8360057464703935e-06 0.0040790588350500907 0.0011980664866444255 -0.0070731944932291907 0.0036457996658109462 -0.0019406153914696051 0.0052072824987893307 -0.0066866342321736747 -0.0024335286141756703 -0.00057778915946894304 -0.0064665617336603729 0.006022127794101835 -0.0012184632134021206 -0.0067655542351562408 0.0044440293275069317 -0.0026295345369726423 0.0088263487125315315 -0.0025116461040895609 0.0015368316750229698 -0.0091606628824153855 6.2699582089077342e-05 -0.0037213123717304807 -0.00047196098148150555 0.00093288853806572857 0.0012258169944134524 0.0075643212443379602 -0.011860781943514235 -0.0062508134158781245 0.0093991822992952976 0.00070727103025178023 0.0053320431290194391
leaf_weight=3789 60 21 30 101 210 24 35 34 82 22 25 51 29 35 85 41 21 54 29 33 46 133 36 53 46 21 37 26 106 70
leaf_count=3789 60 21 30 101 210 24 35 34 82 22 25 51 29 35 85 41 21 54 29 33 46 133 36 53 46 21 37 26 106 70
internal_value=-2.39559e-12 0.000304519 -0.00366738 0.000456255 -0.000105542 0.00028577 0.000191352 0.000471485 -0.00166538 -0.000303022 0.000964248 0.000146327 0.000853129 -0.000414789 0.000203239 0.00133369 0.00498606 -0.000165962 -0.00155691 -0.00425145 -0.000863391 -0.00241514 0.00064316 0.00248261 0.00417098 -0.00627249 -0.00270817 0.0024919 0.00342868 0.00254667
internal_weight=5385 1386 51 1335 3999 1275 1251 1087 164 129 107 986 580 327 298 213 62 151 116 62 406 200 206 133 99 67 73 253 202 176
internal_count=5385 1386 51 1335 3999 1275 1251 1087 164 129 107 986 580 327 298 213 62 151 116 62 406 200 206 133 99 67 73 253 202 176
is_linear=0
shrinkage=0.05


Tree=106
num_leaves=31
num_cat=0
split_feature=1 5 5 13 0 8 5 0 2 3 3 2 6 2 4 3 14 1 2 14 2 13 2 2 2 8 5 13 13 5
split_gain=0.0659688 0.192997 0.236549 0.358641 0.317166 0.292387 0.303347 0.239953 0.222727 0.252916 0.21177 0.222507 0.326872 0.335755 0.21939 0.214401 0.215999 0.202196 0.195837 0.330218 0.44641 0.249328 0.286038 0.324176 0.377611 0.263246 0.288719 0.306197 0.375537 0.351172
threshold=-0.046787291016576353 61.180342474250189 52.78436722409905 0.033672030692602335 0.042440499213466383 0.63347116530030712 54.926996260972508 0.069466179927698116 -0.040544216663354719 -0.028958032692841359 0.77809271779837519 0.12926051261658425 0.035734364008198898 0.15131191223154974 0.25067704748136471 0.44526966695492037 1.2893154265361644 -0.050979086008398171 -0.030507845119928153 0.83450085550456354 0.037251908736316459 -1.877927177076564 -0.1479925106805772 -0.13700654007022986 -0.1294607381555781 0.98967603142997185 34.65259985037882 -0.21098503041659694 0.14616175514100857 44.440246879706656
decision_type=2 2 2 2 2 2 2 2 2 2 2 2 2 2 2 2 2 2 2 2 2 2 2 2 2 2 2 2 2 2
left_child=1 2 4 5 10 -4 -7 -6 9 -5 11 15 13 -13 -15 16 17 18 21 -20 -21 -1 -23 -24 -25 26 -26 29 -29 -28
right_child=-2 -3 3 8 7 6 -8 -9 -10 -11 -12 12 -14 14 -16 -17 -18 -19 19 20 -22 22 23 24 25 -27 27 28 -30 -31
leaf_value=0.0053037990050922544 -0.00011357964406599072 0.0039415932912379506 -0.0073937477289953025 0.00085202803628312224 0.0068409717698214639 -0.0064556105062365532 0.00070845485199242829 -9.9657098762691017e-05 0.0032994576786748234 -0.0057932643286351653 0.0046575274628897516 -0.0055182834875515917 -0.0069114955064903299 -0.0010418085219238752 0.0056304487399756915 0.0040189874979356926 -0.0032701128240053856 0.0044319374548892187 -0.0016918148294919066 -0.0029090095497667791 0.0068010347224932545 -0.00036111912660314428 0.0065529318914438299 -0.0049141251159502044 0.0042469525071619834 0.0055497863707510203 -0.007265002601063596 0.0059193951201022554 -0.00015584100683284279 0.00080476823994623777
leaf_weight=28 3789 35 33 45 33 22 45 20 45 21 27 22 26 28 22 39 42 30 225 20 29 425 30 24 54 37 26 34 101 28
leaf_count=28 3789 35 33 45 33 22 45 20 45 21 27 22 26 28 22 39 42 30 225 20 29 425 30 24 54 37 26 34 101 28
internal_value=-2.8585e-12 0.000269645 0.000187314 -0.00136957 0.000430649 -0.00354137 -0.00164392 0.00422187 0.000587012 -0.00126238 0.000275726 0.00018257 -0.00210614 -0.000370875 0.00189398 0.000373947 0.000248478 0.000383932 0.000269474 -0.000881783 0.00283775 0.000670292 0.000499359 0.00159428 0.00110494 0.00162086 0.00102263 0.000101391 0.00137422 -0.00308068
internal_weight=5385 1596 1561 211 1350 100 67 53 111 66 1297 1270 98 72 50 1172 1133 1091 1061 274 49 787 759 334 304 280 243 189 135 54
internal_count=5385 1596 1561 211 1350 100 67 53 111 66 1297 1270 98 72 50 1172 1133 1091 1061 274 49 787 759 334 304 280 243 189 135 54
is_linear=0
shrinkage=0.05


Tree=107
num_leaves=31
num_cat=0
split_feature=9 6 2 2 13 13 3 12 12 2 1 12 9 10 9 0 14 14 2 0 8 2 10 8 14 0 13 9 7 9
split_gain=0.0649089 0.111605 0.0883293 0.344891 0.485545 0.281226 0.432674 0.363841 0.305647 0.299059 0.565697 0.249383 0.262064 0.245847 0.241143 0.226168 0.21989 0.217905 0.209214 0.208801 0.206833 0.250125 0.190498 0.183295 0.174351 0.14885 0.187929 0.138484 0.442956 0.340437
threshold=-0.16591088388161881 0.085824909515252526 0.39169868010079351 0.32129235467822298 -1.1550350254782324 1.0479956099236676 0.4755595142512597 -0.96828375010053513 -0.40249203824097757 0.44789669985159458 0.18666662668120218 0.73946868041078251 1.1759203391217625 0.094504176622295127 1.568883048059506 0.090036212904487281 2.7720167022019981 2.7295247531538496 0.34710716980237349 0.027874280242036979 0.043096301620544182 0.48824404017538564 -0.8401194381947733 -0.49320430911991081 1.8893284687097076 0.22951149465883205 -0.2703984993321939 1.2233763721532311 0.073448451814764296 1.0524150363114964
decision_type=2 2 2 2 2 2 2 2 2 2 2 2 2 2 2 2 2 2 2 2 2 2 2 2 2 2 2 2 2 2
left_child=-1 2 3 25 -5 6 19 22 13 -10 -11 12 17 16 23 24 -9 18 -6 -4 -21 -22 -8 -7 -14 27 -27 29 -29 -2
right_child=1 -3 5 4 11 14 7 8 9 10 -12 -13 15 -15 -16 -17 -18 -19 -20 20 21 -23 -24 -25 -26 26 -28 28 -30 -31
leaf_value=0.0024453936627617592 -7.5848029662602828e-05 -0.0037403997033834458 0.0003783470696631681 0.0044833107135043701 -0.010203335749415253 0.0035204918744663398 0.0060620602632739723 -0.0017310627922415734 0.0044533482350006294 -0.0062339648131676251 0.0015463854203699159 0.0023888021884929567 -0.0068730397859499571 0.00071581433648648478 -0.0050835431022902156 0.0018065063389284272 -0.0087649298254400491 -0.0018676443879182142 -0.0044963210649300546 0.0086096428184499665 0.0071222284476971254 -0.0007854423226672226 0.0005821721853110297 -0.0021527568260873006 -0.00057167805245389111 -0.00057594674467311606 0.0055744863425691927 -0.0028623476931498751 -8.4397181244291221e-05 0.0012076471487844501
leaf_weight=27 2629 20 27 26 26 24 35 20 37 33 80 21 21 23 35 35 25 36 42 31 20 20 29 35 23 23 27 164 1148 643
leaf_count=27 2629 20 27 26 26 24 35 20 37 33 80 21 21 23 35 35 25 36 42 31 20 20 29 35 23 23 27 164 1148 643
internal_value=-1.12213e-12 -1.23228e-05 1.64525e-06 -6.18477e-05 -0.0019517 0.000653185 0.00125892 0.00026432 -0.000708793 0.000551759 -0.000725752 -0.00277185 -0.00336406 -0.00348942 -0.00179552 -0.0011931 -0.00563877 -0.00501315 -0.00667841 0.00412092 0.00554415 0.00316839 0.00357899 0.000155005 -0.00357915 3.19517e-05 0.00274529 2.35595e-06 -0.000431641 0.000176379
internal_weight=5385 5358 5338 4864 230 474 380 282 218 150 113 204 183 68 94 79 45 104 68 98 71 40 64 59 44 4634 50 4584 1312 3272
internal_count=5385 5358 5338 4864 230 474 380 282 218 150 113 204 183 68 94 79 45 104 68 98 71 40 64 59 44 4634 50 4584 1312 3272
is_linear=0
shrinkage=0.05


Tree=108
num_leaves=31
num_cat=0
split_feature=2 3 4 4 5 8 8 8 10 0 8 7 1 9 2 5 5 7 3 10 10 2 4 10 4 9 13 5 6 10
split_gain=0.0651416 0.140444 0.080533 0.285953 0.335238 0.324891 0.415672 0.407436 0.285111 0.282694 0.402135 0.261254 0.238356 0.204732 0.202819 0.322307 0.379663 0.19828 0.189488 0.188166 0.163889 0.273754 0.308376 0.17338 0.327145 0.348498 0.349375 0.455706 0.308594 0.278776
threshold=1.7049724329315799 2.6845325874711881 0.4125272190412837 0.425641220377804 59.8275246801919 -0.8730856406133779 -0.47721762191802813 0.17188112498060001 -0.12781062020428749 -0.0055690070367281344 1.384784087966773 0.17738712899905681 -0.15409085169760825 1.4256482022210977 0.63141482253542935 60.610368536502939 66.914822566583794 0.18234805354456776 0.87164761198867902 -2.2409912404585275 -1.387789667222046 0.012663820938457084 0.25370678732539048 -0.60706591376043928 0.37465186544712598 0.5201669344991523 -1.4645995337883191 58.185979546400148 0.038686678119361557 -0.55411597584032868
decision_type=2 2 2 2 2 2 2 2 2 2 2 2 2 2 2 2 2 2 2 2 2 2 2 2 2 2 2 2 2 2
left_child=1 2 14 8 5 12 -7 17 -4 11 -11 -9 -5 -13 19 -16 -17 -8 -14 -1 21 -21 -23 24 25 -22 27 -27 -28 -25
right_child=-2 -3 3 4 -6 6 7 9 -10 10 -12 13 18 -15 15 16 -18 -19 -20 20 23 22 -24 29 -26 26 28 -29 -30 -31
leaf_value=-0.0041490341226259869 -0.0027793366423187159 0.0036767712731559116 0.00024310097528191713 0.002719287778295222 -0.0031248965325128093 0.0068650634766527219 0.0010845040869233865 -0.0035860299615672339 -0.00658908304443734 0.010063402749517043 0.00098721174379953975 6.7805431133724362e-05 -0.0057415339679114134 0.0060446500150567808 0.0070058167808585703 -0.0050214905012398968 0.004306219106850525 -0.0049984312943510108 -0.00051945475279353566 0.0061562219088704424 0.0029138726249769119 0.0040404288752359302 -0.0046347357807098892 0.0023708229942733146 -0.0059787317179143436 0.0045146516163367774 -0.0014284926095144833 -0.0038979863705621526 0.004601059485734864 5.8465178208405311e-05
leaf_weight=27 21 26 26 21 76 32 21 27 37 23 26 38 38 23 27 20 24 37 32 29 69 21 20 135 28 60 599 22 22 3778
leaf_count=27 21 26 26 21 76 32 21 27 37 23 26 38 38 23 27 20 24 37 32 29 69 21 20 135 28 60 599 22 22 3778
internal_value=-2.74252e-12 1.08811e-05 -6.97452e-06 -0.000641668 -0.00014154 0.000571463 0.00158335 0.000716611 -0.00376945 0.0022037 0.00524746 0.000508872 -0.0019527 0.00232137 5.24508e-05 0.0027053 6.63511e-05 -0.00279599 -0.0033543 1.32922e-05 3.67885e-05 0.00243835 -0.000191359 1.11922e-06 -0.000669585 -0.000477025 -0.000809844 0.0022576 -0.00121489 0.000138242
internal_weight=5385 5364 5338 457 394 318 227 195 63 137 49 88 91 61 4881 71 44 58 70 4810 4783 70 41 4713 800 772 703 82 621 3913
internal_count=5385 5364 5338 457 394 318 227 195 63 137 49 88 91 61 4881 71 44 58 70 4810 4783 70 41 4713 800 772 703 82 621 3913
is_linear=0
shrinkage=0.05


Tree=109
num_leaves=31
num_cat=0
split_feature=9 9 7 5 1 9 1 13 5 6 1 1 13 6 2 0 7 0 11 2 2 13 12 9 4 2 0 12 4 2
split_gain=0.0642364 0.135037 0.342188 0.280225 0.2917 0.130346 0.250983 0.1524 0.126176 0.123977 0.102917 0.239905 0.454566 0.359585 0.18468 0.365179 0.337358 0.374398 0.236599 0.254843 0.211611 0.313373 0.375851 0.252633 0.233065 0.223088 0.222469 0.198072 0.180962 0.342622
threshold=3.1107743662355696 2.2476648426633665 0.15069483779831919 63.709866315363861 -0.023491536659647923 2.0201836482695299 -0.070731441383970625 -0.10521366160223845 49.713842728104993 0.035141452383263612 0.65130789958726953 0.34611718571419209 0.34543743042982983 0.030369006941814866 0.39169868010079351 -0.042786560908523223 0.11755659562162765 0.044536250968376885 0.31186053383294926 0.44789669985159458 0.3047722361945559 -1.1550350254782324 0.73946868041078251 1.6671900724878974 0.23868775315549587 0.35461612034810669 0.22951149465883205 -0.42612984392852499 0.30433937561307939 0.60322085205874199
decision_type=2 2 2 2 2 2 2 2 2 2 2 2 2 2 2 2 2 2 2 2 2 2 2 2 2 2 2 2 2 2
left_child=1 5 9 4 -4 10 -7 -8 -2 -3 11 14 13 -13 20 -16 18 -18 -17 -20 26 -22 23 24 27 -26 -1 -23 -19 -30
right_child=8 2 3 -5 -6 6 7 -9 -10 -11 -12 12 -14 -15 15 16 17 28 19 -21 21 22 -24 -25 25 -27 -28 -29 29 -31
leaf_value=2.339970478431753e-05 0.00092652049846947198 0.0005642072341981388 0.0015685720635311947 -0.0010051092095673085 0.008556684959330596 0.0018877275221581972 -0.0063382772542536258 -0.0011081796497679674 -0.0045607442954364655 -0.0049363672290928667 0.0027914927450403797 0.0033537942771282464 -0.0055442499404307457 -0.002967112022969458 -0.0033440981791096019 0.0024769616925135948 0.0096386441452936695 0.0044576988105886972 0.0014457991558381102 -0.0057453950301610997 0.003669498543496485 0.0018003061827686099 0.004346437725637641 0.0022667729417267051 -0.0082443128742680349 -0.0023872401613485202 0.0037691794913553168 -0.0030763314164417624 -0.0032821642126534775 0.004622318144314564
leaf_weight=4395 20 21 28 25 32 28 30 26 22 20 33 45 56 45 36 43 22 58 22 28 27 27 21 23 37 29 40 91 29 26
leaf_count=4395 20 21 28 25 32 28 30 26 22 20 33 45 56 45 36 43 22 58 22 28 27 27 21 23 37 29 40 91 29 26
internal_value=5.0098e-12 1.53109e-05 0.00163276 0.00344243 0.00529557 -2.37533e-05 -0.00197744 -0.00391002 -0.00194776 -0.002119 8.21808e-06 -9.79135e-06 -0.00200738 0.000193341 4.90798e-05 0.00133581 0.00207474 0.00367107 -0.000242517 -0.00258127 -2.33499e-05 -0.001424 -0.00202718 -0.00267378 -0.00329134 -0.00567075 5.71835e-05 -0.00196049 0.00250924 0.0004545
internal_weight=5385 5343 126 85 60 5217 84 56 42 41 5133 5100 146 90 4954 264 228 135 93 50 4690 255 228 207 184 66 4435 118 113 55
internal_count=5385 5343 126 85 60 5217 84 56 42 41 5133 5100 146 90 4954 264 228 135 93 50 4690 255 228 207 184 66 4435 118 113 55
is_linear=0
shrinkage=0.05


Tree=110
num_leaves=31
num_cat=0
split_feature=6 0 3 6 14 0 0 1 1 12 1 13 11 1 6 6 13 6 13 11 6 11 12 11 11 8 8 9 8 11
split_gain=0.0633587 0.166697 0.198027 0.0764897 0.25514 0.0814518 0.306031 0.522696 0.459954 0.431755 0.429084 0.37386 0.259628 0.237469 0.686913 0.521339 0.497883 0.368681 0.377571 0.42883 0.437282 0.331066 0.330424 0.24431 0.451584 0.255874 0.408408 0.287425 0.269668 0.328349
threshold=0.012486142167803716 0.042440499213466383 0.11871710360993272 0.01306964899908806 1.2646148627298353 0.042440499213466383 0.031615952967665402 0.022175590121460757 0.09740312987871115 0.15004132734860384 -0.0091589358444890117 -2.6141283894273584 0.022879822988386481 0.0053524127013445675 0.036702479611648804 0.049263822989543758 -0.56238004776465444 0.030369006941814866 -0.75004197504052728 -0.12155155735895661 0.021224535058105093 1.0435287470675696 -0.41396651961325515 0.8114264825415427 0.76251914756130657 2.7111983139104141 2.1951493665222959 0.88197486355250965 1.6463357745549596 -0.35712974109468892
decision_type=2 2 2 2 2 2 2 2 2 2 2 2 2 2 2 2 2 2 2 2 2 2 2 2 2 2 2 2 2 2
left_child=1 2 -1 4 -2 6 11 10 9 -9 12 -5 -8 14 17 16 -16 18 -7 20 -20 22 -21 24 25 26 28 -28 29 -15
right_child=3 -3 -4 5 -6 13 7 8 -10 -11 -12 -13 -14 23 15 -17 -18 -19 19 21 -22 -23 -24 -25 -26 -27 27 -29 -30 -31
leaf_value=-0.00019393985359264271 0.0020756716059986504 -0.0020140174860981378 0.0065216653312192025 0.0064793307080187592 -0.0055708745620601501 -0.0032270180119667205 -0.0071461248095147315 -0.0025348752617719585 -0.0022279766092348535 0.0065411509757579648 -0.011170926441748937 -6.1352349076643599e-05 -0.00065464678817417831 0.0012685162416940781 -0.010918050573673101 0.0032401872362243012 -0.00093125294750699629 0.0068075971957031554 -0.0059062645576583844 0.001513320451666569 0.0023043596908682959 -0.0002794611167960933 0.0079628869536377128 0.0011492253707563744 -0.0074497700372541499 -0.002607060269185561 0.0092097652284428479 0.00073295282199978837 -0.0041520245907055893 -0.00068140103587188174
leaf_weight=21 20 22 23 22 24 32 24 20 96 38 21 3153 43 329 24 24 26 44 24 29 50 28 63 352 22 102 20 20 41 628
leaf_count=21 20 22 23 22 24 32 24 20 96 38 21 3153 43 329 24 24 26 44 24 29 50 28 63 352 22 102 20 20 41 628
internal_value=8.15177e-12 0.00153965 0.00331649 -1.91046e-05 -0.00209517 -1.7876e-06 -0.000146668 -0.0018606 -0.000104023 0.00341149 -0.00493462 -1.60311e-05 -0.00297995 0.000264658 0.00145052 -0.00281731 -0.00572492 0.00262022 0.00180498 0.002635 -0.000358545 0.00448103 0.00592987 -4.78495e-06 -0.000354365 -0.000217436 1.73828e-05 0.00497136 -0.000181173 -1.10533e-05
internal_weight=5385 66 44 5319 44 5275 3417 242 154 58 88 3175 67 1858 344 74 50 270 226 194 74 120 92 1514 1162 1140 1038 40 998 957
internal_count=5385 66 44 5319 44 5275 3417 242 154 58 88 3175 67 1858 344 74 50 270 226 194 74 120 92 1514 1162 1140 1038 40 998 957
is_linear=0
shrinkage=0.05


Tree=111
num_leaves=31
num_cat=0
split_feature=10 10 1 9 9 0 0 7 5 2 5 7 2 9 9 8 7 11 10 3 3 8 5 7 10 8 0 9 0 0
split_gain=0.0607138 0.282981 0.345209 0.220695 0.200354 0.29204 0.264952 0.338343 0.252802 0.305833 0.257173 0.2201 0.395175 0.471371 0.345907 0.31722 0.306069 0.342723 0.299182 0.294867 0.237895 0.214649 0.417864 0.328959 0.318293 0.267571 0.2524 0.33546 0.247897 0.316437
threshold=-0.60706591376043928 -0.5734149920168643 0.015431556381686253 1.0991974305315149 0.5201669344991523 -0.012512830562128872 0.2029621693351136 0.29847927193297769 65.395442584442236 0.11553131150339958 64.504249394947294 0.13472728399342015 0.092747617831717824 2.8371472238925382 1.0126831913398544 0.71600790493616706 0.27456052767475791 1.202385295910535 -0.62338826215876819 -0.18093825161733892 0.21599459269338431 -0.078838953446618218 54.052081471471041 0.099146422632525391 -0.74745563857780584 0.37102995279264522 0.02707559926993142 0.93676464373620028 -0.028440318659642857 0.023366419836988287
decision_type=2 2 2 2 2 2 2 2 2 2 2 2 2 2 2 2 2 2 2 2 2 2 2 2 2 2 2 2 2 2
left_child=4 2 -2 -4 5 -1 8 -8 10 -10 11 18 15 14 -14 16 17 19 21 -13 -21 23 25 28 -25 -23 -24 -28 -6 -30
right_child=1 -3 3 -5 6 -7 7 -9 9 -11 -12 12 13 -15 -16 -17 -18 -19 -20 20 -22 22 26 24 -26 -27 27 -29 29 -31
leaf_value=0.006307565786496357 -0.0014565429867020455 2.6868474875251946e-05 0.0022861972470278051 0.0086301808342865959 0.0048678074814961295 -0.00010189125493455393 0.0064563923254415088 -0.00073327045473787524 0.0010813462702100407 -0.005343362170082154 0.0051212598849087951 -0.0097665855040152873 -0.0022858839270404794 -0.0048344399314373737 0.0046036631882054521 0.0029281200815898345 0.0023044138825659096 0.0012201934073377274 -0.007115363269778234 -0.00074498068377677664 -0.0073106096041473476 -0.0019405299671141586 -0.0083391460049296578 -0.00056688330112732589 -0.0074107930712077929 0.002496788580901921 0.0019977216365868631 -0.0055143244378130134 -0.0015219113038231931 0.0044169034834339984
leaf_weight=27 29 4222 29 26 40 52 30 36 27 59 20 24 22 20 106 37 29 29 21 37 22 98 31 65 23 52 23 42 75 32
leaf_count=27 29 4222 29 26 40 52 30 36 27 59 20 24 22 20 106 37 29 29 21 37 22 98 31 65 23 52 23 42 75 32
internal_value=-5.24487e-12 8.40417e-05 0.00295767 0.00528517 -0.000335388 0.00208868 -0.000526889 0.00253476 -0.000743237 -0.0033263 -0.000481275 -0.000616602 0.000394995 0.00230412 0.00341952 -0.00119237 -0.00227363 -0.00345902 -0.00127354 -0.00509392 -0.00319318 -0.00101849 -0.00205084 6.21881e-05 -0.00235563 -0.00040226 -0.00462675 -0.00285622 0.00150959 0.000254183
internal_weight=5385 4306 84 55 1079 79 1000 66 934 86 848 828 326 148 128 178 141 112 502 83 59 481 246 235 88 150 96 65 147 107
internal_count=5385 4306 84 55 1079 79 1000 66 934 86 848 828 326 148 128 178 141 112 502 83 59 481 246 235 88 150 96 65 147 107
is_linear=0
shrinkage=0.05


Tree=112
num_leaves=31
num_cat=0
split_feature=2 1 8 6 6 14 14 8 4 14 4 1 8 5 8 8 12 14 6 10 12 5 12 2 5 8 10 8 2 2
split_gain=0.0607471 0.0839095 0.211392 0.104873 0.130191 0.338038 0.275749 0.242705 0.162249 0.314873 0.253471 0.250529 0.302887 0.392773 0.360973 0.2083 0.185629 0.178526 0.162277 0.181237 0.173501 0.417127 0.280468 0.314042 0.43668 0.347091 0.308412 0.318863 0.153889 0.116662
threshold=1.7049724329315799 0.65130789958726953 0.13840003228017997 0.085824909515252526 0.055912505732324848 -0.56351590869096568 3.6665376921173354 0.24536857899685502 0.4125272190412837 -0.71517028734192734 0.43299123711800841 -0.15409085169760825 1.2975963219418611 64.706608040993927 -1.2429836964056145 0.011475470145419721 -0.92251357023976654 0.22859509225245947 0.048469864127497229 -2.2409912404585275 -2.0022627460437383 53.329504984178733 -1.3427867011817669 -0.082252567562290865 55.686702876545091 0.23840161919803707 -0.72210998692958361 -0.28340415875266139 0.3047722361945559 0.39169868010079351
decision_type=2 2 2 2 2 2 2 2 2 2 2 2 2 2 2 2 2 2 2 2 2 2 2 2 2 2 2 2 2 2
left_child=1 3 -3 4 8 -6 7 -7 18 -10 15 -12 14 -14 -13 -11 -16 -18 19 -1 21 -21 23 -22 26 -26 -25 -28 -19 -24
right_child=-2 2 -4 -5 5 6 -8 -9 9 10 11 12 13 -15 16 -17 17 28 -20 20 22 -23 29 24 25 -27 27 -29 -30 -31
leaf_value=-0.0040665145687482978 -0.0026839504971922865 0.005969849030952901 -0.0010587608198756758 -0.0036211076844483618 0.0058549637988428863 -0.0036012736822316504 0.0051633912639226769 0.0026893144139372139 -0.0058336632529972128 -0.0061809906997950751 0.0035265169630292804 -0.0048750109970569612 -0.0069983114652773923 0.0016987584353912446 0.0065189543768065048 -0.00070582735597303047 0.0043189026084012134 0.0019929217470979147 0.0040572802834212785 0.0059286374525216075 0.0019338795777002816 -0.0024911815843855342 1.6728347390382671e-05 -0.0088244108483195305 0.0056746808718889956 -0.0027738454000603772 0.00074192198059920761 -0.0075241416739299898 -0.0039910185549940384 0.0010546297858917125
leaf_weight=27 21 20 23 20 34 46 20 23 32 32 46 22 34 21 20 38 26 22 25 38 40 24 4286 36 20 31 28 20 21 289
leaf_count=27 21 20 23 20 34 46 20 23 32 32 46 22 34 21 20 38 26 22 25 38 40 24 4286 36 20 31 28 20 21 289
internal_value=4.92789e-12 1.05076e-05 0.00221036 -7.26978e-06 6.36477e-06 0.00161408 -6.02846e-06 -0.00150441 -3.18255e-05 -0.0011334 -0.000600031 0.000261341 -0.000643467 -0.00367761 0.000859939 -0.00320876 0.00227757 0.00104818 3.92873e-05 1.85289e-05 4.145e-05 0.00266935 7.14895e-06 -0.0019573 -0.00311025 0.000539302 -0.00532605 -0.00270227 -0.000929468 8.2292e-05
internal_weight=5385 5364 43 5321 5301 123 89 69 5178 314 282 212 166 55 111 70 89 69 4864 4839 4812 62 4750 175 135 51 84 48 43 4575
internal_count=5385 5364 43 5321 5301 123 89 69 5178 314 282 212 166 55 111 70 89 69 4864 4839 4812 62 4750 175 135 51 84 48 43 4575
is_linear=0
shrinkage=0.05


Tree=113
num_leaves=31
num_cat=0
split_feature=12 12 14 3 12 4 2 7 14 1 1 9 3 1 12 1 10 9 7 7 7 4 6 10 7 10 12 12 2 8
split_gain=0.0596258 0.0791113 0.269548 0.215492 0.112552 0.270072 0.104345 0.115318 0.114296 0.309394 0.259519 0.264775 0.173169 0.301759 0.273992 0.319429 0.318808 0.289193 0.302642 0.49676 0.74072 0.493861 0.453785 0.459453 0.377532 0.276469 0.252432 0.491016 0.373712 0.343462
threshold=2.5328300052630328 1.68547347627035 -0.64143309383293412 0.088703744054602032 1.5086215706724528 0.26942670001191465 -0.44745465206100027 0.49506453426054936 -1.2830040763175248 -0.20978731323643116 -0.14774530301765978 0.45001717706479544 -0.16868773711096954 0.19511595435795939 0.86989656513407287 0.053945839591459384 0.25621848831201688 1.5377644176809959 0.24348092138977118 0.19554506409214187 0.16953575592505807 0.33938231940019692 0.024888356458986263 0.23749003986536252 0.099874337373190888 0.64198223097577667 1.0103793461550141 1.1227635313810578 0.15361748488900731 -1.1212496955112385
decision_type=2 2 2 2 2 2 2 2 2 2 2 2 2 2 2 2 2 2 2 2 2 2 2 2 2 2 2 2 2 2
left_child=1 4 -3 -4 6 -6 -1 8 9 -8 -11 -12 13 14 15 17 -17 18 19 20 21 22 23 -10 -24 -16 -14 28 -28 -29
right_child=-2 2 3 -5 5 -7 7 -9 12 10 11 -13 26 -15 25 16 -18 -19 -20 -21 -22 -23 24 -25 -26 -27 27 29 -30 -31
leaf_value=0.0027958344400041933 0.0026590647353302867 -0.0049675270531545669 0.0038324149653177573 -0.0027536252189589586 0.0067969917436130345 -0.0012310219420628116 -0.00676231554142483 -0.0029709612774295791 -0.0073720901988313676 0.0044467531864277347 0.0028286910336464645 -0.0041885483510247087 2.9776250669512665e-05 0.0068100279108399449 0.0010781313003651028 -7.3583753692219045e-05 -0.0077910879667362452 0.0037758386760921867 0.0040318350563189245 -0.0058514458862574479 0.0090375867418267513 -0.006201065549006065 0.0076472074541795478 0.0021653730057827805 0.00049273168530177198 0.0087196053517982364 -0.0066557894150416066 0.0056142574144557693 0.00079073757743058004 -0.00089831362287624134
leaf_weight=33 21 34 27 23 20 22 23 33 28 22 20 41 4330 21 29 32 23 66 41 38 22 33 28 23 54 20 63 23 23 169
leaf_count=33 21 34 27 23 20 22 23 33 28 22 20 41 4330 21 29 32 23 66 41 38 22 33 28 23 54 20 63 23 23 169
internal_value=-7.7681e-12 -1.04102e-05 -0.00153279 0.000802836 1.38094e-05 0.00259184 -6.8621e-06 -2.46314e-05 -5.83226e-06 -0.00163077 -0.000208772 -0.00188781 2.81676e-05 0.000955416 0.000674073 0.000229155 -0.0033009 0.000812197 7.9612e-05 -0.000637384 0.000416522 -0.000726029 0.000632439 -0.00307088 0.00293572 0.0041971 -6.39939e-05 -0.00152451 -0.00466428 -0.000118162
internal_weight=5385 5364 84 50 5280 42 5238 5205 5172 106 83 61 5066 458 437 388 55 333 267 226 188 166 133 51 82 49 4608 278 86 192
internal_count=5385 5364 84 50 5280 42 5238 5205 5172 106 83 61 5066 458 437 388 55 333 267 226 188 166 133 51 82 49 4608 278 86 192
is_linear=0
shrinkage=0.05


Tree=114
num_leaves=31
num_cat=0
split_feature=8 13 14 5 10 1 2 5 7 11 5 4 9 5 11 2 2 9 1 2 11 11 5 5 4 14 4 11 4 7
split_gain=0.0625421 0.225026 0.341849 0.357395 0.273082 0.264761 0.278918 0.319612 0.290526 0.290774 0.249668 0.245797 0.317202 0.286643 0.378151 0.582931 0.351359 0.306128 0.257802 0.256626 0.236692 0.236774 0.226495 0.268713 0.194723 0.334853 0.238103 0.267283 0.173022 0.216001
threshold=-0.81054092511256415 0.71425213380775288 -0.056633361512937901 54.926996260972508 0.5158767932226368 -0.18896501241866323 -0.20329174419295562 36.007079050950892 0.20096468998274289 0.21945386592036251 37.687388458827733 0.16209163546765551 0.81999496422558005 41.369688045235236 0.18649533137513341 0.0021626668439049816 0.016182546129216439 1.3200509524547877 0.20022690858327288 0.092747617831717824 -0.1932840723553991 0.37048778322272652 53.329504984178733 37.039739542655902 0.30433937561307939 1.7596892552228789 0.25370678732539048 -0.34822051906943835 0.18911627593982736 0.1893578602449805
decision_type=2 2 2 2 2 2 2 2 2 2 2 2 2 2 2 2 2 2 2 2 2 2 2 2 2 2 2 2 2 2
left_child=1 4 10 24 5 -1 -7 28 11 -10 -3 -9 20 16 15 -15 -14 19 -17 -16 -13 -22 23 -6 26 -26 27 -4 -8 -30
right_child=-2 2 3 -5 22 6 7 8 9 -11 -12 12 13 14 17 18 -18 -19 -20 -21 21 -23 -24 -25 25 -27 -28 -29 29 -31
leaf_value=0.0040449802227544062 8.3017413314223634e-05 0.0011927395452706454 -0.0012494207238373549 -0.0033692064883115778 0.00013446381049496788 0.0043276876217402914 0.00046170898526906975 -0.0028030348075717168 -0.0067353416656260384 -4.6163072075807689e-05 -0.0057569938046591624 0.0034399062395095827 0.00021527470063037154 0.0058070833754280344 0.0097403432157906616 -0.0053298119796426581 0.0085343527607619762 -0.00011155641467277228 0.00049065085904051865 0.0027687282843875108 -0.0064972819053326497 -0.00092680927795859484 0.0021847975801210849 -0.0050621877297174281 -0.0025396138922694853 0.0044777229729601568 0.0093287395464722069 0.0054283158431306135 -0.0064414285737795438 -0.0013802915665232956
leaf_weight=33 4352 24 23 26 35 28 25 57 32 33 28 20 22 23 22 52 30 42 30 33 27 65 20 86 34 34 20 43 49 37
leaf_count=33 4352 24 23 26 35 28 25 57 32 33 28 20 22 23 22 52 30 42 30 33 27 65 20 86 34 34 20 43 49 37
internal_value=-1.59747e-12 -0.00034975 0.00102147 0.00205307 -0.000746909 -0.000320194 -0.00054994 -0.000777942 -0.000227109 -0.0033393 -0.00254942 0.000251123 0.00072677 0.00170421 0.000851992 -0.00122731 0.00501474 0.00310279 -0.00320037 0.00555737 -0.00148992 -0.00256162 -0.0027443 -0.00355902 0.00296852 0.000969055 0.00454948 0.00310123 -0.00319962 -0.00426396
internal_weight=5385 1033 232 180 801 660 627 599 488 65 52 423 366 254 202 105 52 97 82 55 112 92 141 121 154 68 86 66 111 86
internal_count=5385 1033 232 180 801 660 627 599 488 65 52 423 366 254 202 105 52 97 82 55 112 92 141 121 154 68 86 66 111 86
is_linear=0
shrinkage=0.05


Tree=115
num_leaves=31
num_cat=0
split_feature=13 13 0 10 3 11 8 5 5 14 14 8 0 4 3 14 5 13 2 3 11 14 11 7 3 2 13 2 7 13
split_gain=0.0612539 0.209938 0.45166 0.40388 0.396722 0.448148 0.383965 0.372946 0.764343 0.268042 0.299032 0.256284 0.250624 0.249068 0.22535 0.212733 0.211671 0.209361 0.287821 0.296684 0.319006 0.296265 0.278538 0.334923 0.348868 0.431644 0.426663 0.405318 0.389321 0.380761
threshold=0.45331825249563457 0.74956711371037665 -0.048998052447006717 0.43006144855426898 0.1209274528804213 0.3531817007489958 -0.38133530200317195 60.247440942582607 54.174767582611821 0.96328788673119459 1.1912531045879613 -0.13742475200988655 0.0089897917359426111 0.28977331737272854 0.31766806917862794 -0.57914386824697461 67.079978722959979 0.77720005240730072 0.3047722361945559 0.60000002152785881 -0.64158935670508344 1.9604432881811376 -0.9272760481440343 0.17113411577045776 -0.018580369175602737 -0.037255892884740398 0.89126416414150256 -0.16846894618505756 0.076409807454219117 1.2454602791927312
decision_type=2 2 2 2 2 2 2 2 2 2 2 2 2 2 2 2 2 2 2 2 2 2 2 2 2 2 2 2 2 2
left_child=-1 2 13 4 7 9 -5 8 15 -6 -11 14 -8 -2 -12 -4 -13 -3 19 21 -21 22 -19 24 25 26 -24 -28 -29 -30
right_child=1 17 3 6 5 -7 12 -9 -10 10 11 16 -14 -15 -16 -17 -18 18 -20 20 -22 -23 23 -25 -26 -27 27 28 29 -31
leaf_value=0.00012294877342566724 -0.0022174700948104651 0.0029546961853546758 -0.00075591025693762693 -0.0036812590313670432 0.006668389088008553 -0.002851628769004049 0.008063764775009908 -0.0076103860009295345 0.0050169235756320346 -0.0043913765111938119 0.0029817730002105239 0.0063202054335329775 0.002133091740145148 -0.0071150246378336411 -0.0042751761937562032 -0.0058867376109039225 -6.5216142684221274e-06 -0.0014081493427829381 -0.001820102952731996 0.0090104125998914236 0.00046023098402656618 -0.0040106188017511512 -0.0051290238672798433 0.003073954652265037 0.0012455830353420548 -0.0038766401047694438 -0.0020263717665026586 0.009695852956395936 0.0067787484487607371 -0.0021277266931325096
leaf_weight=3516 87 63 31 23 24 78 23 35 31 22 20 39 79 37 23 58 20 183 184 20 24 41 27 130 361 93 42 22 21 28
leaf_count=3516 87 63 31 23 24 78 23 35 31 22 20 39 79 37 23 58 20 183 184 20 24 41 27 130 361 93 42 22 21 28
internal_value=2.82353e-12 -0.000231294 -0.000974443 -0.000311706 -0.00112083 0.000215345 0.0021545 -0.00306905 -0.00174449 0.00183172 0.000895594 0.00203592 0.0034704 -0.00367884 -0.000899851 -0.0040996 0.00417555 0.000146579 -3.85623e-06 0.000333028 0.00434668 0.000146741 0.00033467 0.000775189 0.000272092 -0.00123619 0.000517821 0.00186707 0.00417023 0.00168933
internal_weight=5385 1869 630 506 381 226 125 155 120 148 124 102 102 124 43 89 59 1239 1176 992 44 948 907 724 594 233 140 113 71 49
internal_count=5385 1869 630 506 381 226 125 155 120 148 124 102 102 124 43 89 59 1239 1176 992 44 948 907 724 594 233 140 113 71 49
is_linear=0
shrinkage=0.05


Tree=116
num_leaves=31
num_cat=0
split_feature=0 11 0 14 2 7 14 7 1 0 0 5 3 13 11 11 0 2 0 3 3 4 8 5 6 1 13 3 4 7
split_gain=0.0599657 0.157215 0.115832 0.0912616 0.280151 0.303743 0.290425 0.236522 0.17619 0.123561 0.26899 0.139468 0.642145 0.36558 0.393504 0.365513 0.187098 0.320798 0.159095 0.166313 0.400572 0.312423 0.280016 0.274107 0.272091 0.232831 0.218764 0.244982 0.293236 0.233027
threshold=-0.22620884606256367 -0.030206472058177097 -0.20734230567070808 -1.1465150464825666 -0.24890613200727271 0.17113411577045776 -1.4920396847701178 0.16953575592505807 -0.13085288921455404 -0.16883922090759465 -0.15302548090226756 32.338779633588707 0.22921763005564769 -0.33340059430057434 -0.14206470688457432 0.64020873478767404 -0.12922439762308166 -0.055734375693427644 -0.12141096567686392 -0.34855250513673547 -0.23579057928422273 0.36874789072252084 0.59944866364934113 51.039777180956897 0.046508484138384758 -0.13869497587217786 -1.9937766041977227 -0.21370396158352625 0.29214234574759623 0.12420089359179777
decision_type=2 2 2 2 2 2 2 2 2 2 2 2 2 2 2 2 2 2 2 2 2 2 2 2 2 2 2 2 2 2
left_child=1 -1 -2 4 7 6 -6 -4 -8 -5 -11 12 13 -12 -15 -16 17 -13 -18 24 21 23 -23 25 -20 -21 29 28 -28 -22
right_child=2 -3 3 9 5 -7 8 -9 -10 10 11 16 -14 14 15 -17 18 -19 19 20 26 22 -24 -25 -26 -27 27 -29 -30 -31
leaf_value=-0.004694142821244896 0.0036357078574259178 0.0012895526159332977 -0.0010189079416868016 -0.0023175751113078814 0.0029292049684694838 -0.0080008603632450107 0.00060927529226649903 0.0050043513965127729 -0.0047942587222981579 0.0043717957179372517 -0.0025075589374561487 0.00052490204572677615 -0.0056082442331199462 0.0082055834797210986 -0.0013831564128243675 0.0065828387470295031 0.0039245967784574112 -0.0065862933719723392 -0.0073844103328883654 0.006154075715285554 0.00056595325433207971 -0.0049296051795993537 0.0031422712205147205 0.008597518386388267 6.4128501848741013e-06 8.148778548562213e-05 -0.0076206324026039194 4.2449137843921342e-05 0.00027993299202838293 -0.004525491239672357
leaf_weight=23 22 21 39 55 28 21 22 28 48 36 24 35 26 40 36 24 26 29 20 27 38 21 22 27 33 38 23 4474 24 55
leaf_count=23 22 21 39 55 28 21 22 28 48 36 24 35 26 40 36 24 26 29 20 27 38 21 22 27 33 38 23 4474 24 55
internal_value=8.69528e-12 -0.00183829 1.51441e-05 1.69046e-07 -0.00108783 -0.00254387 -0.00137452 0.00149828 -0.00309601 3.95939e-05 6.51245e-05 3.43747e-05 0.00153615 0.00303416 0.00436418 0.00180324 -1.16731e-05 -0.00269736 2.39284e-05 2.80857e-06 3.38942e-05 0.0027185 -0.000799808 0.00436293 -0.00278258 0.00260395 -4.46542e-05 4.7249e-06 -0.0035863 -0.00244512
internal_weight=5385 44 5341 5319 186 119 98 67 70 5133 5078 5042 150 124 100 60 4892 64 4828 4802 4749 135 43 92 53 65 4614 4521 47 93
internal_count=5385 44 5341 5319 186 119 98 67 70 5133 5078 5042 150 124 100 60 4892 64 4828 4802 4749 135 43 92 53 65 4614 4521 47 93
is_linear=0
shrinkage=0.05


Tree=117
num_leaves=31
num_cat=0
split_feature=6 2 4 5 10 13 13 0 6 4 3 9 6 4 4 13 2 2 4 5 5 0 4 9 3 10 5 4 7 0
split_gain=0.0587096 0.232478 0.157341 0.283679 0.230492 0.183564 0.154975 0.132047 0.105734 0.509007 0.301915 0.281545 0.208987 0.354806 0.205844 0.459817 0.236394 0.523514 0.11702 0.281174 0.294404 0.274411 0.269801 0.363261 0.246409 0.241026 0.22103 0.173753 0.296933 0.261848
threshold=0.012486142167803716 0.041071013558687482 0.13463427761245469 41.497296934180063 0.15762690563733608 0.51188100235627987 -0.02976306232456127 0.032546970466175169 0.014682043306144815 0.15842548718171437 0.0565048102923651 0.63322430087264792 0.014210350393499256 0.14126068509406464 0.14929300640750862 0.059664507073522673 0.049267781794636097 0.12007185495348395 0.15842548718171437 55.686702876545091 42.285367774019853 0.077992788711204311 0.1636228022749267 0.9118382123926827 0.20360901905764908 -0.096704363637967097 57.279280979724639 0.181001771428877 0.14340811662260408 0.092163353506477433
decision_type=2 2 2 2 2 2 2 2 2 2 2 2 2 2 2 2 2 2 2 2 2 2 2 2 2 2 2 2 2 2
left_child=1 -1 3 -2 5 6 -5 -3 9 10 -4 -12 13 -13 15 -10 -17 -18 19 20 -16 -21 23 25 -22 -20 -25 28 29 -24
right_child=2 7 8 4 -6 -7 -8 -9 14 -11 11 12 -14 -15 18 16 17 -19 22 21 24 -23 27 26 -26 -27 -28 -29 -30 -31
leaf_value=-0.0025754135142525905 0.0028910472506174338 0.0062361341754338991 0.0069850870191344415 -0.0059090864474207845 0.00089739365115140885 -0.0078991920687258247 -0.0004914052417558252 0.00068106809165328745 -0.0065191598346409129 -0.0059017228339577005 -0.0022782879076092633 0.0055949006525968965 0.007149060028181835 -0.0034912192573150003 -0.0014610455464571714 0.0031032704386032292 -0.0080005148447872629 0.0031639935448765756 -0.0016419285667806809 -0.0026870080264276251 0.008488173654393083 0.0040850576800515971 0.0010528514519440554 -0.0019290588313230763 0.0013696865731617437 -0.007512232481450257 0.005005958017427474 -4.4755085175761248e-05 -0.0030400588631448225 0.0058419208628155538
leaf_weight=23 27 23 29 22 30 24 33 20 39 21 37 22 22 21 20 36 21 21 34 52 31 21 360 27 20 36 20 4221 41 31
leaf_count=23 27 23 29 22 30 24 33 20 39 21 37 22 22 21 20 36 21 21 34 52 31 21 360 27 20 36 20 4221 41 31
internal_value=-2.71055e-12 0.00148209 -1.83903e-05 -0.00169718 -0.00283372 -0.00425059 -0.00265848 0.00365238 2.56606e-05 0.00132491 0.00248338 0.00120348 0.00318541 0.00115749 -1.35932e-05 -0.00208629 0.000130138 -0.00241826 3.57568e-05 0.00144006 0.00368037 -0.00073888 -6.63709e-06 -0.00237805 0.00569661 -0.00466094 0.00102201 5.29921e-05 0.00100806 0.00143255
internal_weight=5385 66 5319 136 109 79 55 43 5183 152 131 102 65 43 5031 117 78 42 4914 144 71 73 4770 117 51 70 47 4653 432 391
internal_count=5385 66 5319 136 109 79 55 43 5183 152 131 102 65 43 5031 117 78 42 4914 144 71 73 4770 117 51 70 47 4653 432 391
is_linear=0
shrinkage=0.05


Tree=118
num_leaves=31
num_cat=0
split_feature=11 6 12 11 5 9 5 9 13 9 13 9 9 7 12 10 11 2 2 2 8 9 11 6 8 5 5 9 13 7
split_gain=0.0590489 0.28746 0.300245 0.268515 0.262159 0.250436 0.307482 0.247825 0.28324 0.239916 0.22568 0.216949 0.601785 0.37849 0.310287 0.305031 0.288565 0.354958 0.252068 0.383905 0.249324 0.250914 0.249055 0.339461 0.299557 0.592591 0.281593 0.226966 0.21685 0.211965
threshold=0.71296403861436064 0.05455862507183943 -1.4283111747299915 0.61440294607210488 33.223324651559864 0.5533200954494687 55.301866186120037 0.73461389302163582 -0.36756429648077898 0.61902377524451591 -0.15311282126588358 1.5583614574588049 1.459958228102562 0.21758018857849318 0.17269134705283523 -0.59927627878233747 1.1854926287058929 0.11412759285222952 -0.064848928473678666 -0.042874893877884505 -1.5369775539235195 0.27071004295275009 0.95184236444635917 0.026210051257460405 0.060215296291652072 45.309328757753825 55.301866186120037 1.3718362528081696 0.052497422557375335 0.14909005130939487
decision_type=2 2 2 2 2 2 2 2 2 2 2 2 2 2 2 2 2 2 2 2 2 2 2 2 2 2 2 2 2 2
left_child=3 4 -3 -1 9 6 -5 -7 -9 -2 -10 12 18 14 15 16 -13 -18 22 -20 -21 29 23 -6 28 -26 -27 -23 -24 -22
right_child=1 2 -4 5 11 7 -8 8 10 -11 -12 13 -14 -15 -16 -17 17 -19 19 20 21 27 24 -25 25 26 -28 -29 -30 -31
leaf_value=-1.0187655282720547e-06 0.0081232511159032589 0.0011824905728211716 -0.0066126220331837737 -0.0010136277647688986 0.0089415759220719346 0.0034925045588841807 -0.0097812145249918103 -0.0051544638625769454 0.0041320167270235044 0.0014162229844077957 -0.0016019850181272395 -0.0028508061719303198 -0.0055286797436023575 0.0067199106215301788 -0.0034745894056730769 0.0061694754782365639 0.0078401797938914535 -0.001150883569220162 -0.0050529626100079012 -0.0039155810215585939 -0.0049357557995244866 0.00074478631694731127 0.005071626130511311 0.0014396375816814774 -0.0085630757822876876 -0.001438017268221648 0.0052642747098580007 -0.0040172458160668617 -0.0010398438156005881 0.0010079405231711767
leaf_weight=3789 20 21 30 20 25 26 20 44 22 40 78 37 47 33 33 32 21 23 38 37 40 665 47 38 21 42 25 26 21 24
leaf_count=3789 20 21 30 20 25 26 20 44 22 40 78 37 47 33 33 32 21 23 38 37 40 665 47 38 21 42 25 26 21 24
internal_value=5.67592e-12 0.00028124 -0.00340287 -9.7474e-05 0.000421981 -0.0018378 -0.00539742 -0.00100025 -0.00181144 0.0036519 -0.000340505 0.000269985 6.40393e-06 0.00188387 0.00079079 0.00203643 0.000403625 0.00314031 0.000254401 -0.000143728 9.18161e-05 0.000288205 0.00176329 0.0044166 0.000691764 -0.00123426 0.00106284 0.000565607 0.00318426 -0.00270687
internal_weight=5385 1386 51 3999 1335 210 40 170 144 60 100 1275 1096 179 146 113 81 44 1049 830 792 755 219 63 156 88 67 691 68 64
internal_count=5385 1386 51 3999 1335 210 40 170 144 60 100 1275 1096 179 146 113 81 44 1049 830 792 755 219 63 156 88 67 691 68 64
is_linear=0
shrinkage=0.05


Tree=119
num_leaves=31
num_cat=0
split_feature=14 3 1 13 8 8 8 1 13 5 13 0 13 10 12 7 8 7 7 10 3 1 6 0 6 3 10 7 6 0
split_gain=0.0585907 0.289296 0.377958 0.221412 0.340016 0.406538 0.420082 0.427318 0.472565 0.319547 0.299157 0.341372 0.319611 0.359246 0.320736 0.288296 0.311833 0.24603 0.243311 0.232599 0.234524 0.272989 0.277289 0.236813 0.223325 0.233506 0.542647 0.412138 0.648175 0.418963
threshold=0.18338503408746124 0.050414291658040129 1.0000000180025095e-35 0.30844312203221647 -0.074391204983543374 -0.13742475200988655 -0.2205638164686359 0.069164475232610725 1.8526290232830471 36.007079050950892 0.84318151251177376 0.098243474659792565 1.9182341251696702 -0.014067203326498355 -0.22580261731841136 0.075065997653097891 0.17897396127066181 0.16382940969821647 0.097340847269760097 1.0780484966328261 -0.051214817712161402 0.0053524127013445675 0.020861749740765181 -0.013251848803655817 0.055912505732324848 -0.021303586245088265 0.74965095404487536 0.11435168571663419 0.024888356458986263 -0.051951670725969616
decision_type=2 2 2 2 2 2 2 2 2 2 2 2 2 2 2 2 2 2 2 2 2 2 2 2 2 2 2 2 2 2
left_child=3 2 -2 24 5 6 7 8 9 17 11 15 13 -12 -14 16 -6 -5 -9 20 21 22 -15 -24 25 27 -27 29 -29 -1
right_child=1 -3 -4 4 10 -7 -8 18 -10 -11 12 -13 14 19 -16 -17 -18 -19 -20 -21 -22 -23 23 -25 -26 26 -28 28 -30 -31
leaf_value=0.0054672150718943161 -0.00075908749225876617 5.0556604388215678e-05 0.005996791721182935 -0.0054205983014846294 -0.0001843751467859898 -0.0068037500057835133 0.0035494186200250282 0.0060955127421766526 0.0036331743044270715 -0.0059829113759333266 0.0045500245652510783 -0.0064586240782177661 0.001638970576459542 -0.0044460959881544113 -0.0056886886319261979 0.0007168093813527236 -0.0067883939296183547 0.00059203717796860829 -0.00074946784754157877 0.0042805719160242004 0.0028975335094523994 -0.0064035207886869719 -0.001122692770208232 0.0061768252030014997 0.0035626076903118166 -0.00040742261077438967 -0.0079200596945291322 -0.0046641055802971896 0.00042904969432294151 0.00098318766258931388
leaf_weight=64 37 3388 47 27 39 40 37 20 22 100 80 29 28 25 32 133 33 46 37 32 37 24 25 20 49 219 27 77 331 280
leaf_count=64 37 3388 47 27 39 40 37 20 22 100 80 29 28 25 32 133 33 46 37 32 37 24 25 20 49 219 27 77 331 280
internal_value=5.53304e-12 0.000122422 0.00302099 -0.00022219 -0.000813652 -0.00207941 -0.00142552 -0.00215597 -0.00326915 -0.0041469 -3.81707e-05 -0.00138108 0.000998926 0.00180585 -0.00226911 -0.00066279 -0.00321122 -0.00163181 0.00165228 0.000459014 -0.000474496 -0.00180178 -0.000224046 0.00212154 0.000267024 0.000105217 -0.00123198 0.000542651 -0.000532159 0.00181743
internal_weight=5385 3472 84 1913 866 329 289 252 195 173 537 234 303 243 60 205 72 73 57 163 131 94 70 45 1047 998 246 752 408 344
internal_count=5385 3472 84 1913 866 329 289 252 195 173 537 234 303 243 60 205 72 73 57 163 131 94 70 45 1047 998 246 752 408 344
is_linear=0
shrinkage=0.05


Tree=120
num_leaves=31
num_cat=0
split_feature=9 4 14 8 9 13 5 13 2 9 5 10 1 1 13 10 4 8 2 3 3 2 1 14 8 14 7 8 3 3
split_gain=0.0604851 0.0980975 0.0839299 0.102569 0.0848802 0.214985 0.213211 0.172988 0.285322 0.132766 0.247708 0.128709 0.108117 0.1751 0.446616 0.27298 0.416484 0.189866 0.172249 0.192611 0.389263 0.226796 0.31175 0.320216 0.313458 0.347822 0.263309 0.196468 0.191293 0.301921
threshold=-0.16591088388161881 0.78686882652653989 7.6054456789461486 7.3902386791968153 2.2476648426633665 0.21348291217900386 52.103141751951945 0.73088006975435349 0.29033795413316438 2.0201836482695299 50.012849902925005 0.27997060075656627 0.65130789958726953 0.34611718571419209 0.34543743042982983 -0.20164993271985285 0.35681730564980035 -0.26216934191414032 0.39169868010079351 0.43544968821390156 0.18016134167703071 0.41169968347852032 0.16608255868138869 2.7295247531538496 -0.92673672512176031 2.5037236751342236 0.12420089359179777 0.043096301620544182 1.0282709843440192 0.77809271779837519
decision_type=2 2 2 2 2 2 2 2 2 2 2 2 2 2 2 2 2 2 2 2 2 2 2 2 2 2 2 2 2 2
left_child=-1 2 3 4 9 6 -6 -7 -9 12 11 -11 13 18 15 -15 -17 -16 28 20 -20 -21 23 -23 -24 -26 -27 -22 29 -2
right_child=1 -3 -4 -5 5 7 -8 8 -10 10 -12 -13 -14 14 17 16 -18 -19 19 21 27 22 24 -25 25 26 -28 -29 -30 -31
leaf_value=0.002360592289241376 -5.7721732905132483e-05 -0.0035070946905761957 0.0032341451972024518 -0.0025657003545685982 0.00095403362938668585 -0.0042985119679499239 0.0071883475970632091 0.0040056536665984566 -0.0025814501258860072 0.0024499847424320053 -0.0056383645286162696 -0.0026399616921401543 0.0030506058756647439 -0.0030092140522730705 -0.0013823916180990636 0.0061814179672210513 -0.0029625574871897701 -0.0074893633223005705 -0.0020578586800104898 0.0050512288960263786 0.0089577909912914033 -0.00024625724254292438 0.0067711574557636463 -0.0081921935613666255 -0.0047431830972157144 -0.001925335322933582 0.0048743570462933608 0.0029093435779816053 -0.0036119578837266043 0.0029677276754574407
leaf_weight=27 4504 20 20 39 32 21 24 35 31 27 30 23 29 34 20 33 20 35 23 23 25 32 21 21 27 24 35 29 37 84
leaf_count=27 4504 20 20 39 32 21 24 35 31 27 30 23 29 34 20 33 20 35 23 23 25 32 21 21 27 24 35 29 37 84
internal_value=-6.1437e-12 -1.18955e-05 1.20005e-06 -1.09584e-05 7.91538e-06 0.00120947 0.00362588 -0.000345929 0.000911711 -2.5539e-05 -0.00204651 0.000108609 6.43832e-06 -1.1123e-05 -0.00174192 0.000487613 0.00273086 -0.00526865 3.91889e-05 0.00129142 0.00338942 0.00040866 -0.000258709 -0.00339465 0.00129461 -4.26918e-05 0.00210838 0.00570955 -3.12069e-05 -2.3299e-06
internal_weight=5385 5358 5338 5318 5279 143 56 87 66 5136 80 50 5056 5027 142 87 53 55 4885 260 77 183 160 53 107 86 59 54 4625 4588
internal_count=5385 5358 5338 5318 5279 143 56 87 66 5136 80 50 5056 5027 142 87 53 55 4885 260 77 183 160 53 107 86 59 54 4625 4588
is_linear=0
shrinkage=0.05


Tree=121
num_leaves=31
num_cat=0
split_feature=12 11 12 7 11 10 3 11 10 10 7 2 8 11 10 8 0 2 2 14 11 0 7 1 10 2 10 13 2 8
split_gain=0.0591224 0.192024 0.296232 0.273668 0.35771 0.318145 0.462255 0.288704 0.529235 0.31045 0.352074 0.473299 0.288093 0.321031 0.36608 0.381163 0.2681 0.266147 0.244692 0.258699 0.20563 0.333403 0.304378 0.25802 0.294117 0.427502 0.359138 0.23799 0.338329 0.205076
threshold=-0.45323748680892922 0.19456720315057294 -0.47748255200635453 0.24978305527453018 0.14994920109079293 -0.060160184561252265 0.26121594243022378 -0.29191146605630097 0.40925539698296837 0.10789105696509092 0.07104123638777847 -0.030507845119928153 -0.95140010645132966 -0.60365977414769467 1.0421517392360302 0.36421669968141335 -0.12922439762308166 -0.1294607381555781 -0.11393300343744693 0.088342834919688723 0.39394528108143184 -0.068783179898707122 0.12309992734593604 0.20941609038431522 0.36497910576155462 -0.017445506441439548 -0.22249400956030052 0.094976270954280087 0.0063757214311531705 -0.26216934191414032
decision_type=2 2 2 2 2 2 2 2 2 2 2 2 2 2 2 2 2 2 2 2 2 2 2 2 2 2 2 2 2 2
left_child=1 2 3 4 7 16 -7 9 18 10 -1 17 -11 14 15 -14 -5 -12 -9 -20 21 -3 27 24 25 -24 29 28 -22 -27
right_child=-2 20 -4 5 -6 6 -8 8 -10 12 11 -13 13 -15 -16 -17 -18 -19 19 -21 22 -23 23 -25 -26 26 -28 -29 -30 -31
leaf_value=0.0029436216736212373 9.8861700532469884e-05 -0.0031489096478455598 -0.0064472337817752983 0.00023616642225533725 -0.0076925844559445986 -0.0049766852112952623 0.0035219853045418861 -0.0031788976242144908 -0.0057337874273673218 -0.004727306098131271 -0.0040272877629225455 -0.0061151032419875274 0.0073035994591191412 -0.0037522789378029602 -0.0025885216265531452 -8.2987056286524863e-05 0.0078157502966600331 0.0032092146575450897 0.0068000010635632163 0.0013533885697122768 0.0035217424685304818 0.0029610790200387091 -0.0021473709147446039 -0.001433218076514701 0.00670817017339037 0.0018229661163382442 -0.0017779098036859572 -0.0034543478671049972 -0.0014839048566425157 0.0068152068330846307
leaf_weight=20 3971 27 23 20 20 32 32 24 29 29 24 100 40 30 29 31 28 27 26 135 44 129 62 78 28 36 29 89 145 48
leaf_count=20 3971 27 23 20 20 32 32 24 29 29 24 100 40 30 29 31 28 27 26 135 44 129 62 78 28 36 29 89 145 48
internal_value=3.37815e-12 -0.000277638 -0.000866939 -0.000677076 -0.00112539 0.00158048 -0.00072735 -0.000883945 0.000546421 -0.00181152 -0.00329032 -0.004116 -0.000221107 0.000784122 0.00214504 0.00407847 0.00465759 -0.000196198 0.00153089 0.00223297 0.000298476 0.00190358 -0.00014946 0.00101103 0.00195019 0.00118892 0.00301945 -0.00132247 -0.000318569 0.00467568
internal_weight=5385 1414 699 676 564 112 64 544 214 330 171 151 159 130 100 71 48 51 185 161 715 156 559 281 203 175 113 278 189 84
internal_count=5385 1414 699 676 564 112 64 544 214 330 171 151 159 130 100 71 48 51 185 161 715 156 559 281 203 175 113 278 189 84
is_linear=0
shrinkage=0.05


Tree=122
num_leaves=31
num_cat=0
split_feature=9 9 9 7 2 6 4 2 6 7 7 11 10 6 14 9 2 4 10 6 14 9 10 5 5 11 0 10 0 7
split_gain=0.0583975 0.408773 0.233928 0.222161 0.252527 0.369626 0.365319 0.519456 0.244976 0.221521 0.489117 0.331343 0.240965 0.208385 0.357368 0.291991 0.310879 0.280135 0.465671 0.258723 0.490015 0.433649 0.363379 0.732563 0.686797 0.430348 0.364732 0.467263 0.343656 0.447988
threshold=1.1855753094415742 1.0830446433029863 1.0892628269451394 0.073448451814764296 0.31519778092423617 0.024486412056186187 0.17481527110926617 -0.021383942373436157 0.021077546889824574 0.057402271417437638 0.067743178039989652 1.4592610444398437 0.1009626505249492 0.019719731763473067 0.17107956926227588 1.213175709059193 0.20240635226633466 0.21946117695252618 0.30589393608949322 0.036702479611648804 -1.1465150464825666 1.3303265537895343 0.26111389521846473 58.426043428154166 56.053222220363672 -0.57760902474403208 0.098243474659792565 0.71423458458416389 -0.092259954870398217 0.12309992734593604
decision_type=2 2 2 2 2 2 2 2 2 2 2 2 2 2 2 2 2 2 2 2 2 2 2 2 2 2 2 2 2 2
left_child=1 -1 -3 4 5 6 -2 -8 -9 12 -11 -12 -4 14 -5 16 -15 18 -17 20 -19 -21 23 28 25 -24 -26 -28 -22 -30
right_child=3 2 9 13 -6 -7 7 8 -10 10 11 -13 -14 15 -16 17 -18 19 -20 21 22 -23 24 -25 26 -27 27 -29 29 -31
leaf_value=-8.4118246260032721e-05 -0.0049428607031909953 0.0066936475136095581 0.00064905006843416586 0.0079221247456735013 0.0029861966297030449 -0.0064992176512965851 0.0058687846018602293 0.00038658083306573746 -0.005637765346370914 -0.0054894137720111758 0.0018117508056951373 -0.0042808513098862022 0.007613496730724971 -0.00085626957364953477 0.00079243513693278344 -0.0035215454768885617 -0.008185623068888875 -0.0062417454551905397 0.0024532415972895582 -0.004745333526155044 -0.00073643162575127486 -0.00015634070073028693 0.0023157731018727647 -0.0011161083547987652 0.0063271310832351451 -0.0042722172606657052 -0.0048578723942717681 0.0041662078234367076 0.0019488968963531272 0.0059529162639787858
leaf_weight=3075 45 21 23 20 25 42 31 45 27 28 318 24 27 39 145 126 23 24 44 58 49 458 32 147 40 110 26 32 151 130
leaf_count=3075 45 21 23 20 25 42 31 45 27 28 318 24 27 39 145 126 23 24 44 58 49 458 32 147 40 110 26 32 151 130
internal_value=3.905e-12 0.000120048 0.00154366 -0.000225836 -0.00173782 -0.00235941 -0.00118459 0.000457367 -0.00187255 0.00128616 0.000864034 0.0013842 0.00440985 -2.92963e-05 0.00165664 -0.000216119 -0.00357522 -7.01737e-05 -0.00197513 0.000187458 0.000786056 -0.000672158 0.0010213 0.00181973 -0.000565583 -0.0027876 0.00265407 0.00012093 0.00312751 0.00380129
internal_weight=5385 3516 441 1869 215 190 148 103 72 420 370 342 50 1654 165 1489 62 1427 170 1257 741 516 717 477 240 142 98 58 330 281
internal_count=5385 3516 441 1869 215 190 148 103 72 420 370 342 50 1654 165 1489 62 1427 170 1257 741 516 717 477 240 142 98 58 330 281
is_linear=0
shrinkage=0.05


Tree=123
num_leaves=31
num_cat=0
split_feature=4 4 7 8 6 12 11 11 7 8 1 9 0 12 10 0 13 14 10 13 0 14 12 12 13 14 4 12 8 6
split_gain=0.0594945 0.690317 0.435529 0.415047 0.370095 0.380431 0.314921 0.316963 0.270306 0.265918 0.374355 0.316019 0.264629 0.248566 0.248293 0.243248 0.258956 0.558541 0.520631 0.360281 0.309222 0.283371 0.290419 0.463613 0.704043 0.549704 0.496531 0.314209 0.290405 0.31461
threshold=0.20455940954875232 0.1976670631039931 0.06439615995251223 1.0822599865804416 0.015724937810047926 0.021739741214714312 0.82220455770398648 1.5862813070040171 0.067743178039989652 0.033348519798745625 0.032177075249822391 0.79245452720244303 0.061742887763460826 1.3933700832375082 -0.065986525475925123 -0.096713201396495405 0.079752708611193227 -0.17685884584878567 -0.22249400956030052 0.21348291217900386 -0.016263166790588753 -0.1038926848664989 0.23480472433944896 0.31535979947603193 0.62501637712627389 1.3059621362925053 0.17724994595021143 0.067410584964596412 -0.10367348374435546 0.016034087894242457
decision_type=2 2 2 2 2 2 2 2 2 2 2 2 2 2 2 2 2 2 2 2 2 2 2 2 2 2 2 2 2 2
left_child=1 3 6 13 -5 -6 9 -8 14 11 -11 -2 -7 15 -4 -1 17 18 -17 20 -18 -21 27 -24 25 -25 28 -23 -26 -30
right_child=2 -3 8 4 5 12 7 -9 -10 10 -12 -13 -14 -15 -16 16 19 -19 -20 21 -22 22 23 24 26 -27 -28 -29 29 -31
leaf_value=-0.0049930740112008962 0.0080348730168264843 -0.0029288355305990472 -0.00050808330370273331 -0.00074982666654027619 0.00060065154763703642 0.0040430566231752264 0.0081219172069373052 0.00061614503237334165 4.8042460534385419e-05 0.0014308221617036244 -0.0066831318040688828 0.00064518700520961722 0.01106272647343576 0.0054121857136487962 -0.0071584381470456721 -0.00062417044992680139 0.00035600179166067397 0.00018212431165211886 0.0089553955910928757 -0.0022052517761476337 -0.0050511581960540168 -3.9485640396984918e-05 0.0074138922616839411 -0.0048384211620794157 0.0047161767717309143 0.0014379787533967334 0.0086808057682168094 -0.0039121095709669504 0.0017564946451424273 -0.0053562576967206878
leaf_weight=26 23 210 32 49 35 29 39 22 3283 44 21 39 25 20 25 23 40 508 37 150 78 240 28 74 46 66 31 67 53 22
leaf_count=26 23 210 32 49 35 29 39 22 3283 44 21 39 25 20 25 23 40 508 37 150 78 240 28 74 46 66 31 67 53 22
internal_value=-7.39222e-12 -0.000229073 0.000120575 0.000115159 0.00273984 0.00466112 0.00246215 0.00541492 -1.12264e-05 0.0010439 -0.00119061 0.00338652 0.0072929 -0.000124872 -0.00342491 -0.000199244 -0.00011405 0.000720973 0.00528323 -0.000643986 -0.00321822 -0.000253047 0.000213988 0.00126799 0.000678661 -0.00187955 0.00303491 -0.000884651 0.00158844 -0.000329913
internal_weight=5385 1857 3528 1647 138 89 188 61 3340 127 65 62 54 1509 57 1489 1463 568 60 895 118 777 627 320 292 140 152 307 121 75
internal_count=5385 1857 3528 1647 138 89 188 61 3340 127 65 62 54 1509 57 1489 1463 568 60 895 118 777 627 320 292 140 152 307 121 75
is_linear=0
shrinkage=0.05


Tree=124
num_leaves=31
num_cat=0
split_feature=9 6 9 3 2 13 1 12 7 12 3 2 12 7 1 9 3 2 13 13 2 13 4 9 13 13 9 13 12 4
split_gain=0.0551528 0.0922007 0.0789108 0.369546 0.302008 0.213728 0.28215 0.187364 0.184829 0.340647 0.288975 0.226846 0.180484 0.177708 0.203768 0.135282 0.359153 0.103583 0.102241 0.134397 0.295962 0.225949 0.220221 0.2028 0.161382 0.503606 0.280427 0.253785 0.408997 0.310056
threshold=-0.16591088388161881 0.085824909515252526 0.30431894057778391 -0.068200085235013239 -0.017445506441439548 -0.48009831959790467 0.18666662668120218 0.39171653597580752 0.11390377014099441 0.22127190507352282 0.39147096470171244 0.058981994542338885 0.3448941131255478 0.13958612679134699 0.01220451136959755 0.33262418477134703 0.07626232797985201 -0.21349088710993017 -2.9731886339154459 -1.9937766041977227 -0.12212971207341404 -1.7318995762829397 0.32670775257591061 1.2233763721532311 -1.4060940019890074 -1.4645995337883191 0.83776553003710041 -1.1550350254782324 0.31535979947603193 0.24896421873697477
decision_type=2 2 2 2 2 2 2 2 2 2 2 2 2 2 2 2 2 2 2 2 2 2 2 2 2 2 2 2 2 2
left_child=-1 2 3 13 7 6 -6 -5 11 10 -10 -7 -13 14 -2 16 -4 -15 -17 20 -20 23 -22 -21 25 26 -23 28 29 -26
right_child=1 -3 15 4 5 8 -8 -9 9 -11 -12 12 -14 17 -16 18 -18 -19 19 21 22 24 -24 -25 27 -27 -28 -29 -30 -31
leaf_value=0.0022541381556678702 -0.007774200347193983 -0.0033998793736100194 0.0075391895046258081 0.0075154291998062814 -0.0077479587380020398 -0.0051910451427102091 0.00055011159274727113 0.00091266380570066924 0.0092396555579311781 -0.0021899853259898148 0.00094486903600184071 -0.0015344277406350161 0.0042149820304032233 0.0014424656581302937 -0.0013406614214181902 0.003508257551445803 -0.0015048557689980322 -0.0031422051534588848 0.003553967820480466 0.0069035603876479654 -0.0012594928344090782 -0.0053024677771397613 -0.006904014158580038 0.00092690020916052173 0.0073586749215610332 -0.0086301989557052202 0.0010632098709911478 -9.5957638296603431e-06 -0.001585193310165778 0.001636522984260629
leaf_weight=27 32 20 21 21 21 25 20 22 21 26 21 39 21 22 20 21 23 28 20 22 48 22 27 40 40 22 81 4504 50 58
leaf_count=27 32 20 21 21 21 25 20 22 21 26 21 39 21 22 20 21 23 28 20 22 48 22 27 40 40 22 81 4504 50 58
internal_value=-6.52237e-12 -1.1359e-05 1.3368e-06 -0.000736891 0.000346114 -0.000494194 -0.00370012 0.00413727 0.00036491 0.00230787 0.00509226 -0.00118946 0.000477866 -0.00325329 -0.00529976 5.13987e-05 0.00281162 -0.00112495 2.68881e-05 1.20708e-05 -0.00185037 4.86344e-05 -0.00329152 0.00304765 9.71063e-06 -0.00176319 -0.000296449 5.73487e-05 0.00209463 0.0039721
internal_weight=5385 5358 5338 339 237 194 41 43 153 68 42 85 60 102 52 4999 44 50 4955 4934 95 4839 75 62 4777 125 103 4652 148 98
internal_count=5385 5358 5338 339 237 194 41 43 153 68 42 85 60 102 52 4999 44 50 4955 4934 95 4839 75 62 4777 125 103 4652 148 98
is_linear=0
shrinkage=0.05


Tree=125
num_leaves=31
num_cat=0
split_feature=12 6 6 11 9 2 9 7 7 9 3 11 7 2 2 5 2 1 8 11 5 2 7 5 11 14 1 11 11 8
split_gain=0.0534337 0.19845 0.421567 0.297115 0.517216 0.345825 0.292002 0.28761 0.539709 0.264323 0.312575 0.251046 0.239005 0.213812 0.193546 0.192599 0.40594 0.248306 0.319215 0.245689 0.243433 0.190355 0.200741 0.19016 0.229984 0.274443 0.326574 0.203867 0.215434 0.222746
threshold=-0.49790672424525956 0.0337274512274486 0.036702479611648804 -0.31700987669037795 1.0737471356183179 0.24940558977011776 0.87793715949051565 0.14426987867043334 0.12182331146428259 1.7313444267487741 0.58017301979178459 0.14338812745340027 0.069198147899744475 0.22689555392339247 0.32871126068682716 50.787264185772059 0.010885889279363738 0.11327996271835673 -1.0884000714235389 1.2653570086847055 57.577031811539889 0.056188206754022703 0.11390377014099441 64.706608040993927 1.202385295910535 -0.92854600443491131 0.37378779504518128 -1.8656465362601222 0.54098924797848347 0.23840161919803707
decision_type=2 2 2 2 2 2 2 2 2 2 2 2 2 2 2 2 2 2 2 2 2 2 2 2 2 2 2 2 2 2
left_child=1 3 6 4 12 9 -3 8 -4 10 13 -8 -1 15 -6 17 20 18 -5 -20 -17 -18 -23 24 25 -9 27 -27 29 -29
right_child=-2 2 7 5 14 -7 11 23 -10 -11 -12 -13 -14 -15 -16 16 21 -19 19 -21 -22 22 -24 -25 -26 26 -28 28 -30 -31
leaf_value=9.4155191133419674e-05 9.0201791914816694e-05 -0.00061683635493474344 0.001612107423615867 -0.0057747592067194957 0.0025302031429066344 -0.0023568941472215423 0.0089290374440365826 0.0068409749262389689 -0.0078055004341877066 -0.0036518113197464698 0.0054542958361707868 0.0025524789855505031 -0.0058424113739006731 0.005392248979769647 -0.0032070468046835492 0.0021129682094656994 -0.0037429307556400698 0.0033571348027807884 0.00052703729678836206 -0.0042573384993842668 0.0087347618020747024 -0.0011300294103635037 0.0029124751554003786 -0.002824480032431893 -0.0030122592004344743 0.0046793507958721855 0.0062796769514679917 -0.002410434807641703 0.0036555414931077898 0.001507531512678335
leaf_weight=21 4055 28 29 37 49 151 29 21 32 38 32 33 88 20 21 35 30 29 115 35 23 68 56 40 34 23 25 103 29 56
leaf_count=21 4055 28 29 37 49 151 29 21 32 38 32 33 88 20 21 35 30 29 115 35 23 68 56 40 34 23 25 103 29 56
internal_value=-7.29812e-12 -0.000275014 0.000535097 -0.000735478 -0.00254482 -0.000251363 0.00362114 -0.000173433 -0.00332828 0.000362411 0.000680204 0.00553506 -0.00469867 0.000339197 0.000809028 0.000103073 0.00117369 -0.000947716 -0.00161531 -0.000589317 0.00473885 -0.000169035 0.000695618 0.000407973 0.000852297 0.00136356 0.000876164 0.000235937 -0.000307672 -0.00103052
internal_weight=5385 1330 482 848 179 669 90 392 61 518 480 62 109 448 70 428 212 216 187 150 58 154 124 331 291 257 236 211 188 159
internal_count=5385 1330 482 848 179 669 90 392 61 518 480 62 109 448 70 428 212 216 187 150 58 154 124 331 291 257 236 211 188 159
is_linear=0
shrinkage=0.05


Tree=126
num_leaves=31
num_cat=0
split_feature=4 4 7 12 2 0 0 12 7 10 12 11 11 7 10 2 5 1 12 10 7 3 12 9 3 10 10 1 1 9
split_gain=0.0565587 0.622898 0.393751 0.291195 0.479742 0.482228 0.536236 0.370061 0.322783 0.310366 0.307459 0.282822 0.284507 0.281696 0.418738 0.279048 0.260985 0.24569 0.269736 0.243638 0.515407 0.374965 0.328336 0.372996 0.268083 0.248373 0.275628 0.246974 0.243576 0.275973
threshold=0.20455940954875232 0.1976670631039931 0.06439615995251223 0.15004132734860384 0.080366550193512257 0.071579627668123882 0.037720999218685332 0.10461832780808335 0.11390377014099441 0.20800919143374838 -0.077193901359120728 0.82220455770398648 1.5862813070040171 0.11052428474812163 0.075703371915269671 -0.015270664111460162 54.621963209176947 0.0095623668935094237 -0.045366052511316916 0.23749003986536252 0.096717219521900974 0.41211045296290466 1.0103793461550141 0.3897324473205423 -0.018580369175602737 -0.21271053562930961 -0.8176761103078144 0.053945839591459384 0.15643684752449596 1.3377119930735868
decision_type=2 2 2 2 2 2 2 2 2 2 2 2 2 2 2 2 2 2 2 2 2 2 2 2 2 2 2 2 2 2
left_child=1 3 11 4 5 6 8 10 9 -1 -6 16 -13 19 -15 -11 -2 -12 -19 20 25 22 23 -21 -25 26 -5 -22 29 -3
right_child=2 28 -4 13 7 -7 -8 -9 -10 15 17 12 -14 14 -16 -17 -18 18 -20 21 27 -23 -24 24 -26 -27 -28 -29 -30 -31
leaf_value=-0.0022670603018349013 0.0026790620089031576 -0.0010891384458156315 -7.7580816583892833e-06 -0.0032492989501826325 -7.3411423363722869e-05 0.0030676502851957384 -0.0079306757500903179 -0.0050149476011123123 -0.0068262078763178455 0.0063147296035743275 0.007578771597827258 0.007706900514686147 0.00059579001654955482 0.0056221289518497775 0.00049312589167408187 -0.0014738929579439371 -0.0020597149555881817 0.0067371134048285477 0.00046835990222648553 0.0085517475932526104 -0.0019569336182691834 -0.0039553597372455089 -0.001304074883228168 -0.0028134247044190059 0.0034118074788628814 -0.00078632050441228795 0.0022828207814503307 -0.009633980272337795 -0.0061935976291784926 -0.0067831708863377574
leaf_weight=152 82 143 3340 26 284 39 44 29 29 23 23 39 22 67 98 23 45 22 78 30 22 26 45 21 98 280 168 20 42 25
leaf_count=152 82 143 3340 26 284 39 44 29 29 23 23 39 22 67 98 23 45 22 78 30 22 26 45 21 98 280 168 20 42 25
internal_value=8.09688e-12 -0.00022335 0.000117562 0.000103641 -0.000627007 -0.00213073 -0.00287883 0.000442151 -0.00189962 -0.00117805 0.000830986 0.002344 0.00514224 0.000708595 0.00257581 0.00242042 0.000999968 0.00291919 0.00184749 0.000289993 -0.000304011 0.0016832 0.00243889 0.00356931 0.00231324 0.000166376 0.0015414 -0.00561267 -0.00278789 -0.00193646
internal_weight=5385 1857 3528 1647 746 310 271 436 227 198 407 188 61 901 165 46 127 123 100 736 516 220 194 149 119 474 194 42 210 168
internal_count=5385 1857 3528 1647 746 310 271 436 227 198 407 188 61 901 165 46 127 123 100 736 516 220 194 149 119 474 194 42 210 168
is_linear=0
shrinkage=0.05


Tree=127
num_leaves=31
num_cat=0
split_feature=11 11 6 6 10 10 8 8 1 2 11 0 13 1 11 1 14 2 1 4 6 7 6 0 3 7 10 1 2 8
split_gain=0.0550825 0.257759 0.373636 0.425499 0.388857 0.374051 0.348354 0.488712 0.516047 0.490848 0.395192 0.446069 0.392382 0.354621 0.330052 0.297172 0.282484 0.386736 0.360294 0.276504 0.673109 0.305417 0.232768 0.212922 0.210597 0.397424 0.225775 0.184784 0.321484 0.169525
threshold=-0.5481175584402902 -0.9272760481440343 0.03154102073797229 0.037696269645478168 0.4644878669256256 -0.3242045672225557 2.5862465899671867 0.10766105363781418 0.080815788314897677 0.017741858804441683 -0.64158935670508344 0.084172429646679828 0.64098277850845864 0.2027669568812204 -1.1731840005838297 1.0000000180025095e-35 1.3327158916131125 0.23482242731025296 0.11766613175176967 0.23868775315549587 0.023291827909721122 0.067743178039989652 0.040452561697806068 0.0349765925904666 -0.27938339488388431 0.086047395825277803 0.37493195803521151 -0.048179569385518754 -0.080061411778854771 0.45875231362529484
decision_type=2 2 2 2 2 2 2 2 2 2 2 2 2 2 2 2 2 2 2 2 2 2 2 2 2 2 2 2 2 2
left_child=1 2 16 4 15 -5 7 8 19 23 11 29 13 -10 22 -4 18 -18 24 20 21 -3 -7 -9 -1 -26 -27 28 -21 -11
right_child=-2 6 3 5 -6 14 -8 9 12 10 -12 -13 -14 -15 -16 -17 17 -19 -20 27 -22 -23 -24 -25 25 26 -28 -29 -30 -31
leaf_value=-0.006769994525238872 -7.5567630576848417e-05 -0.0065256342149805279 -0.0035384085960686209 -0.005203207666557786 0.0064732138675694566 -0.0054218390787189666 -0.0050307639713753904 0.0090236490780181734 0.01012125999853015 0.0033467901072331838 -0.0047573635376812447 0.0085728983123165865 -0.00091400942520091411 0.0022766944842741769 0.0047609422400402019 0.0037649149773642423 0.0049832826238815431 -0.004063752690507543 -0.0087280208711700454 -0.0066196374722163791 0.008098652311379002 0.00066819517459306462 3.8434435025320493e-05 0.0034797747426762666 -0.0068530534140088355 -0.0014749365687174235 0.0046431661695241931 -0.0075655729945182148 0.0015228006005701092 -0.0028667526360115284
leaf_weight=20 4402 25 26 37 49 22 21 43 25 21 21 24 38 34 34 30 27 21 26 22 21 36 173 29 22 38 25 23 27 23
leaf_count=20 4402 25 26 37 49 22 21 43 25 21 21 24 38 34 34 30 27 21 26 22 21 36 173 29 22 38 25 23 27 23
internal_value=7.91742e-13 0.000338402 -0.000379992 0.000525225 0.00322035 -0.000538639 0.00125091 0.00157109 0.000191905 0.00372126 0.00123811 0.00308966 0.00304852 0.00560066 0.000215025 0.000374086 -0.00225617 0.0010252 -0.0034585 -0.00160739 0.000377876 -0.0022801 -0.000577596 0.0067907 -0.00215367 -0.00106748 0.000952882 -0.0038684 -0.00213299 9.88019e-05
internal_weight=5385 983 550 371 105 266 433 412 251 161 89 68 97 59 229 56 179 48 131 154 82 61 195 72 105 85 63 72 49 44
internal_count=5385 983 550 371 105 266 433 412 251 161 89 68 97 59 229 56 179 48 131 154 82 61 195 72 105 85 63 72 49 44
is_linear=0
shrinkage=0.05


Tree=128
num_leaves=31
num_cat=0
split_feature=0 6 9 0 9 6 0 3 9 1 10 11 6 13 3 5 6 1 9 12 13 2 13 5 6 10 11 12 0 9
split_gain=0.0539991 0.226525 0.275186 0.169228 0.092165 0.169304 0.358404 0.32465 0.220102 0.149706 0.130171 0.289897 0.303156 0.26931 0.259956 0.214704 0.186951 0.196183 0.186521 0.172293 0.128028 0.371599 0.190634 0.204713 0.161159 0.177633 0.129576 0.41319 0.354717 0.442493
threshold=0.24323364968969122 0.051254915504846281 1.7069138077803974 0.30355572621404997 3.1107743662355696 0.055912505732324848 -0.12922439762308166 0.099660876522710287 1.4799903360752087 -0.35175439786496321 1.2171925879236603 -0.52229147469546688 0.037382351094628133 1.9182341251696702 -0.0082017301847412943 56.300230752228295 0.050158740004309872 -0.060744800510694134 1.4256482022210977 0.16365694469519923 -1.9937766041977227 -0.13221761134363283 -1.7318995762829397 51.161775545686616 0.035141452383263612 0.075703371915269671 -1.0289731930092993 -1.1162229834324746 -0.089064550551308005 1.6260995919963313
decision_type=2 2 2 2 2 2 2 2 2 2 2 2 2 2 2 2 2 2 2 2 2 2 2 2 2 2 2 2 2 2
left_child=4 2 3 -2 5 9 7 -7 -8 -1 16 13 14 15 -13 18 20 -18 19 -12 21 -11 23 -22 25 -23 27 -24 -29 -30
right_child=1 -3 -4 -5 -6 6 8 -9 -10 10 11 12 -14 -15 -16 -17 17 -19 -20 -21 22 24 26 -25 -26 -27 -28 28 29 -31
leaf_value=-0.0039889375795610247 0.0036391330813920057 -0.0028245128880910303 0.0075466277729719887 -0.0017753520710093362 -0.0025435789063016677 0.0019462307195433162 0.00080329354054161489 -0.0058951158838515937 0.006554187379462258 0.0034904852993069935 0.0013167485098906414 0.0012300679054591925 -0.0088380073141750125 -0.0050216187412540116 -0.005785647314041853 -0.00280284033730053 0.0050132892045535544 -0.00034655504108917331 -0.00083035282019911145 0.006965299193850822 -0.00033887898921966552 -0.00011396346526453272 -0.0055158558936620299 0.0058351703526066806 -0.0071473863419322745 -0.0057927681709684081 5.1888570943182403e-05 0.0047511768977968926 0.00058763686031471161 -0.0048707074067609046
leaf_weight=24 27 27 20 31 36 33 28 22 41 26 27 31 21 21 23 26 38 31 29 27 25 40 44 29 21 21 4408 31 124 53
leaf_count=24 27 27 20 31 36 33 28 22 41 26 27 31 21 21 23 26 38 31 29 27 25 40 44 29 21 21 4408 31 124 53
internal_value=-1.1503e-12 0.00112278 0.00248914 0.000745184 -2.23279e-05 -5.01956e-06 0.00182054 -0.00119031 0.00422049 -4.92323e-05 -3.0678e-05 -0.00126502 -0.00374048 0.000163132 -0.00175811 0.00116203 2.10578e-05 0.00260524 0.00240404 0.00414102 -1.59204e-05 -0.00171805 2.30762e-05 0.00297681 -0.00336953 -0.00206896 -1.11517e-05 -0.00111386 -0.000182664 -0.00104678
internal_weight=5385 105 78 58 5280 5244 124 55 69 5120 5096 205 75 130 54 109 4891 69 83 54 4822 108 4714 54 82 61 4660 252 208 177
internal_count=5385 105 78 58 5280 5244 124 55 69 5120 5096 205 75 130 54 109 4891 69 83 54 4822 108 4714 54 82 61 4660 252 208 177
is_linear=0
shrinkage=0.05


Tree=129
num_leaves=31
num_cat=0
split_feature=6 6 6 6 0 5 13 12 0 12 12 12 12 0 1 11 11 11 5 6 9 6 13 5 11 0 1 6 12 0
split_gain=0.0539047 0.261233 0.400578 0.307673 0.285868 0.316403 0.278692 0.362 0.396389 0.346977 0.299932 0.310791 0.485823 0.296691 0.266314 0.425801 0.406327 0.460107 0.368675 0.32042 0.312506 0.370159 0.273294 0.272362 0.327415 0.265414 0.470893 0.34151 0.394985 0.262614
threshold=0.026210051257460405 0.022110991543821502 0.022355832932172966 0.022516532683783827 -0.089064550551308005 32.338779633588707 1.0000000180025095e-35 -0.88733372600475569 0.036976800032984987 -0.55622050799952405 0.51457881859701304 0.69852915524707548 0.88875808543053092 -0.055679170455211584 0.010905799272682872 -0.56507005597477222 -0.15604907093970485 1.0000000180025095e-35 51.039777180956897 0.02496729809551251 1.0931101807626482 0.02496729809551251 0.97906190075077315 60.789976439114078 0.531429599214161 -0.019127050757206495 0.0081258062252085334 0.025019420356079996 -0.13617645281317778 -0.011197571145665273
decision_type=2 2 2 2 2 2 2 2 2 2 2 2 2 2 2 2 2 2 2 2 2 2 2 2 2 2 2 2 2 2
left_child=1 4 29 -4 -1 -6 7 8 -5 -9 13 -12 -13 -11 15 -8 19 -18 20 22 21 -17 -16 24 -19 -15 -27 28 -28 -3
right_child=-2 2 3 6 5 -7 14 9 -10 10 11 12 -14 25 16 18 17 23 -20 -21 -22 -23 -24 -25 -26 26 27 -29 -30 -31
leaf_value=-0.0036919477165359609 0.00019151685893577299 0.00057624628852036871 0.003672828871224608 -0.001212569515249043 0.0050349111312671625 0.00017362252970691663 0.0053005702077196203 -0.0065435987653299464 0.0077080865763127816 -0.0056623858166858559 -0.0079134981187962694 0.0038511483231559399 -0.004723388326732126 0.0048202899543361537 0.0012692688048332457 -0.0015856326005293754 0.0075521781132556511 0.0017462662641062505 0.0038638543621494384 -0.008251658800457206 -0.0040907201860946691 0.0058414070364087821 -0.006071442854590714 0.0023838780453014708 -0.0052479692628945819 -0.0053316856979539525 -0.001000940012090723 -0.0034417293799508899 0.0065385632532477186 -0.0057823540898220196
leaf_weight=47 2184 22 42 33 34 2154 52 42 20 24 32 24 53 27 32 51 20 27 49 28 55 25 21 45 44 38 32 28 38 62
leaf_count=47 2184 22 42 33 34 2154 52 42 20 24 32 24 53 27 32 51 20 27 49 28 55 25 21 45 44 38 32 28 38 62
internal_value=-1.45283e-12 -0.000130669 -0.000817724 -0.000503506 0.000166286 0.000249164 -0.000712323 -0.00168827 0.00215372 -0.00229072 -0.00168727 -0.00377196 -0.00205081 -0.000472121 0.000137557 0.00131524 -0.00112154 0.00054821 0.000163929 -0.00392506 -0.00122001 0.000857473 -0.00163932 -0.00065937 -0.00258819 0.00029209 -0.000606891 0.00122517 0.00309193 -0.00411701
internal_weight=5385 3201 966 882 2235 2188 840 391 53 338 296 109 77 187 449 232 217 136 180 81 131 76 53 116 71 163 136 98 70 84
internal_count=5385 3201 966 882 2235 2188 840 391 53 338 296 109 77 187 449 232 217 136 180 81 131 76 53 116 71 163 136 98 70 84
is_linear=0
shrinkage=0.05


Tree=130
num_leaves=31
num_cat=0
split_feature=4 4 7 12 11 11 11 7 4 10 7 5 2 9 9 2 5 12 4 11 7 10 0 1 7 4 12 2 13 7
split_gain=0.0542841 0.555511 0.358602 0.263518 0.258118 0.251502 0.249088 0.235869 0.224934 0.35937 0.335765 0.386165 0.323589 0.457209 0.430938 0.353431 0.293495 0.430439 0.274141 0.246895 0.23801 0.223364 0.218995 0.428111 0.309532 0.263014 0.250467 0.326983 0.498271 0.369338
threshold=0.20455940954875232 0.1976670631039931 0.06439615995251223 1.3933700832375082 0.82220455770398648 1.5862813070040171 0.58855786969251966 0.067743178039989652 0.23224349842443809 -0.60706591376043928 0.07736515749922046 72.862421576171371 0.0021626668439049816 1.459958228102562 0.63322430087264792 0.053883884015466406 58.426043428154166 0.1953360968804761 0.21511649918691314 -0.17176292143402624 0.12764494636230067 -0.39397987820651031 0.060262857503447849 0.13566094959606004 0.07736515749922046 0.13614649533306103 0.18938361006400897 0.080366550193512257 -0.30969748278795278 0.074549557548327497
decision_type=2 2 2 2 2 2 2 2 2 2 2 2 2 2 2 2 2 2 2 2 2 2 2 2 2 2 2 2 2 2
left_child=1 3 4 22 6 -6 -2 21 9 19 -11 12 14 15 -12 18 17 -16 -14 -9 -19 -4 26 25 -25 -24 27 28 29 -1
right_child=2 -3 7 -5 5 -7 -8 8 -10 10 11 -13 13 -15 16 -17 -18 20 -20 -21 -22 -23 23 24 -26 -27 -28 -29 -30 -31
leaf_value=-0.0024046322619863626 0.0019695119992164628 -0.0026406631646248226 0.00090483820254337935 0.0052909292571712285 0.0073244707163375548 0.00063853999176485972 -0.0038816547698595307 0.002876213600393385 -0.00016098301617654512 0.0047643645594899475 -0.0022501998681675743 0.0070004128110595053 0.00046763023055973463 -0.0055219230921687307 -0.00080022560027630425 0.0012850474209144646 0.0089990081184584177 0.003055458215455855 -0.0065335277307393223 -0.0028057386613193347 0.0099495820911778589 -0.0055837881591287442 -0.0027930548702854489 -0.0067037355527281772 -5.6958646044557822e-05 0.0030961921827819868 0.00037350898229699829 9.1768783484570413e-05 -0.001213230181245559 -0.010384544433126676
leaf_weight=29 105 210 21 24 39 22 22 24 2601 65 37 25 27 37 46 223 23 31 29 94 21 36 21 20 141 195 649 307 232 29
leaf_count=29 105 210 21 24 39 22 22 24 2601 65 37 25 27 37 46 223 23 31 29 94 21 36 21 20 141 195 649 307 232 29
internal_value=-3.56549e-12 -0.000218812 0.000115174 8.99846e-05 0.00223992 0.00491315 0.000955924 -4.42213e-06 5.09427e-05 0.000859181 0.00138417 0.000943864 0.000624426 -0.000299341 0.00247196 0.000393259 0.00391593 0.00272296 -0.00315797 -0.00165009 0.00583962 -0.00319324 1.30759e-05 0.00106896 -0.000882645 0.00252363 -0.000306401 -0.00104553 -0.0022495 -0.00639459
internal_weight=5385 1857 3528 1647 188 61 127 3340 3283 682 564 499 474 316 158 279 121 98 56 118 52 57 1623 377 161 216 1246 597 290 58
internal_count=5385 1857 3528 1647 188 61 127 3340 3283 682 564 499 474 316 158 279 121 98 56 118 52 57 1623 377 161 216 1246 597 290 58
is_linear=0
shrinkage=0.05


Tree=131
num_leaves=31
num_cat=0
split_feature=6 2 0 5 2 7 2 5 9 11 11 7 0 6 5 11 11 5 11 8 8 5 9 9 14 10 5 6 11 5
split_gain=0.0528123 0.207236 0.111681 0.0698683 0.132136 0.222976 0.108474 0.0885373 0.581573 0.28901 0.285714 0.53228 0.313301 0.287216 0.247042 0.232046 0.224542 0.215838 0.156286 0.130414 0.156703 0.140479 0.1282 0.152458 0.241921 0.314236 0.140213 0.459533 0.207082 0.197597
threshold=0.012486142167803716 0.041071013558687482 0.032546970466175169 76.955213112595331 0.36482158266327408 0.2226437492281074 0.2217089618799746 70.83025103593512 0.50192051907965329 -0.61592547028518496 0.82220455770398648 0.14236489085718221 0.1646055565161593 0.0180436668547241 70.266071338883037 0.21945386592036251 0.28267343953054763 72.380860201699448 -0.95100679492693041 7.3902386791968153 4.3021906808593977 59.403713938079228 3.1107743662355696 2.3234370968981115 0.13960386709049591 -0.54582867785703304 67.889451581303291 0.023761972830172368 0.50511526789489747 66.479339829767412
decision_type=2 2 2 2 2 2 2 2 2 2 2 2 2 2 2 2 2 2 2 2 2 2 2 2 2 2 2 2 2 2
left_child=1 -1 -3 7 5 6 -5 14 -9 18 12 -12 13 15 19 -11 -16 -15 -10 20 22 -22 23 26 -25 -26 29 28 -28 -2
right_child=3 2 -4 4 -6 -7 -8 8 9 10 11 -13 -14 17 16 -17 -18 -19 -20 -21 21 -23 -24 24 25 -27 27 -29 -30 -31
leaf_value=-0.0024252151685726386 -6.7006065710360169e-05 0.0058309349965344629 0.00072218094021081925 -0.00012820984490893105 0.0032800869368340663 -0.0043552164565136822 0.0045383718307130038 -0.0066602586888620868 0.00094154626907159891 0.0018549955279255907 0.0086748582264408475 -0.0017874925787891112 0.0021950357921014076 -0.0098677659943780822 7.597394287586213e-05 -0.0046674033924937247 0.007478611322031134 -0.0027656206768006085 0.0069261461962014442 -0.0034323971637474772 0.0047922877885866917 -5.7208175089077234e-05 -0.0030145161316290289 0.006323389379152407 0.0035267826273209521 -0.003535700537863055 0.0014360072762141692 -0.0068766060925554489 -0.0029387213954968111 0.0018544707848838925
leaf_weight=23 4394 23 20 33 46 22 20 38 24 30 20 31 32 23 20 25 21 20 20 28 32 28 36 24 36 28 76 32 42 138
leaf_count=23 4394 23 20 33 46 22 20 38 24 30 20 31 32 23 20 25 21 20 20 28 32 28 36 24 36 28 76 32 42 138
internal_value=-1.36635e-12 0.00140568 0.00345477 -1.74422e-05 0.0011703 -0.00012371 0.00163276 -4.50906e-05 -0.000938973 2.72881e-05 -0.000856244 0.00231539 -0.0021005 -0.00350313 2.54693e-06 -0.00110973 0.00386757 -0.00656444 0.00366182 -2.98327e-05 -1.02536e-05 0.00252919 -4.1957e-05 -1.95226e-05 0.00204234 0.000436946 -5.82761e-05 -0.00156227 -0.0001211 -8.49684e-06
internal_weight=5385 66 43 5319 121 75 53 5198 263 225 181 51 130 98 4935 55 41 43 44 4894 4866 60 4806 4770 88 64 4682 150 118 4532
internal_count=5385 66 43 5319 121 75 53 5198 263 225 181 51 130 98 4935 55 41 43 44 4894 4866 60 4806 4770 88 64 4682 150 118 4532
is_linear=0
shrinkage=0.05


Tree=132
num_leaves=31
num_cat=0
split_feature=6 4 3 7 5 12 12 9 13 3 6 5 10 6 13 13 1 6 0 6 3 3 4 4 0 5 1 1 13 13
split_gain=0.0515413 0.306335 0.339988 0.231456 0.511406 0.523553 0.208235 0.214932 0.395228 0.502359 0.337507 0.310665 0.346074 0.330533 0.259371 0.235566 0.219334 0.412157 0.270099 0.241226 0.221236 0.318744 0.200113 0.407505 0.392638 0.276769 0.551959 0.295967 0.276293 0.328073
threshold=0.026210051257460405 0.26124095047603485 0.0565048102923651 0.094123805504632022 68.76024347285076 0.028281606663830564 1.5086215706724528 1.3544361412406378 0.41464838790284525 0.31766806917862794 0.020814905000984731 53.926608784981291 -0.44015792518218749 0.02130378714545313 0.54612958624524754 -0.34164208784976985 -0.12459763578516279 0.02479344055553848 -0.089064550551308005 0.022703351613826091 0.088703744054602032 -0.13690646689324507 0.30433937561307939 0.3083885229352204 -0.033739486966008363 49.381739139083059 0.10157322325054809 0.030543372127002314 0.45331825249563457 0.65239391560351601
decision_type=2 2 2 2 2 2 2 2 2 2 2 2 2 2 2 2 2 2 2 2 2 2 2 2 2 2 2 2 2 2
left_child=1 6 -3 -4 5 -5 7 16 11 14 -11 -9 15 -14 -10 -13 17 20 19 -18 21 -1 24 -24 25 26 27 -2 -26 -30
right_child=22 2 3 4 -6 -7 -8 8 9 10 -12 12 13 -15 -16 -17 18 -19 -20 -21 -22 -23 23 -25 28 -27 -28 -29 29 -31
leaf_value=-0.0017045049160416869 -0.00021500817168567142 -0.0058647158763747908 -0.0039868637583484606 0.0092877288217372879 -0.0055961226619547239 -0.0015012743586505003 0.0033943722916195511 -0.0044834932746383753 0.0077904898487031462 0.000422604816655318 -0.0082570465991184828 -0.00069826723192818469 -0.0062150262296199804 -6.087517710208582e-05 0.0015018575361694445 0.0057794016227126124 -0.0057638540263149872 0.007581318390590174 7.564885344740257e-05 0.00029135205590262496 -0.0037986324338073079 0.004417091181967407 -0.0051119851425471836 -4.6899171338275551e-05 0.0025102301894464711 -0.0059099853377450606 0.0070302513437345629 -0.0055940259701206486 -0.0040503389894423125 0.0011962908670218474
leaf_weight=37 295 47 35 23 20 22 44 103 20 24 21 32 40 48 91 25 38 27 2403 29 22 50 41 1262 335 22 25 28 38 138
leaf_count=37 295 47 35 23 20 22 44 103 20 24 21 32 40 48 91 25 38 27 2403 29 22 50 41 1262 335 22 25 28 38 138
internal_value=-4.21867e-12 -0.000127773 -0.00235724 -0.00070873 0.00105642 0.00401311 -2.04604e-05 -7.03782e-05 -0.00114346 0.000828355 -0.0036279 -0.0023838 -0.000892294 -0.00285822 0.00263494 0.00214282 9.59787e-05 0.00205084 -1.16571e-05 -0.00314294 0.000680899 0.00181365 0.000187271 -0.000206276 0.000769329 -0.000471145 -0.00012731 -0.000681301 0.00166752 6.34958e-05
internal_weight=5385 3201 147 100 65 45 3054 3010 404 156 45 248 145 88 111 57 2606 136 2470 67 109 87 2184 1303 881 370 348 323 511 176
internal_count=5385 3201 147 100 65 45 3054 3010 404 156 45 248 145 88 111 57 2606 136 2470 67 109 87 2184 1303 881 370 348 323 511 176
is_linear=0
shrinkage=0.05


Tree=133
num_leaves=31
num_cat=0
split_feature=13 6 13 2 13 6 7 8 7 6 4 3 9 3 2 3 2 14 7 6 1 13 7 7 8 14 9 9 9 3
split_gain=0.0506467 0.188109 0.180835 0.330981 0.41846 0.323294 0.361859 0.359957 0.373081 0.310943 0.253123 0.195709 0.293382 0.438916 0.373831 0.293181 0.300812 0.241175 0.23947 0.374033 0.23501 0.234798 0.26855 0.22501 0.261931 0.207693 0.205238 0.350551 0.287334 0.398358
threshold=0.45331825249563457 0.072886939461157416 0.63564806695432108 0.19253677884856671 0.59328498876511349 0.015863391562421697 0.133235828399239 -0.062505328471271646 0.16953575592505807 0.023221930021899987 0.1853301099540578 -0.015811605761959443 1.1145992198408117 -0.13243566199944631 -0.04563230837150594 -0.10139751367596193 -0.11851697372311591 -0.033539944190782385 0.095178009324013657 0.032791194375132483 -0.062839564133147716 1.6566045769547511 0.07104123638777847 0.12309992734593604 -0.1491939717927038 -0.73051803209859656 1.1454974163072467 1.1056489356758183 1.3544361412406378 0.30884993322033222
decision_type=2 2 2 2 2 2 2 2 2 2 2 2 2 2 2 2 2 2 2 2 2 2 2 2 2 2 2 2 2 2
left_child=1 -1 3 4 5 -2 -7 -8 -9 10 -5 12 14 23 15 16 18 -13 -4 -20 -15 22 -16 -14 -25 -18 27 -19 29 -28
right_child=2 -3 11 9 -6 6 7 8 -10 -11 -12 17 13 20 21 -17 25 26 19 -21 -22 -23 -24 24 -26 -27 28 -29 -30 -31
leaf_value=0.00014147439201238509 -0.0058384362064922849 -0.0043951854595671537 0.00389477062659959 6.1075858628520599e-05 -0.0056245370986058368 0.0013925159370076279 -0.0075089568405279101 -0.0047745230988684023 0.0045426697825037303 -0.0022880004133496966 0.0067507660707398767 0.0052006003831943067 -3.1731035253162394e-05 -0.0059460282437503341 -0.00075358572385964863 0.003338763585832732 -0.0082429711283607925 0.0006391444566855041 -0.004266466261469759 0.0022364387822496456 5.4101034146832662e-05 0.00078440431000975283 -0.0062650699727841985 0.00039706419532497725 0.0072639126012601501 -0.0012912172014780698 -0.0057219482788985433 0.0065781505491871103 0.00019882690166890969 0.00098799106136367144
leaf_weight=3493 30 23 30 26 63 122 28 22 21 35 31 26 36 25 31 44 22 560 48 41 47 24 77 21 41 21 55 26 279 37
leaf_count=3493 30 23 30 26 63 122 28 22 21 35 31 26 36 25 31 44 22 560 48 41 47 24 77 21 41 21 55 26 279 37
internal_value=-6.30911e-12 0.000111798 -0.000210316 -0.0011871 -0.00202625 -0.00100969 -0.000259105 -0.0030971 -0.000224266 0.00142154 0.00369933 3.73197e-05 -0.000759539 0.000934756 -0.0016117 -0.000280624 -0.00126367 0.000449125 3.14851e-05 -0.00127075 -0.00202928 -0.00368898 -0.00468307 0.00311241 0.00493804 -0.00484793 0.000320036 0.00090265 -0.000600212 -0.00302339
internal_weight=5385 3516 1869 378 286 223 193 71 43 92 57 1491 508 170 338 206 162 983 119 89 72 132 108 98 62 43 957 586 371 92
internal_count=5385 3516 1869 378 286 223 193 71 43 92 57 1491 508 170 338 206 162 983 119 89 72 132 108 98 62 43 957 586 371 92
is_linear=0
shrinkage=0.05


Tree=134
num_leaves=31
num_cat=0
split_feature=12 8 14 4 8 10 11 1 10 4 13 2 12 3 3 14 1 14 14 12 9 11 2 11 4 1 3 2 14 12
split_gain=0.0541465 0.479842 0.345409 0.352857 0.288251 0.26598 0.441198 0.33348 0.419223 0.465561 0.499449 0.392873 0.415048 0.317158 0.51351 0.32361 0.354567 0.291604 0.272023 0.427484 0.265386 0.233204 0.205354 0.18352 0.16939 0.162058 0.28378 0.233106 0.198211 0.1472
threshold=0.71691897496929091 1.2975963219418611 -0.6253609161790169 0.31140319235819108 1.0822599865804416 0.14859533576171158 -0.53996684510065995 0.080815788314897677 0.55098031756626742 0.31140319235819108 -0.70570507732153676 -0.077737351100079163 1.2822555772961712 0.40092064691947721 0.57196618710590807 0.90770216561350014 0.09579192795084647 2.4633071380975164 -0.7647886144582644 1.0103793461550141 0.70398318149146955 0.23905404655130935 0.25301201560802095 -0.20312897266690985 0.26942670001191465 -0.073190552691349428 -0.043540807793972063 -0.021383942373436157 -0.24369153377639188 1.2124771538377452
decision_type=2 2 2 2 2 2 2 2 2 2 2 2 2 2 2 2 2 2 2 2 2 2 2 2 2 2 2 2 2 2
left_child=-1 4 -3 21 5 6 -2 8 23 11 -11 -10 -13 15 -15 16 18 22 19 -8 -17 -4 -9 -7 29 28 -27 -28 -20 -25
right_child=1 2 3 -5 -6 7 13 17 9 10 -12 12 -14 14 -16 20 -18 -19 25 -21 -22 -23 -24 24 -26 26 27 -29 -30 -31
leaf_value=7.1165621652164452e-05 0.0063653525197878485 0.0015328461097346413 -0.0058077812387511652 -0.0094398181307418592 0.0058622534713885267 -0.0066475318058540943 -0.0073119604459498085 0.0010724707825543129 0.0056525518297262135 0.00087350659355845154 -0.0097916740214540852 -0.0036445147846825422 0.0049056365027685062 0.0094795833483500326 -0.0010860542131527126 -0.0077152069386405252 -0.0038360142945557049 -0.0037934406802220193 0.0040644422220066185 0.0027881969552254306 -0.0004239593417598651 0.00058952756891293191 0.0061760905371220027 -0.0032488132229264014 -0.0067077693130288803 0.00024931994690136479 0.010091828533702276 0.0033621723222876754 -0.0024527558262759288 0.00083134057698771354
leaf_weight=4482 34 27 29 29 21 38 20 73 42 23 21 40 22 23 23 24 38 23 20 22 26 28 27 60 21 33 22 31 28 35
leaf_count=4482 34 27 29 29 21 38 20 73 42 23 21 40 22 23 23 24 38 23 20 22 26 28 27 60 21 33 22 31 28 35
internal_value=6.53813e-12 -0.000353227 -0.00340077 -0.00494969 8.26867e-05 -7.51428e-05 0.000958444 -0.00091174 -0.00180558 9.47033e-05 -0.00421669 0.00191876 -0.00061059 0.000365428 0.00419676 -0.000302153 0.000544016 0.00128289 0.0014897 -0.0020214 -0.00392376 -0.00266524 0.00245045 -0.00363183 -0.00264392 0.0025902 0.00388925 0.00615561 0.000262743 -0.0017456
internal_weight=5385 903 113 86 790 769 344 425 302 148 44 104 62 310 46 264 214 123 176 42 50 57 100 154 116 134 86 53 48 95
internal_count=5385 903 113 86 790 769 344 425 302 148 44 104 62 310 46 264 214 123 176 42 50 57 100 154 116 134 86 53 48 95
is_linear=0
shrinkage=0.05


Tree=135
num_leaves=31
num_cat=0
split_feature=1 1 8 10 8 6 3 3 13 12 13 9 12 3 10 9 1 9 9 3 3 12 1 4 9 2 13 7 6 5
split_gain=0.0524738 0.164292 0.293914 0.351782 0.349464 0.325566 0.294016 0.270249 0.16241 0.192206 0.156798 0.156447 0.349911 0.368424 0.283347 0.271337 0.308672 0.298131 0.341315 0.354415 0.428734 0.267167 0.257703 0.345805 0.256513 0.228638 0.216378 0.213796 0.37359 0.252188
threshold=-0.046787291016576353 -0.030174205516856064 0.19162011693157857 0.34962284890574602 1.0000000180025095e-35 0.025819038799165469 0.11007601426727966 0.35454179604391828 2.1236887815095407 -0.057503823329569985 1.9182341251696702 1.196263057534352 1.234286040425846 -0.13009263413149549 0.47326019622659637 1.0360349656555201 -0.20159264365131166 0.93234919712960052 0.89665644161070235 -0.42265549772771788 -0.2625316734906184 0.71691897496929091 -0.1358351179224471 0.20759056073134649 1.5456076801397816 -0.0065059949943679909 0.71425213380775288 0.29847927193297769 0.03908710677953886 32.338779633588707
decision_type=2 2 2 2 2 2 2 2 2 2 2 2 2 2 2 2 2 2 2 2 2 2 2 2 2 2 2 2 2 2
left_child=8 2 4 5 6 -4 -2 -8 10 -10 11 15 13 26 -15 17 -17 18 19 -1 21 -21 -18 -24 -16 -19 -13 28 29 -22
right_child=1 -3 3 -5 -6 -7 7 -9 9 -11 -12 12 -14 14 24 16 22 25 -20 20 27 -23 23 -25 -26 -27 -28 -29 -30 -31
leaf_value=0.0052273580192455232 -0.003851377806056227 -1.7406639132207715e-05 -0.0040620941026700717 0.0068457581719849258 -0.0068821114890680116 0.0036872060928979651 0.0036033638481361174 -0.0034319822720828511 0.0057788756609495201 -0.00063883203081786636 -0.0035559690682150959 0.0010340836184384587 -0.0045214034546612915 -0.00015843821345289165 -0.0057772654355788718 -0.0026538030960812017 0.0067449434135013675 -0.0035971701515976479 0.0051642619324131656 -0.0016270178031514992 0.003617355802478934 -0.0081020086892836154 0.0055450354285841424 -0.00016759564438699814 -7.462121376937086e-05 0.0010625547636897328 0.0056455480033588239 -0.0042014132973484022 0.0063390861169017598 2.7434624710972468e-05
leaf_weight=35 58 3558 33 20 37 23 39 21 28 20 28 111 48 294 49 26 39 81 39 66 56 21 43 69 33 39 33 22 29 387
leaf_count=35 58 3558 33 20 37 23 39 21 28 20 28 111 48 294 49 26 39 81 39 66 56 21 43 69 33 39 33 22 29 387
internal_value=2.16124e-12 -0.000101298 -0.00139345 0.00115358 -0.00264231 -0.000879346 -0.00131288 0.00114099 0.000240488 0.00310483 0.000151672 0.00021997 -0.000436744 -5.9698e-05 -0.000883323 0.000611791 0.00237811 0.000208386 0.000628137 0.000340948 4.65855e-05 -0.00318995 0.00324454 0.00202565 -0.0034823 -0.00208276 0.00209088 0.000616582 0.00084115 0.00048124
internal_weight=5385 3789 231 76 155 56 118 60 1596 48 1548 1520 568 520 376 952 177 775 655 616 581 87 151 112 82 120 144 494 472 443
internal_count=5385 3789 231 76 155 56 118 60 1596 48 1548 1520 568 520 376 952 177 775 655 616 581 87 151 112 82 120 144 494 472 443
is_linear=0
shrinkage=0.05


Tree=136
num_leaves=31
num_cat=0
split_feature=4 4 8 12 6 7 10 2 11 8 8 9 11 1 9 9 7 7 10 8 12 14 4 6 11 14 11 10 9 9
split_gain=0.0488814 0.487519 0.360201 0.323068 0.327866 0.316028 0.296252 0.272827 0.232984 0.240783 0.333182 0.265879 0.222478 0.21858 0.227555 0.29749 0.341038 0.211628 0.199468 0.196642 0.419775 0.374342 0.218476 0.282964 0.214652 0.238479 0.414302 0.412998 0.234052 0.259837
threshold=0.20455940954875232 0.1976670631039931 1.0822599865804416 -0.022012936853076367 0.015724937810047926 0.06439615995251223 -0.11954240555129764 0.058981994542338885 0.82220455770398648 0.033348519798745625 0.37102995279264522 0.79245452720244303 1.5862813070040171 0.15643684752449596 1.3377119930735868 1.1532118517484926 0.11639830009311915 0.067743178039989652 -0.39397987820651031 1.384784087966773 0.69852915524707548 -0.6253609161790169 0.31140319235819108 0.025985536796821907 -1.6262986585588721 -0.31711356553535713 1.0000000180025095e-35 -0.076100786949401533 1.843340228998158 1.489211790724543
decision_type=2 2 2 2 2 2 2 2 2 2 2 2 2 2 2 2 2 2 2 2 2 2 2 2 2 2 2 2 2 2
left_child=1 2 -1 6 -5 8 -4 -6 9 11 -11 -2 -10 14 15 16 -3 18 -7 -19 24 -22 23 -23 -21 26 -26 -28 29 -27
right_child=5 13 3 4 7 17 -8 -9 12 10 -12 -13 -14 -15 -16 -17 -18 19 -20 20 21 22 -24 -25 25 28 27 -29 -30 -31
leaf_value=-0.00014196500092446325 0.0073768866855813105 -0.0034143161727438888 -0.0047255694080376998 0.00046912016579881311 0.001955798876006156 0.00084917748324750452 0.0032155166562322689 0.0092393188504502188 0.0069115930565226916 -0.0043563327286392454 0.0028728194829974593 0.00059873013972089849 0.00062327547930181033 -0.005702675565788966 -0.0060709341345354913 0.0047550911223515867 0.0025278613309968603 0.00021057139065403337 -0.0052825523824948407 -0.0041406208709363016 0.0015668706890816491 -0.0072779112454989681 -0.0090963330350600051 0.00074973949009463905 0.0067861988455714551 -0.00021436758172160513 0.0044158254173539933 -0.0053871379572559492 0.004138522095279768 -0.0044754128686563914
leaf_weight=1509 23 90 24 35 20 21 23 36 39 37 28 39 22 42 25 20 33 2798 36 31 24 23 28 21 34 213 21 22 25 43
leaf_count=1509 23 90 24 35 20 21 23 36 39 37 28 39 22 42 25 20 33 2798 36 31 24 23 28 21 34 213 21 22 25 43
internal_value=2.37769e-13 -0.000207638 8.16446e-05 0.00252677 0.00426539 0.000109293 -0.000839506 0.00663806 0.00210392 0.000884043 -0.00124224 0.00311321 0.00464368 -0.00247644 -0.00166988 -0.00090047 -0.00182007 -2.98007e-06 -0.00302349 4.94626e-05 -0.000879986 -0.00384104 -0.00564368 -0.00344653 -0.000149237 0.000196386 0.00266164 -0.000599644 -0.000479146 -0.00093009
internal_weight=5385 1857 1647 138 91 3528 47 56 188 127 65 62 61 210 168 143 123 3340 57 3283 485 96 72 44 389 358 77 43 281 256
internal_count=5385 1857 1647 138 91 3528 47 56 188 127 65 62 61 210 168 143 123 3340 57 3283 485 96 72 44 389 358 77 43 281 256
is_linear=0
shrinkage=0.05


Tree=137
num_leaves=31
num_cat=0
split_feature=12 12 14 3 12 3 2 5 12 7 5 7 13 13 1 9 8 3 1 8 2 10 14 14 4 7 2 12 10 2
split_gain=0.0499214 0.0692775 0.222486 0.178092 0.0902303 0.212524 0.0730278 0.129319 0.199359 0.0972738 0.159418 0.126699 0.321623 0.250563 0.250566 0.230289 0.224731 0.209463 0.2517 0.181553 0.14999 0.362729 0.17028 0.355828 0.173578 0.128135 0.319045 0.258629 0.171229 0.375135
threshold=2.5328300052630328 1.68547347627035 -0.64143309383293412 0.088703744054602032 1.5086215706724528 -0.051214817712161402 -0.44745465206100027 26.078002738703734 0.20195374397416782 0.49506453426054936 28.353643349481001 0.27456052767475791 -0.92268994781890756 1.0000000180025095e-35 0.41648675104994876 1.4408327709861324 -0.8730856406133779 0.14751274816028673 0.19236259845485851 0.90906876798813474 -0.33057499742558577 0.21868448014759326 -1.4920396847701178 -1.2830040763175248 0.23976686693871538 0.2545092882167061 0.014280829736431301 -0.41396651961325515 0.54006305941504507 -0.077737351100079163
decision_type=2 2 2 2 2 2 2 2 2 2 2 2 2 2 2 2 2 2 2 2 2 2 2 2 2 2 2 2 2 2
left_child=1 4 -3 -4 6 -6 -1 8 -8 10 -9 20 15 17 16 -13 -15 -14 -19 -18 21 -12 -22 24 -24 28 -27 -28 -25 -30
right_child=-2 2 3 -5 5 -7 7 9 -10 -11 11 12 13 14 -16 -17 19 18 -20 -21 22 -23 23 25 -26 26 27 -29 29 -31
leaf_value=0.0023393176580694588 0.00243307419476055 -0.0045546655318877824 0.0034419651919355 -0.0025453331272887146 -0.0014089056290686132 0.0057126127119938083 -0.0051999896205961703 0.003207665691838767 0.0006662797814767276 -0.0027861632541903566 -0.0064076110977551032 0.0013906418223326145 0.00074602111571413633 -0.0018797502946108582 -0.0028073807999205135 0.0071977279164017211 0.0062462032199042238 -0.0080728283070999659 -0.00040332626551389697 0.00096597476137200524 0.0033028853248412669 0.0022209353922378449 -0.008010509693995119 0.00014322414638978507 -0.0015745218635526148 -0.007474643086316065 0.0036410521017387512 -0.0040575890196487309 0.001258249513503262 -0.0013826981678237359
leaf_weight=33 21 34 27 23 20 22 30 39 28 31 29 38 34 20 26 31 41 23 20 27 38 21 20 3919 22 20 24 20 181 523
leaf_count=33 21 34 27 23 20 22 30 39 28 31 29 38 34 20 26 31 41 23 20 27 38 21 20 3919 22 20 24 20 181 523
internal_value=2.15218e-12 -9.52546e-06 -0.00143415 0.000687808 1.3139e-05 0.00232141 -5.36955e-06 -2.0235e-05 -0.002368 6.22123e-06 2.31415e-05 -1.3211e-06 0.00107379 1.68162e-05 0.00150516 0.00399962 0.00277933 -0.00218671 -0.00450562 0.00414964 -5.93509e-05 -0.00278362 -3.07766e-05 -5.75643e-05 -0.00463928 -1.65078e-05 -0.00223843 0.00014167 1.42521e-05 -0.000703705
internal_weight=5385 5364 84 50 5280 42 5238 5205 58 5147 5116 5077 260 191 114 69 88 77 43 68 4817 50 4767 4729 42 4687 64 44 4623 704
internal_count=5385 5364 84 50 5280 42 5238 5205 58 5147 5116 5077 260 191 114 69 88 77 43 68 4817 50 4767 4729 42 4687 64 44 4623 704
is_linear=0
shrinkage=0.05


Tree=138
num_leaves=31
num_cat=0
split_feature=7 9 13 13 13 3 5 0 9 8 11 0 13 10 11 4 12 12 10 11 7 5 10 7 13 11 9 14 13 0
split_gain=0.0481033 0.200958 0.244692 0.229831 0.449503 0.29892 0.205386 0.199332 0.306865 0.27653 0.210138 0.195631 0.507144 0.392975 0.223122 0.325608 0.392625 0.322478 0.296034 0.409115 0.421075 0.34082 0.327511 0.338161 0.312228 0.289349 0.37457 0.300407 0.285557 0.266976
threshold=0.091435549506555566 1.7408548463895765 0.39462231454351315 1.6029078352286488 1.3699389265399462 -0.048352245153554511 71.694282411892985 -0.057828035777306656 1.1366524319874938 -0.4066021448338118 0.31186053383294926 -0.036240029204949391 0.75797218861670246 -0.47107523070722296 0.18649533137513341 0.15842548718171437 0.58063779320383146 0.66794705763260687 -0.58223019438419821 1.1402948132524071 0.078360149062742621 59.655014897809117 -0.34593461572689271 0.061036438197268152 -0.78226952508215775 0.13654882256936721 0.85673699645293844 2.9134618659328546 0.052497422557375335 0.0049999716849640228
decision_type=2 2 2 2 2 2 2 2 2 2 2 2 2 2 2 2 2 2 2 2 2 2 2 2 2 2 2 2 2 2
left_child=1 3 -3 4 6 -5 7 8 9 -1 -11 12 13 -9 15 17 25 -13 -16 20 22 24 23 -20 -21 26 29 28 -28 -17
right_child=-2 2 -4 5 -6 -7 -8 11 -10 10 -12 14 -14 -15 18 16 -18 -19 19 21 -22 -23 -24 -25 -26 -27 27 -29 -30 -31
leaf_value=-0.0054919241572774597 0.00010935644521344435 -0.0062475580516426522 3.7940303445793692e-05 -0.00099211819469928746 -0.006607990996498201 0.0065515179010429267 -0.0037420481357625444 0.0049097478156909348 -0.0074354290157895202 -0.0013013833512862524 0.0053151709103258331 -0.00030977344125192736 0.0079867236738748581 -0.0009950669009613361 -0.0011535937155296475 0.00029706318255550432 -0.0046260302693679417 0.0043875664521086342 0.00018108597694663331 -0.0042770712366027221 0.0042448766841788029 -0.0074284044348380783 6.6657650708162506e-05 0.0064670554645683458 0.002187259756573575 -0.0064876725231962544 0.0049715254747984463 -0.0045717967639211567 0.00030702103141938217 -0.0044178141306524411
leaf_weight=21 3507 30 32 24 27 29 38 38 22 30 20 153 27 109 216 51 87 48 40 31 114 22 319 46 47 21 51 20 92 73
leaf_count=21 3507 30 32 24 27 29 38 38 22 30 20 153 27 109 216 51 87 48 40 31 114 22 319 46 47 21 51 20 92 73
internal_value=6.33657e-13 -0.000204214 -0.00300343 -0.000108646 -0.000206173 0.00313553 -0.000106606 -2.52473e-05 -0.00227578 -0.000677021 0.00134524 0.000105158 0.00168822 0.000531348 -8.73317e-05 -0.000826326 -0.00166 0.000811979 0.000440142 0.000996276 0.00156052 -0.00193213 0.000804918 0.00354335 -0.000381897 -0.000822187 -0.000407639 0.00116784 0.00197059 -0.00247863
internal_weight=5385 1878 62 1816 1763 53 1736 1698 93 71 50 1605 174 147 1431 596 395 201 835 619 519 100 405 86 78 308 287 163 143 124
internal_count=5385 1878 62 1816 1763 53 1736 1698 93 71 50 1605 174 147 1431 596 395 201 835 619 519 100 405 86 78 308 287 163 143 124
is_linear=0
shrinkage=0.05


Tree=139
num_leaves=31
num_cat=0
split_feature=2 3 10 11 5 6 11 11 6 4 12 7 4 9 9 6 13 4 5 11 0 0 12 12 3 7 10 6 11 6
split_gain=0.0482873 0.136058 0.0711083 0.0889338 0.283008 0.41162 0.169632 0.086073 0.405354 0.315367 0.580659 0.325078 0.278379 0.222544 0.268839 0.258282 0.256073 0.195933 0.202996 0.178023 0.337862 0.29175 0.35875 0.456074 0.454193 0.370535 0.364349 0.312966 0.31971 0.299363
threshold=1.7049724329315799 2.6845325874711881 2.910674863632877 -2.0161605388653525 44.754811543152904 0.037696269645478168 -2.4857018074629864 -1.0715191371163384 0.03154102073797229 0.36610770283525734 -0.26933573386430221 0.15500395099029152 0.21068137284422339 1.3122077203564031 1.613713169253701 0.045166016920754469 0.12159759658924497 0.24472161092744918 53.329504984178733 -0.5481175584402902 0.099417504061913978 0.030675807454245144 -0.46326983357829693 -0.63433916466878781 0.5187872969781282 0.20096468998274289 0.045038640596937296 0.021224535058105093 -0.67793304966436918 0.026826104210185733
decision_type=2 2 2 2 2 2 2 2 2 2 2 2 2 2 2 2 2 2 2 2 2 2 2 2 2 2 2 2 2 2
left_child=1 2 3 4 -1 -6 -7 8 12 10 -10 -12 -5 16 -15 -16 -11 -14 -19 20 21 22 23 26 25 27 -9 28 -24 -29
right_child=-2 -3 -4 7 5 6 -8 19 9 13 11 -13 17 14 15 -17 -18 18 -20 -21 -22 -23 24 -25 -26 -27 -28 29 -30 -31
leaf_value=0.005735180134485875 -0.0023929199913427946 0.0036175596796406001 -0.002983980323188007 0.0017910731211304666 0.0052110589871352374 -0.0064053973981312339 2.8760852292180061e-05 -0.003827712696045637 -0.0016784035147995584 0.00091273900850311572 0.0026789979743106025 0.011585990581661463 -0.0082681168146707396 0.0045731726279161101 -0.0054177949194917866 0.001528603132646822 -0.0057392466279009404 0.0006298630725888705 -0.005693429183835785 -7.7956113787170926e-05 0.0035571589333859761 -0.0017474205292761326 -0.0030134588791280175 -0.007194014894776047 0.0083468905757539541 -0.00479880655991358 0.0041237212210784068 0.006753101462769944 0.0034944547347549818 0.0014355192237170572
leaf_weight=28 21 26 20 20 22 21 20 25 36 23 21 20 27 29 23 32 39 22 30 4365 97 125 46 26 26 22 34 48 32 59
leaf_count=28 21 26 20 20 22 21 20 25 36 23 21 20 27 29 23 32 39 22 30 4365 97 125 46 26 26 22 34 48 32 59
internal_value=-1.42536e-12 9.36825e-06 -8.2063e-06 2.98503e-06 0.00155264 -0.000306267 -0.00326678 -2.39938e-05 -0.000815891 0.000366128 0.00295528 0.00702387 -0.00347842 -0.000999381 0.000677715 -0.00137625 -0.00327157 -0.00481247 -0.00301819 2.79921e-05 0.000884407 0.000299176 0.00110366 -0.00167683 0.002118 0.00133562 0.00075447 0.00206512 -0.000343546 0.00382098
internal_weight=5385 5364 5338 5318 91 63 41 5227 322 223 77 41 99 146 84 55 62 79 52 4905 540 443 318 85 233 207 59 185 78 107
internal_count=5385 5364 5338 5318 91 63 41 5227 322 223 77 41 99 146 84 55 62 79 52 4905 540 443 318 85 233 207 59 185 78 107
is_linear=0
shrinkage=0.05


Tree=140
num_leaves=31
num_cat=0
split_feature=9 4 14 8 9 13 0 13 2 9 1 13 2 2 13 9 3 8 2 13 3 7 4 13 10 3 2 0 1 0
split_gain=0.0479304 0.0772873 0.0843 0.0727711 0.0681154 0.174283 0.189565 0.135879 0.240481 0.116519 0.201751 0.146246 0.0842834 0.256831 0.241597 0.211139 0.202497 0.501259 0.323435 0.242337 0.294404 0.21467 0.201137 0.192626 0.249596 0.219045 0.20582 0.281947 0.315736 0.290842
threshold=-0.16591088388161881 0.78686882652653989 7.6054456789461486 7.3902386791968153 2.2476648426633665 0.21348291217900386 -0.020171035511719389 0.73088006975435349 0.29033795413316438 2.0201836482695299 -0.070731441383970625 -0.10521366160223845 0.39169868010079351 0.3047722361945559 -1.1550350254782324 1.6671900724878974 0.60000002152785881 0.13840003228017997 0.21645742130578985 1.0479956099236676 0.95840747664429105 0.087562759922926905 0.23868775315549587 1.316308446570752 0.027554572098455025 0.4755595142512597 0.41169968347852032 0.001646031729923614 0.16608255868138869 0.033289701315023852
decision_type=2 2 2 2 2 2 2 2 2 2 2 2 2 2 2 2 2 2 2 2 2 2 2 2 2 2 2 2 2 2
left_child=-1 2 3 4 9 6 -6 -7 -9 12 -11 -12 13 16 -15 22 -2 19 -19 20 21 -18 -16 25 -25 -14 -27 -28 -29 -30
right_child=1 -3 -4 -5 5 7 -8 8 -10 10 11 -13 23 14 15 -17 17 18 -20 -21 -22 -23 -24 24 -26 26 27 28 29 -31
leaf_value=0.0021013679603735609 -3.9475172870488585e-05 -0.0031129839085042477 0.0032410997245460749 -0.0021630342336347664 -0.00010231720419445386 -0.0038223927740805917 0.0057761273550568154 0.0036357283938143938 -0.0024116489795907854 0.0015994394606591582 -0.006288043364744496 -0.0010341499072427933 0.0031829787282028343 0.0027775791441572127 -0.0013706469469231225 0.0022113140188873962 0.00014816855313256385 -0.0039127386231147861 0.0029660209184512497 0.007679017506539822 -0.0032735093170776965 0.0049440326784471319 -0.0044940628137310453 0.0015025166436456719 -0.0053007856743144139 0.0049092976672744214 0.0034923233512062129 -0.0065765076357385396 -0.0054687863946045667 0.00083366293714321946
leaf_weight=27 4185 20 20 39 24 21 32 35 31 27 27 26 97 29 136 26 35 54 25 25 20 70 83 26 28 22 41 23 22 109
leaf_count=27 4185 20 20 39 24 21 32 35 31 27 27 26 97 29 136 26 35 54 25 25 20 70 83 26 28 22 41 23 22 109
internal_value=2.87846e-13 -1.05892e-05 1.03461e-06 -1.11507e-05 4.74694e-06 0.00108112 0.00325679 -0.00031932 0.000795294 -2.52221e-05 -0.0019185 -0.00371066 4.73491e-06 -5.24613e-05 -0.00153785 -0.00204866 3.97446e-05 0.00148749 -0.00173592 0.00318516 0.00228638 0.00334541 -0.00255441 0.000733365 -0.00202512 0.00120775 0.000324821 -0.000192402 -0.0011734 -0.000224764
internal_weight=5385 5358 5338 5318 5279 143 56 87 66 5136 80 53 5056 4688 274 245 4414 229 79 150 125 105 219 368 54 314 217 195 154 131
internal_count=5385 5358 5338 5318 5279 143 56 87 66 5136 80 53 5056 4688 274 245 4414 229 79 150 125 105 219 368 54 314 217 195 154 131
is_linear=0
shrinkage=0.05


Tree=141
num_leaves=31
num_cat=0
split_feature=6 4 8 0 3 8 12 13 6 1 7 13 12 10 8 4 10 12 9 9 8 10 10 3 1 14 12 3 10 9
split_gain=0.0484768 0.147854 0.239598 0.119707 0.159617 0.0563559 0.206859 0.310687 0.560748 0.298964 0.264476 0.288261 0.222744 0.211076 0.197383 0.349548 0.225996 0.294258 0.273287 0.28058 0.37174 0.2499 0.243619 0.262621 0.235869 0.490472 0.44367 0.398669 0.289251 0.233275
threshold=0.012486142167803716 0.12448177219226009 -0.083478276002842328 0.042440499213466383 0.11871710360993272 -0.81054092511256415 -0.88733372600475569 1.0479956099236676 0.035375297760861311 -0.17409479933242819 0.2158746904848369 -0.30969748278795278 0.12035584026678915 -0.51396445399874502 -0.90380263249915938 0.19126232860959802 0.47326019622659637 0.028281606663830564 1.6987181885662344 0.88197486355250965 -1.2781824219682205 -0.30045005980252587 0.64198223097577667 0.12899154627960355 0.14393640724871218 1.8893284687097076 0.45538574445518831 0.31766806917862794 -0.10185065504915038 1.213175709059193
decision_type=2 2 2 2 2 2 2 2 2 2 2 2 2 2 2 2 2 2 2 2 2 2 2 2 2 2 2 2 2 2
left_child=3 2 -2 4 -1 6 13 9 12 -8 14 -12 -9 -3 16 -16 18 -18 19 20 -11 -22 -19 -24 25 26 28 -26 29 -21
right_child=1 5 -4 -5 -6 -7 7 8 -10 10 11 -13 -14 -15 15 -17 17 22 -20 24 21 -23 23 -25 27 -27 -28 -29 -30 -31
leaf_value=-0.00029917920363091286 0.00082459712866693739 0.0031190673047446727 -0.0069148716889321817 -0.0016646764050661164 0.0057300495998630222 8.6378722962057914e-05 0.002725681572166436 0.0025696863394437568 -0.0025294725675272141 -0.0026929809881571249 -0.0066607942402532152 -0.00062783443071465531 0.0087882774377552163 -0.00054944879988110375 -0.0074526862769077225 5.9793879336211832e-05 -0.0070407772567705256 -0.0058548915155586748 -0.0045610698666223469 -0.0056581139337976245 0.0063321221831508668 -0.00050693142967408197 -0.00276698555715163 0.0034944783670432644 0.0034974310631779113 0.0067408040680715618 0.0052924694505353011 -0.0053640406058790792 0.0022239756856357591 0.00067129257149645127
leaf_weight=21 20 81 20 22 23 4255 51 36 41 130 44 36 24 76 30 32 28 21 32 37 22 34 34 33 22 45 39 30 42 24
leaf_count=21 20 81 20 22 23 4255 51 36 41 130 44 36 24 76 30 32 28 21 32 37 22 34 34 33 22 45 39 30 42 24
internal_value=-2.76989e-12 -1.67109e-05 -0.00304514 0.00134675 0.00285246 6.23603e-06 -0.000326779 -0.00062919 0.00197742 -0.000972881 -0.00123669 -0.00394596 0.00505712 0.00134323 -0.000895369 -0.00357528 -0.000605397 -0.00257633 -0.000105116 0.000230391 -0.0012259 0.00217984 -0.00115582 0.000317019 0.00136373 0.00219203 0.000750522 -0.00161496 -0.000969245 -0.00316786
internal_weight=5385 5319 40 66 44 5279 1024 867 101 766 715 80 60 157 635 62 573 116 457 425 186 56 88 67 239 187 142 52 103 61
internal_count=5385 5319 40 66 44 5279 1024 867 101 766 715 80 60 157 635 62 573 116 457 425 186 56 88 67 239 187 142 52 103 61
is_linear=0
shrinkage=0.05


Tree=142
num_leaves=31
num_cat=0
split_feature=0 6 9 9 9 6 8 12 4 1 12 8 2 9 5 1 4 2 8 3 12 0 9 3 12 5 2 8 6 14
split_gain=0.0463002 0.193929 0.220236 0.129691 0.0724928 0.152883 0.38723 0.18478 0.207433 0.135698 0.0835719 0.235 0.233016 0.368989 0.399036 0.447364 0.348045 0.270479 0.236614 0.217668 0.249849 0.190479 0.183962 0.182278 0.161949 0.374734 0.350679 0.30108 0.322796 0.295955
threshold=0.24323364968969122 0.051254915504846281 1.7069138077803974 1.1694440475719592 3.1107743662355696 0.055912505732324848 -4.777673766929369 1.0775180882061279 0.63357828869692001 -0.35175439786496321 -0.49790672424525956 -4.2916615694016444 0.29454741662908707 1.0448044297649279 63.387857870608464 0.12777680463942601 0.26124095047603485 0.35461612034810669 -0.191791398356254 0.58017301979178459 -0.92251357023976654 0.14754568625181944 0.65724642303192993 0.49041781217842312 -0.88733372600475569 63.177708573280448 -0.29766718087397415 -0.29387272453726004 0.027583974390644923 0.55854315622791662
decision_type=2 2 2 2 2 2 2 2 2 2 2 2 2 2 2 2 2 2 2 2 2 2 2 2 2 2 2 2 2 2
left_child=4 2 3 -2 5 9 -7 8 -8 -1 11 -11 19 17 15 18 -17 -14 -15 21 -21 23 -19 24 25 26 -13 28 -28 -26
right_child=1 -3 -4 -5 -6 6 7 -9 -10 10 -12 12 13 14 -16 16 -18 22 -20 20 -22 -23 -24 -25 29 -27 27 -29 -30 -31
leaf_value=-0.0037982013872048508 0.0028016501392068515 -0.0026126055667797729 0.0068283596727997074 -0.0019726836904883386 -0.0022567195736984207 -0.0046420997008681303 0.0059322740363243684 -0.0013644775771535934 0.00081578336248639978 0.004212222048253925 8.1413890012920474e-05 0.0058322887867689136 -0.0092239939131895498 -0.0064129502113376346 -0.0045019408820995265 5.2712318886603632e-05 0.0077431991816528378 -0.006587428231501863 0.0011860684491693974 -0.00065121868586478138 0.0050571351192846177 -0.0037560691125690937 -0.00075622539673196642 -0.0034291371392707031 -0.0021469140012770143 0.0062429448090759775 0.0056484348260135838 -0.0012794023618864065 1.6652358478152909e-05 0.00064445678908277748
leaf_weight=24 33 27 20 25 36 20 52 20 32 27 3917 26 23 21 42 28 31 21 20 36 41 40 38 42 194 28 38 220 77 186
leaf_count=24 33 27 20 25 36 20 52 20 32 27 3917 26 23 21 42 28 31 21 20 36 41 40 38 42 194 28 38 220 77 186
internal_value=5.37083e-12 0.00103966 0.0023039 0.000743748 -2.0675e-05 -5.32461e-06 0.00172945 0.00295475 0.00398313 -4.73387e-05 -2.96737e-05 -0.000398741 -0.00050681 -0.0019542 -0.000412091 0.00130565 0.00409348 -0.00462469 -0.00270611 -0.00015744 0.00238829 -0.000387782 -0.00283174 -0.000221652 -4.64709e-05 0.000670684 0.000238487 -0.000195659 0.00187759 -0.000780611
internal_weight=5385 105 78 58 5280 5244 124 104 84 5120 5096 1179 1152 224 142 100 59 82 41 928 77 851 59 811 769 389 361 335 115 380
internal_count=5385 105 78 58 5280 5244 124 104 84 5120 5096 1179 1152 224 142 100 59 82 41 928 77 851 59 811 769 389 361 335 115 380
is_linear=0
shrinkage=0.05


Tree=143
num_leaves=31
num_cat=0
split_feature=13 13 5 11 4 3 11 1 1 3 3 1 3 9 1 9 12 4 6 1 8 11 11 8 11 4 11 12 6 1
split_gain=0.0483277 0.165209 0.258332 0.167526 0.581543 0.416356 0.538328 0.30323 0.412498 0.298308 0.288603 0.379351 0.371181 0.517648 0.375317 0.248692 0.247093 0.434998 0.347034 0.245583 0.194372 0.183373 0.297116 0.277206 0.246377 0.544407 0.384941 0.413076 0.340603 0.302302
threshold=0.4347872696115887 0.41464838790284525 58.061183266162338 -0.39103497154958849 0.25067704748136471 0.11305314284644298 -0.72686720948375372 0.091540287044317728 -0.025630478673805687 0.62100531654365265 0.18016134167703071 0.064835083631230708 0.32559540506674717 1.0492831006834038 0.087238373052935261 1.0403682936768344 -0.41396651961325515 0.37792130515399058 0.047805337595346532 -0.12734154030393627 0.19725545461991412 -0.022800432010043333 0.053749799248347115 -0.69863741419982606 0.20200981152747391 0.36610770283525734 0.14338812745340027 0.35294216730616518 0.018894156712631682 -0.031926825942841901
decision_type=2 2 2 2 2 2 2 2 2 2 2 2 2 2 2 2 2 2 2 2 2 2 2 2 2 2 2 2 2 2
left_child=1 3 -3 4 9 7 16 8 19 10 11 15 13 -12 -14 -1 18 -18 -7 20 -6 -5 23 -23 25 26 27 -24 -28 -29
right_child=-2 2 -4 21 5 6 -8 -9 -10 -11 12 -13 14 -15 -16 -17 17 -19 -20 -21 -22 22 24 -25 -26 -27 28 29 -30 -31
leaf_value=-0.00159786672051996 -0.00020195741963725843 0.0071493230582702731 -0.00069335889448190026 -0.0010269518476715524 -0.0023754616235864574 -0.0061291404561523129 -0.0059391675038828647 0.0064640481557164875 -0.0053073727323309236 0.0071699179575911588 0.0027247956581413751 0.0094717914238572135 0.0081013707385864109 -0.0082739393348279216 -0.0003296936565840786 0.005454679876565934 0.005364901082924544 -0.0012590730949715875 0.0018231136967306553 0.0065228551888139924 0.0034649938502947669 -0.0022638070219684215 0.0036285689922182689 0.0042354944837279624 0.00015146184383094398 -0.0088452859376759643 0.00099588441046173973 0.0020899938804137966 -0.005164143518733468 -0.0055291057797148824
leaf_weight=25 1911 21 21 435 29 34 56 28 23 35 20 25 22 23 33 25 39 68 23 24 28 21 70 75 2095 23 34 23 66 30
leaf_count=25 1911 21 21 435 29 34 56 28 23 35 20 25 22 23 33 25 39 68 23 24 28 21 70 75 2095 23 34 23 66 30
internal_value=-1.52481e-12 0.000111094 0.00322798 7.29503e-05 0.000864059 -0.00037453 -0.00170654 0.00184548 0.000602023 0.00296013 0.00210844 0.00444287 0.000321894 -0.00315825 0.00304273 0.00192841 -0.00026125 0.00115527 -0.00292034 0.00228 0.000493534 -8.13049e-05 8.74913e-05 0.00281377 -2.43084e-05 -0.00152121 -0.000765816 0.00110729 -0.00306973 -0.0022227
internal_weight=5385 3474 42 3432 560 352 220 132 104 208 173 75 98 43 55 50 164 107 57 81 57 2872 2437 96 2341 246 223 123 100 53
internal_count=5385 3474 42 3432 560 352 220 132 104 208 173 75 98 43 55 50 164 107 57 81 57 2872 2437 96 2341 246 223 123 100 53
is_linear=0
shrinkage=0.05


Tree=144
num_leaves=31
num_cat=0
split_feature=6 4 11 3 13 9 14 13 10 11 14 5 5 4 11 4 9 6 3 3 0 10 6 10 6 11 10 7 9 9
split_gain=0.0459332 0.269473 0.460015 0.21017 0.170785 0.163575 0.374862 0.547686 0.472466 0.38134 0.328078 0.437159 0.316554 0.315212 0.297213 0.484299 0.295545 0.218547 0.452148 0.385741 0.297105 0.313111 0.324543 0.279394 0.271095 0.258556 0.247001 0.234389 0.204811 0.316066
threshold=0.026210051257460405 0.26124095047603485 0.77429853325506459 0.086452278268914454 0.085671678085750241 1.3544361412406378 1.6621710538150116 0.40479414251083085 -0.47107523070722296 -0.10414710558186756 0.95038306084032576 49.241607165715898 46.485527909771434 0.19633027403021566 0.58855786969251966 0.21068137284422339 1.6987181885662344 0.024888356458986263 -0.078031314928548631 -0.13690646689324507 0.056076268652497492 -0.29495838538260355 0.025183125143926972 0.20800919143374838 0.023507537132551198 -0.14206470688457432 0.032375408449355443 0.10287756105896467 1.5266570939884356 1.6987181885662344
decision_type=2 2 2 2 2 2 2 2 2 2 2 2 2 2 2 2 2 2 2 2 2 2 2 2 2 2 2 2 2 2
left_child=1 5 3 -3 -5 17 7 12 16 -10 11 -9 -7 -14 15 -11 -8 19 27 23 21 -20 -23 24 26 -25 -1 -19 -15 -30
right_child=-2 2 -4 4 -6 6 8 10 9 14 -12 -13 13 28 -16 -17 -18 18 20 -21 -22 22 -24 25 -26 -27 -28 -29 29 -31
leaf_value=-0.00035707289456493325 0.00017678968678220563 -0.0077709329374615228 0.0013029911494078605 -0.0059347873708854122 -0.00045856268012097904 -0.0050918215094609386 0.003339049870785522 0.0052225563350613369 -0.010437809831152361 -0.0050647565762379342 0.0066186679141154812 -0.0024676616569714888 -0.0055555995460599659 -0.002614460559561849 -0.0073021354602782855 0.0051224047067807994 -0.0039430114990946924 0.010315910440403968 -0.0067734086699783799 0.00017364665072317181 0.0040148345833203123 0.0046780537133320017 -0.0026529595773253176 0.0027535289585685885 -0.008372430741373036 -0.0032599325447032848 -0.0070351973595097666 0.0027527010755702148 0.0070813014196643891 -0.0012792750168591739
leaf_weight=45 2184 31 57 24 35 49 38 33 24 28 38 42 20 20 28 20 22 20 20 2321 38 26 36 39 27 33 20 21 26 20
leaf_count=45 2184 31 57 24 35 49 38 33 24 28 38 42 20 20 28 20 22 20 20 2321 38 26 36 39 27 33 20 21 26 20
internal_value=2.2015e-12 -0.000120621 -0.00221165 -0.00443759 -0.00268618 -1.99724e-05 -0.00095185 0.000265483 -0.00283872 -0.00494332 0.00283373 0.000916034 -0.00188424 -5.66612e-05 -0.00320822 -0.000820106 0.000668961 0.000123719 0.00190896 8.05468e-06 0.000360153 -0.00133348 0.000421336 -0.00233548 -0.00416117 -2.6409e-06 -0.00241188 0.00644207 0.00160968 0.00344627
internal_weight=5385 3201 147 90 59 3054 408 248 160 100 113 75 135 86 76 48 60 2646 161 2485 120 82 62 164 92 72 65 41 66 46
internal_count=5385 3201 147 90 59 3054 408 248 160 100 113 75 135 86 76 48 60 2646 161 2485 120 82 62 164 92 72 65 41 66 46
is_linear=0
shrinkage=0.05


Tree=145
num_leaves=31
num_cat=0
split_feature=13 13 5 4 8 8 12 1 8 8 9 11 7 8 5 2 4 7 11 0 0 9 9 1 10 5 8 9 2 12
split_gain=0.046717 0.147183 0.232211 0.168062 0.167893 0.162309 0.265221 0.357526 0.256376 0.405497 0.294794 0.366387 0.366745 0.537489 0.335012 0.579915 0.294469 0.294083 0.283901 0.359373 0.365762 0.260423 0.544831 0.475964 0.398694 0.323034 0.272104 0.262005 0.249651 0.236662
threshold=0.4347872696115887 0.41464838790284525 58.061183266162338 0.12719924814119329 -0.031150591048932443 -1.0055435120736369 -1.1162229834324746 -0.17409479933242819 -0.29387272453726004 -0.27020975395769836 0.70398318149146955 -0.15604907093970485 0.11325829243665535 -0.61400273711315712 37.687388458827733 -0.015270664111460162 0.18159579816704663 0.056174742909944099 0.34016750842957183 0.056870755342890551 -0.059125425383615586 1.5456076801397816 1.3544361412406378 0.11454717314560937 0.27407092004650691 39.186461283890829 0.033348519798745625 1.459958228102562 0.17848992629504981 -0.47748255200635453
decision_type=2 2 2 2 2 2 2 2 2 2 2 2 2 2 2 2 2 2 2 2 2 2 2 2 2 2 2 2 2 2
left_child=1 3 -3 4 -1 6 -5 -8 10 -10 -7 12 16 -14 15 -13 -12 -16 28 20 -20 22 -11 24 26 -23 -24 -25 -19 -22
right_child=-2 2 -4 5 -6 8 7 -9 9 21 11 14 13 -15 17 -17 -18 18 19 -21 29 25 23 27 -26 -27 -28 -29 -30 -31
leaf_value=0.00080360303294252269 -0.00019856340917995534 0.0067689646212827602 -0.00066665121176767922 0.0027867734614832728 -0.0047705423672284404 0.0034927895809928689 0.003214057254524011 -0.0014046572698707485 -0.0060525216903813467 0.00016483825342958623 0.0015305696626786481 -0.00093631074963403604 -0.0035760430134056755 0.0057563306591301051 0.0031898153958738679 0.0091547873569652449 0.0089985410428859974 -0.002184041077947937 0.004013033535077491 0.0038613219693717036 -0.0064968729669036456 -0.0046794423751028566 0.00085251683620019599 0.0057008516868915071 -0.0083821994336083141 0.0017099765633967574 -0.0043864091736716499 -0.0017130553740291642 -0.008637765738303247 -0.0013620823569936243
leaf_weight=22 1911 21 21 51 35 115 46 470 27 1673 22 35 36 27 36 24 33 43 22 36 34 21 39 22 39 341 68 26 23 66
leaf_count=22 1911 21 21 51 35 115 46 470 27 1673 22 35 36 27 36 24 33 43 22 36 34 21 39 22 39 341 68 26 23 66
internal_value=2.48908e-12 0.000109227 0.00305116 7.32244e-05 -0.00261912 0.000118695 -0.00065294 -0.000992911 0.000274506 3.81808e-05 0.00124036 0.000647611 0.00302803 0.000423546 -0.000232921 0.00316854 0.00601135 -0.00100479 -0.00167892 -0.000528461 -0.00182381 0.000111958 -0.00012602 -0.0026343 -0.00405434 0.00133932 -0.00247689 0.00168499 -0.00443307 -0.00310791
internal_weight=5385 3474 42 3432 57 3375 567 516 2808 2256 552 437 118 63 319 59 55 260 224 158 122 2229 1867 194 146 362 107 48 66 100
internal_count=5385 3474 42 3432 57 3375 567 516 2808 2256 552 437 118 63 319 59 55 260 224 158 122 2229 1867 194 146 362 107 48 66 100
is_linear=0
shrinkage=0.05


Tree=146
num_leaves=31
num_cat=0
split_feature=6 2 4 8 0 5 13 11 2 2 13 5 9 11 5 13 13 13 5 6 6 1 4 5 4 1 13 1 4 3
split_gain=0.0460762 0.187584 0.125823 0.205463 0.0877412 0.0505987 0.158213 0.17137 0.166449 0.151108 0.0826492 0.0787343 0.469497 0.257895 0.262354 0.212574 0.250443 0.212111 0.204755 0.190293 0.132413 0.121663 0.100712 0.440931 0.34436 0.259653 0.416693 0.380765 0.249481 0.328131
threshold=0.012486142167803716 0.041071013558687482 0.12448177219226009 -0.083478276002842328 0.032546970466175169 76.955213112595331 -0.13712423354731776 0.34016750842957183 0.29033795413316438 0.37751868683775919 -2.9731886339154459 70.83025103593512 0.50192051907965329 -0.61592547028518496 72.380860201699448 -0.074294418733354836 0.49555270000771673 0.21348291217900386 70.266071338883037 0.02092213333215889 0.016860041057011475 0.28202225474729564 0.30433937561307939 59.258129126927933 0.3083885229352204 0.09740312987871115 -0.0070469954528133974 0.14835245811121159 0.28769413823685847 -0.33573131545698653
decision_type=2 2 2 2 2 2 2 2 2 2 2 2 2 2 2 2 2 2 2 2 2 2 2 2 2 2 2 2 2 2
left_child=1 -1 3 -2 -3 10 9 8 -8 -7 -4 18 -13 21 15 -15 -17 20 22 -20 -16 -14 28 24 -24 26 -25 -27 -12 -30
right_child=2 4 5 -5 -6 6 7 -9 -10 -11 11 12 13 14 17 16 -18 -19 19 -21 -22 -23 23 25 -26 27 -28 -29 29 -31
leaf_value=-0.0023317572883451761 0.00077350174775347124 0.005368638226924384 0.0031116255381632421 -0.0063934948481619361 0.00084042293019592762 -0.0034714038467741218 -0.0022162709825510238 0.0061941112762063065 0.0036229992554021569 0.0021779437595978381 7.0377942133096183e-06 -0.0060954843746888381 0.0060634799788452012 -0.0069975675665773455 -0.00045404900389257825 0.0025611432107246444 -0.0045389405537948563 -0.0016623350692591011 0.0070249473885633049 0.00012761449208483101 0.0045955582698051995 0.00074285967718987244 -0.0045877971746122997 -0.0032865438351614611 0.00020302150020499031 -0.0095701868929292857 0.005020299578945224 -0.0025566213294772096 -0.0042814474952008038 0.002265384006831381
leaf_weight=23 20 23 21 20 20 29 23 22 26 20 3374 37 22 24 20 23 27 49 20 20 37 21 39 36 981 23 26 122 21 216
leaf_count=23 20 23 21 20 20 29 23 22 26 20 3374 37 22 24 20 23 27 49 20 20 37 21 39 36 981 23 26 122 21 216
internal_value=-8.45416e-13 0.00131298 -1.62919e-05 -0.00281 0.00326249 4.87652e-06 0.00101985 0.00252809 0.000882117 -0.00116555 -1.87322e-05 -3.15265e-05 -0.000879318 -1.38558e-05 -0.000844925 -0.00312955 -0.0012729 0.000750002 1.36612e-05 0.00357628 0.00282377 0.00346504 -1.57941e-05 -0.000407147 1.98431e-05 -0.00251116 0.000196971 -0.00366912 0.000117186 0.00168529
internal_weight=5385 66 5319 40 43 5279 120 71 49 49 5159 5138 260 223 180 74 50 106 4878 40 57 43 4838 1227 1020 207 62 145 3611 237
internal_count=5385 66 5319 40 43 5279 120 71 49 49 5159 5138 260 223 180 74 50 106 4878 40 57 43 4838 1227 1020 207 62 145 3611 237
is_linear=0
shrinkage=0.05


Tree=147
num_leaves=31
num_cat=0
split_feature=5 12 14 14 8 14 11 5 11 12 4 5 5 9 0 6 9 14 14 2 6 12 4 2 12 9 5 14 6 6
split_gain=0.0450737 0.340779 0.108424 0.166773 0.329751 0.164969 0.176997 0.0943991 0.173675 0.0775333 0.319698 0.331988 0.481573 0.422699 0.459665 0.271835 0.299279 0.360222 0.423763 0.36192 0.294973 0.271111 0.330546 0.49292 0.308826 0.331894 0.287456 0.380043 0.287259 0.3515
threshold=26.078002738703734 0.20195374397416782 -1.7763032401191265 -1.4920396847701178 0.076501816883420837 -1.3297583278782075 0.26852712416646246 28.353643349481001 -0.14206470688457432 0.38276100862905998 0.31140319235819108 45.053537262021244 39.186461283890829 0.86014292497090417 -0.0013912904858884854 0.030069645274725984 1.2982542001154183 0.22859509225245947 2.2598812068431671 0.0063757214311531705 0.02717334416982908 0.18938361006400897 0.20455940954875232 -0.13221761134363283 0.1953360968804761 0.3897324473205423 58.061183266162338 1.0182742308869581 0.017447765028922934 0.015724937810047926
decision_type=2 2 2 2 2 2 2 2 2 2 2 2 2 2 2 2 2 2 2 2 2 2 2 2 2 2 2 2 2 2
left_child=1 -1 -2 4 -4 6 -5 8 -7 21 15 12 -12 -13 -15 16 -11 19 20 -18 -19 22 23 -9 -23 26 -26 -28 29 -27
right_child=2 -3 3 5 -6 7 -8 9 -10 10 11 13 -14 14 -16 -17 17 18 -20 -21 -22 24 -24 -25 25 28 27 -29 -30 -31
leaf_value=-0.0047841588898068846 -0.0036584011558443309 0.0024047660932410512 0.0078013147530145953 -0.0062106698603284632 -0.0011694680455894698 0.0055958624674184694 0.00028840464117820376 -0.0086055462039075804 -0.00091450880048796538 0.00016561419967276716 -0.0032377559458836914 -0.0072977948327397199 0.0042264189324378873 -0.0059800006136194704 -4.507632167861525e-06 0.0025185743364894275 -0.002354777437927297 -0.00037020005756120732 -0.0062384703904390338 -0.010496381998416925 0.0064735454414039861 0.0071330464489403229 0.00029999483976529234 -0.00066712482762993708 0.001023383181876479 0.0015287731158435225 -0.0098829242493957276 -0.00013557628262788059 0.0023306867240795066 -0.003995315956822394
leaf_weight=34 20 32 20 22 21 21 20 20 20 1055 40 43 47 45 113 103 39 74 25 21 20 21 2128 878 39 77 20 20 301 46
leaf_count=34 20 32 20 22 21 21 20 20 20 1055 40 43 47 45 113 103 39 74 25 21 20 21 2128 878 39 77 20 20 301 46
internal_value=-4.33707e-12 -0.00129862 1.61137e-05 2.99824e-05 0.00320652 5.2129e-06 -0.00311587 3.03443e-05 0.00242007 1.14112e-05 -0.000274642 -0.00178571 0.000794614 -0.00290256 -0.00170639 5.08528e-05 -0.000155124 -0.00204551 -0.000452821 -0.00520434 0.00108592 0.000142351 -3.9477e-05 -0.000843927 0.00119237 0.000944353 -0.00203111 -0.00500925 0.00149874 -0.000537146
internal_weight=5385 66 5319 5299 41 5258 42 5216 41 5175 1625 288 87 201 158 1337 1234 179 119 60 94 3550 3026 898 524 503 79 40 424 123
internal_count=5385 66 5319 5299 41 5258 42 5216 41 5175 1625 288 87 201 158 1337 1234 179 119 60 94 3550 3026 898 524 503 79 40 424 123
is_linear=0
shrinkage=0.05


Tree=148
num_leaves=31
num_cat=0
split_feature=2 3 10 11 8 9 11 6 4 1 4 4 1 13 13 13 13 11 1 8 3 8 1 3 6 2 13 4 6 4
split_gain=0.0454489 0.120434 0.0636702 0.0800786 0.321674 0.361778 0.0846158 0.354212 0.272352 0.369756 0.241603 0.206306 0.242708 0.193442 0.243464 0.277496 0.289283 0.147665 0.330168 0.328041 0.409968 0.442666 0.407129 0.368064 0.229952 0.228493 0.538455 0.36968 0.508797 0.261126
threshold=1.7049724329315799 2.6845325874711881 2.910674863632877 -2.0161605388653525 1.2975963219418611 1.2649220159642278 -1.0715191371163384 0.03154102073797229 0.34693481093242379 1.0000000180025095e-35 0.21590620516831047 0.24472161092744918 0.1161292265768762 -1.0051809898549582 -0.53337351432225322 1.0332583497819681 1.9626471047389222 -0.5481175584402902 0.37378779504518128 0.19725545461991412 -0.080606574612382784 1.8290647753926892 -0.073190552691349428 0.62100531654365265 0.029439708043240202 0.020788370958955697 1.2891030915330144 0.27338253785402461 0.021528469189345287 0.21264511299644981
decision_type=2 2 2 2 2 2 2 2 2 2 2 2 2 2 2 2 2 2 2 2 2 2 2 2 2 2 2 2 2 2
left_child=1 2 3 4 5 -1 7 10 9 -9 -5 -12 -13 -10 -15 -16 -17 18 19 23 24 22 -22 25 -21 26 27 28 -8 -27
right_child=-2 -3 -4 6 -6 -7 17 8 13 -11 11 12 -14 14 15 16 -18 -19 -20 20 21 -23 -24 -25 -26 29 -28 -29 -30 -31
leaf_value=0.0059674768816939628 -0.002321524913644507 0.0034038003701985318 -0.002823286282364279 0.0013244909403676338 -0.0037910329558971251 -0.0015038030732494709 -0.001160319948879381 -0.00056094647152349353 0.0035836162892254916 0.0072341001159029793 -0.0083494240120053301 0.0007276526452042163 -0.0061092863014588755 -0.0060438500882204005 0.0015069266459803382 -0.006850605337294164 0.0010832290211692454 -6.7405249948948077e-05 0.006198185323565095 0.0030022879631293044 0.0081411026486118022 -0.0040047733423610532 0.00078526507713831965 0.0038319689579048126 0.009888702832077715 0.00023173325953798163 -0.0056419749496853912 -0.0026943385667566743 0.0066033199995610059 -0.0045860681583484017
leaf_weight=43 21 26 20 22 22 26 36 32 22 29 25 25 27 24 69 27 20 4365 27 27 24 36 87 43 22 45 32 35 51 75
leaf_count=43 21 26 20 22 22 26 36 32 22 29 25 25 27 24 69 27 20 4365 27 27 24 36 87 43 22 45 32 35 51 75
internal_value=1.69218e-12 9.08875e-06 -7.44601e-06 3.14384e-06 0.00147363 0.00315221 -2.24567e-05 -0.000807622 0.000297318 0.0031449 -0.00329653 -0.00461682 -0.0028223 -0.000774918 -0.00145983 -0.000511412 -0.00347451 2.90873e-05 0.000809069 0.000525431 0.0021334 0.000813148 0.00237572 -0.000468769 0.00609415 -0.0011437 0.000130862 0.00164505 0.00339078 -0.00277939
internal_weight=5385 5364 5338 5318 91 69 5227 322 223 61 99 77 52 162 140 116 47 4905 540 513 196 147 111 317 49 274 154 122 87 120
internal_count=5385 5364 5338 5318 91 69 5227 322 223 61 99 77 52 162 140 116 47 4905 540 513 196 147 111 317 49 274 154 122 87 120
is_linear=0
shrinkage=0.05


Tree=149
num_leaves=31
num_cat=0
split_feature=8 8 1 12 1 14 5 12 1 13 12 7 8 7 12 12 1 12 12 10 4 14 13 4 9 10 13 9 13 7
split_gain=0.0449562 0.33438 0.327652 0.421807 0.571488 0.259642 0.295422 0.235518 0.221767 0.214559 0.168989 0.207942 0.231381 0.232862 0.167628 0.372564 0.283842 0.278955 0.380386 0.257542 0.309652 0.250227 0.235829 0.261453 0.235685 0.229785 0.352998 0.34342 0.368384 0.270069
threshold=0.71600790493616706 0.77050431518828566 0.085236563838331239 0.35294216730616518 0.15187163211284541 1.7373646390046942 56.053222220363672 -1.5407311494635414 0.2027669568812204 1.4835433199767014 0.17269134705283523 0.10469852198948242 3.0567907736299573 0.28006697690365334 0.92743748651626012 1.1744792733019944 -0.060744800510694134 0.15004132734860384 -0.063264620276110212 0.43800215249071178 0.21590620516831047 -0.7495645692895434 -0.86460094308158597 0.20108538384768029 1.4339391071052219 -0.1134571260348904 0.44109006550769891 0.45873960778421113 0.12159759658924497 0.13472728399342015
decision_type=2 2 2 2 2 2 2 2 2 2 2 2 2 2 2 2 2 2 2 2 2 2 2 2 2 2 2 2 2 2
left_child=-1 5 7 10 -5 6 -2 -3 -6 14 11 -4 -13 -14 17 -16 -17 18 21 20 -20 -9 -23 -24 -25 -19 27 -27 29 -29
right_child=1 2 3 4 8 -7 -8 9 -10 -11 -12 12 13 -15 15 16 -18 25 19 -21 -22 22 23 24 -26 26 -28 28 -30 -31
leaf_value=-7.2862273522152052e-05 0.0016941168025368825 -0.0039113910904584022 -0.0044327496871119365 -0.0082284231943641466 0.0030468916054815056 -0.00071696564998655098 0.010090454828671436 -0.0042011041453224613 -0.0031580412540481322 0.00493334909551777 0.0032778120659658627 0.0010215709230772432 -0.0056371864104162788 0.00071422773482346987 -0.0071300748558271497 -0.0021731980386627556 0.0052627830899187496 0.0043258656098300379 0.0029507494233548641 -0.0076959644932122458 -0.0044760106771718714 -0.0014914825087827114 -0.0013522216362616747 0.0047961314491878609 -0.0011757122504059225 -0.0063386267597144025 0.0046435321418634287 0.0069632379636168475 -0.0045889696261535084 -0.00046232639967153474
leaf_weight=4293 20 26 30 43 24 21 22 20 36 32 33 155 31 27 21 33 21 90 25 21 32 45 32 95 20 21 46 25 21 24
leaf_count=4293 20 26 30 43 24 21 22 20 36 32 33 155 31 27 21 33 21 90 25 21 32 45 32 95 20 21 46 25 21 24
internal_value=3.60204e-12 0.000286445 6.99531e-05 -0.00109849 -0.00382899 0.00382248 0.0060922 0.000751243 -0.000676068 0.000945519 -7.94921e-05 -0.000535422 1.3497e-05 -0.00268049 0.000729961 -0.00147905 0.000718572 0.00105042 2.28603e-05 -0.00296255 -0.00121866 0.00112127 0.00167568 0.00264522 0.00375755 0.00236315 0.00107378 -0.000730708 0.000951668 0.00332623
internal_weight=5385 1092 1029 379 103 63 42 650 60 624 276 243 213 58 592 75 54 517 290 78 57 212 192 147 115 227 137 91 70 49
internal_count=5385 1092 1029 379 103 63 42 650 60 624 276 243 213 58 592 75 54 517 290 78 57 212 192 147 115 227 137 91 70 49
is_linear=0
shrinkage=0.05


Tree=150
num_leaves=31
num_cat=0
split_feature=12 12 14 2 12 7 2 0 4 4 0 1 11 2 8 4 13 9 7 7 14 14 11 13 11 1 8 7 1 4
split_gain=0.0453445 0.0565804 0.191577 0.162269 0.0829315 0.196251 0.0641394 0.0961182 0.216407 0.174279 0.13023 0.0762028 0.236344 0.212836 0.341229 0.213969 0.206703 0.237784 0.43379 0.39508 0.428104 0.369305 0.294939 0.41736 0.292789 0.439663 0.278464 0.275429 0.314036 0.26975
threshold=2.5328300052630328 1.68547347627035 -0.64143309383293412 -0.0019011814203055975 1.5086215706724528 0.12182331146428259 -0.44745465206100027 -0.16883922090759465 0.31762645537792628 0.3999995680523955 -0.22620884606256367 -0.043202136612791701 1.9811340351948032 0.18817677233494648 -0.11815462099166994 0.52408431169434022 2.3435087691180287 1.2317853911514778 0.19905459723498983 0.1263855683743785 -0.6628691514843883 1.8893284687097076 -0.10414710558186756 0.3730986969855879 0.15605413654318076 -0.089475430180059698 -1.0055435120736369 0.25907975255837579 -0.25964169309153812 0.2339087853451077
decision_type=2 2 2 2 2 2 2 2 2 2 2 2 2 2 2 2 2 2 2 2 2 2 2 2 2 2 2 2 2 2
left_child=1 4 -3 -4 6 -6 -1 8 -8 -10 -11 12 13 15 -15 16 17 21 19 20 -19 27 23 -22 -24 -26 -20 28 -9 -21
right_child=-2 2 3 -5 5 -7 7 11 9 10 -12 -13 -14 14 -16 -17 -18 18 26 29 22 -23 24 -25 25 -27 -28 -29 -30 -31
leaf_value=0.0021910293874415486 0.0023188589894700619 -0.0041922033612054833 0.0029982188197512491 -0.0028160687442868948 0.0054831272774291317 -0.0013603052170947196 -0.0060443496010044503 -0.0046591408340440647 0.0024875024898034157 -0.0048838461768658213 -7.329037462648772e-05 -0.0001103675329372107 0.0045676038076635454 -0.006998564237549615 0.00071304969169432302 0.0037787537377549927 0.004648046363861515 0.0025585478211336949 -2.9215225949883462e-05 -0.0027509671784937384 -0.011404886309589659 0.0065916542261838908 0.0040871473681181672 -0.00214935094439264 -0.0057525620676784055 0.0024145061150193216 -0.0065141071261343919 0.0058255497568651393 0.0004686973122811595 0.0029886212127810691
leaf_weight=33 21 34 30 20 22 20 21 31 33 24 34 3644 32 26 32 44 26 47 25 25 21 25 20 29 45 26 49 23 810 113
leaf_count=33 21 34 30 20 22 20 21 31 33 24 34 3644 32 26 32 44 26 47 25 25 21 25 20 29 45 26 49 23 810 113
internal_value=-4.28356e-12 -9.07831e-06 -0.00129654 0.000672504 1.14041e-05 0.00222435 -6.34002e-06 -2.02715e-05 -0.00146918 -0.000413369 -0.00206387 1.15914e-05 0.000318298 0.000222337 -0.00274388 0.00034893 0.000234168 0.000145137 -0.000867272 -8.27829e-05 -0.00157408 0.000600664 -0.00295162 -0.00603668 -0.00125654 -0.0027618 -0.00432327 0.000427314 0.000279681 0.00194884
internal_weight=5385 5364 84 50 5280 42 5238 5205 112 91 58 5093 1449 1417 58 1359 1315 1289 400 326 188 889 141 50 91 71 74 864 841 138
internal_count=5385 5364 84 50 5280 42 5238 5205 112 91 58 5093 1449 1417 58 1359 1315 1289 400 326 188 889 141 50 91 71 74 864 841 138
is_linear=0
shrinkage=0.05


Tree=151
num_leaves=31
num_cat=0
split_feature=12 0 0 0 8 2 2 12 7 7 11 14 0 8 12 7 9 9 9 9 0 0 0 12 9 3 12 2 11 8
split_gain=0.04497 0.177208 0.456368 0.177249 0.169161 0.123452 0.206101 0.10105 0.440274 0.340675 0.244609 0.228512 0.301376 0.202468 0.0955674 0.321399 0.2061 0.0945587 0.265337 0.251054 0.282987 0.211075 0.245576 0.313301 0.218218 0.18591 0.304638 0.29804 0.384427 0.358037
threshold=-2.0022627460437383 -0.10633658178190879 -0.019127050757206495 0.13023457285503073 0.13840003228017997 1.1601188784812531 0.87324980264687679 -1.3838976826759275 0.16237409335355715 0.081577010037479289 0.6928457696484599 -0.14882608453553484 0.092163353506477433 -0.09927047883498992 -1.2426561444443101 0.15958613887606174 1.0360349656555201 0.97308612487675805 0.9681445991349874 0.98852991525720479 0.030675807454245144 -0.13668799870545553 -0.19127717416693854 0.49377092716259824 0.99301213087219831 -0.42265549772771788 -0.80195470502036803 -0.31409579972235718 -0.58947891531590435 -2.1049152383893235
decision_type=2 2 2 2 2 2 2 2 2 2 2 2 2 2 2 2 2 2 2 2 2 2 2 2 2 2 2 2 2 2
left_child=1 -1 -3 4 -4 6 7 8 9 -2 13 -10 -13 -11 15 16 -9 18 25 20 -19 22 -21 -24 -23 -16 -27 -28 -29 -30
right_child=5 2 3 -5 -6 -7 -8 14 11 10 -12 12 -14 -15 17 -17 -18 19 -20 21 -22 24 23 -25 -26 26 27 28 29 -31
leaf_value=-0.0026792199222435212 0.001317993878786053 0.0067034620904561255 0.00070382764587472932 0.0034424798320978884 -0.0043668557167181685 -0.0028274013589207943 0.0043533398355874746 0.008060280210892893 0.0059401506946111723 -0.000332359555694792 -0.0086981760179623956 -0.0032177816913463182 0.0044868946329436523 -0.0057544223808993905 0.0029621538564400828 -0.0019064210764352337 0.0015076110330742919 0.0059088319719124306 -0.0059688734845258296 0.0012134985909388225 -0.0014064600365236402 -0.0049724400625564165 -0.0061953560308725371 0.0010592679408463564 0.00027310443928903622 -0.0027122038747773394 -0.0059061556969853962 0.0017517542001197085 -0.0031387543995376856 -0.00013658675579800647
leaf_weight=29 35 33 38 25 29 39 27 21 24 36 25 30 22 33 46 36 28 39 20 37 20 20 46 22 2287 119 22 259 105 1833
leaf_count=29 35 33 38 25 29 39 27 21 24 36 25 30 22 33 46 36 28 39 20 37 20 20 46 22 2287 119 22 259 105 1833
internal_value=-7.33271e-13 0.000842114 0.00165906 -0.000150341 -0.00149095 -2.47917e-05 -3.73976e-06 -2.65164e-05 -0.00111436 -0.00289291 -0.0044608 0.0019045 4.18891e-05 -0.00292552 1.84449e-05 0.00168056 0.0043159 -1.05356e-05 -0.000233791 0.000206667 0.00342907 0.000127843 -0.0020646 -0.00384827 0.000227629 -0.000185678 -0.000247612 -0.000115441 -5.74549e-05 -0.000299243
internal_weight=5385 154 125 92 67 5231 5192 5165 205 129 94 76 52 69 4960 85 49 4875 2404 2471 59 2412 105 68 2307 2384 2338 2219 2197 1938
internal_count=5385 154 125 92 67 5231 5192 5165 205 129 94 76 52 69 4960 85 49 4875 2404 2471 59 2412 105 68 2307 2384 2338 2219 2197 1938
is_linear=0
shrinkage=0.05


Tree=152
num_leaves=31
num_cat=0
split_feature=13 6 9 14 13 0 10 3 8 1 3 7 10 1 3 1 7 6 0 10 10 0 12 3 7 13 6 2 13 12
split_gain=0.0462894 0.155357 0.191132 0.147452 0.144225 0.368517 0.385329 0.420487 0.363082 0.351851 0.336235 0.281464 0.254378 0.208953 0.198018 0.196216 0.180591 0.177922 0.17399 0.40128 0.406388 0.379922 0.270674 0.29379 0.213015 0.199865 0.171598 0.170746 0.175969 0.277559
threshold=0.4347872696115887 0.072886939461157416 2.5451518563102735 -1.6150228679641128 0.74956711371037665 -0.073663788667426441 0.43800215249071178 0.1209274528804213 -0.38133530200317195 0.13188363689738239 0.49568672114491691 0.05682130048857776 -0.28026645037196274 0.038607951669866976 0.16563828940549155 -0.050979086008398171 0.1050962615964695 0.023291827909721122 -0.068783179898707122 1.0000000180025095e-35 -0.69623769035729954 -0.062671219110263118 -0.2587378065945059 -0.11811775900695264 0.20658023208015211 1.8526290232830471 0.027475414269646073 -0.29766718087397415 0.80089869301442962 -0.085900728175988705
decision_type=2 2 2 2 2 2 2 2 2 2 2 2 2 2 2 2 2 2 2 2 2 2 2 2 2 2 2 2 2 2
left_child=1 2 3 -1 5 26 7 -7 -8 11 12 -9 -11 15 -13 -10 -15 -16 19 20 -6 -20 25 -24 -22 -21 -2 -23 29 -29
right_child=4 -3 -4 -5 18 6 8 9 13 10 -12 14 -14 16 17 -17 -18 -19 21 22 24 27 23 -25 -26 -27 -28 28 -30 -31
leaf_value=0.0042735728745659195 -0.0015134432656300624 -0.0039869843293791228 0.0036625003287458404 7.0900514461950134e-05 -0.00058999522589147095 -0.0028516783626219948 -0.0032814864713985193 -0.0025020997185492889 0.0028923301466940239 -0.00096278692508349199 0.0018999863781833223 0.0073090891959145671 -0.0071738634683082211 0.0045788048533722762 0.0032169531932170203 0.009202360759743235 -0.0010860190884319737 -0.0011711748076997923 -0.0059095280602507834 -0.0048189434456417518 0.0086411817832604838 0.0039185269373572537 -0.0012689699059013617 0.0046137667261064051 0.0023663829302503952 0.0010885726067830215 -0.0059069190810512977 0.006224693835678476 -0.00033810068304559863 0.00019350883228561055
leaf_weight=21 43 23 38 3392 32 186 26 32 28 32 35 20 34 24 77 22 34 33 28 41 38 27 44 41 21 22 46 27 853 65
leaf_count=21 43 23 38 3392 32 186 26 32 28 32 35 20 34 24 77 22 34 33 28 41 38 27 44 41 21 22 46 27 853 65
internal_value=-3.09314e-12 0.000108726 0.000136023 9.67593e-05 -0.000197653 -0.00078746 -0.000329977 -0.00103221 0.00202302 0.000254564 -0.00206159 0.00169859 -0.00416243 0.00330004 0.0027326 0.00566874 0.00125805 0.00190051 0.000122243 0.00133423 0.00394702 -0.000167422 -0.000272286 0.00156859 0.00640778 -0.002756 -0.00378423 -2.01116e-06 -0.000114027 0.00196353
internal_weight=5385 3474 3451 3413 1911 672 583 449 134 263 101 162 66 108 130 50 58 110 1239 239 91 1000 148 85 59 63 89 972 945 92
internal_count=5385 3474 3451 3413 1911 672 583 449 134 263 101 162 66 108 130 50 58 110 1239 239 91 1000 148 85 59 63 89 972 945 92
is_linear=0
shrinkage=0.05


Tree=153
num_leaves=31
num_cat=0
split_feature=9 4 11 11 4 7 4 7 8 5 3 5 5 11 9 9 9 4 1 2 3 2 2 2 3 5 9 9 4 11
split_gain=0.0447113 0.0683336 0.0649616 0.198316 0.209329 0.304073 0.272123 0.249927 0.181321 0.27612 0.255031 0.251448 0.286215 0.17439 0.165731 0.547847 0.257933 0.258862 0.248643 0.232805 0.21538 0.204621 0.370787 0.372999 0.52239 0.433444 0.317327 0.435484 0.314053 0.304922
threshold=-0.16591088388161881 0.78686882652653989 0.71296403861436064 0.61440294607210488 0.16546229094142903 0.1014751269072617 0.22472237782771784 0.11985469082122101 -1.866310882426838 34.941963751555178 -0.011231084044527216 46.994968959702689 41.698781445497097 0.64020873478767404 1.5456076801397816 1.4339391071052219 1.7313444267487741 0.25159635471651937 -0.09951538056987401 0.13087308880312079 0.36686749445057237 0.20766650653712473 0.087846891995145296 0.0063757214311531705 0.18967019000435184 66.479339829767412 1.0126831913398544 0.5533200954494687 0.1976670631039931 0.93054623245742862
decision_type=2 2 2 2 2 2 2 2 2 2 2 2 2 2 2 2 2 2 2 2 2 2 2 2 2 2 2 2 2 2
left_child=-1 2 3 -2 -5 6 -6 -7 11 10 -10 12 -4 -9 15 21 19 -18 -19 -16 -20 22 23 24 29 26 27 -25 -23 -11
right_child=1 -3 8 4 5 7 -8 13 9 14 -12 -13 -14 -15 16 -17 17 18 20 -21 -22 28 -24 25 -26 -27 -28 -29 -30 -31
leaf_value=0.0020295755420294075 -1.8171647330320334e-05 -0.0029273863881826402 -0.0024572681334456836 -0.005891302003990859 0.0033292561497849727 -0.0066674039047211406 -0.0027448658166187153 -0.0045322092536550299 0.0013441957400313446 0.0028706749279334936 0.0084220037632621834 -0.0061252034511417152 0.0045874758423971275 0.00057115941110285034 0.0068281185414687364 -0.0046267791443022951 -0.0050294129177927971 0.0061697602551430463 -0.0042334854348816658 0.0012857965624425561 0.0018256045676852493 0.0021048376573341303 0.0023207975731882632 0.00068990847406287992 0.0076225653230385096 0.004861767403781414 0.00036193301795788533 -0.0064517037260245439 -0.002080467604885991 -0.00065916525736782819
leaf_weight=27 3760 20 46 25 54 30 28 26 35 86 20 25 21 47 36 59 20 20 22 40 44 61 247 30 27 21 53 74 169 212
leaf_count=27 3760 20 46 25 54 30 28 26 35 86 20 25 21 47 36 59 20 20 22 40 44 61 247 30 27 21 53 74 169 212
internal_value=1.49127e-12 -1.02274e-05 7.0236e-07 -0.000101688 -0.00159702 -0.00101671 0.00125517 -0.00282539 0.000297843 0.000452411 0.00391794 -0.00184595 -0.000249214 -0.00124648 0.000296306 5.25006e-05 0.00168814 9.43101e-05 0.00128587 0.00391111 -0.000194092 0.000334212 0.000734309 -4.47415e-05 0.000962905 -0.00188455 -0.00278692 -0.00439162 -0.000970452 0.000359513
internal_weight=5385 5358 5338 3970 210 185 82 103 1368 1276 55 92 67 73 1221 1039 182 106 86 76 66 980 750 503 325 178 157 104 230 298
internal_count=5385 5358 5338 3970 210 185 82 103 1368 1276 55 92 67 73 1221 1039 182 106 86 76 66 980 750 503 325 178 157 104 230 298
is_linear=0
shrinkage=0.05


Tree=154
num_leaves=31
num_cat=0
split_feature=13 7 11 10 5 5 11 7 5 1 9 8 10 14 10 10 9 9 12 1 10 7 5 8 12 4 13 12 9 7
split_gain=0.0438879 0.252651 0.0592683 0.224735 0.217204 0.211171 0.178264 0.346146 0.145492 0.0918815 0.0678977 0.0870926 0.225935 0.204606 0.0575884 0.0738592 0.229704 0.149782 0.175625 0.0869386 0.0825399 0.33331 0.306339 0.43832 0.281248 0.244984 0.388941 0.358904 0.266835 0.227277
threshold=2.5845703800735711 0.17910832043238961 -1.7488395090016395 0.24357046569557858 58.061183266162338 51.161775545686616 -1.6262986585588721 0.2226437492281074 44.754811543152904 -0.14173707939735139 -0.16591088388161881 -5.3758655373211175 0.069516148865203617 0.99063642107271188 -2.2409912404585275 -1.387789667222046 1.3066656478370759 1.7731472952204892 -0.96828375010053513 0.79825988249240409 -0.66380572763255807 0.27456052767475791 62.327098496749393 1.5241634410985314 -1.8598428758109364 0.29830863431037219 -0.82812812520871482 -0.32472710428488627 0.86014292497090417 0.1014751269072617
decision_type=2 2 2 2 2 2 2 2 2 2 2 2 2 2 2 2 2 2 2 2 2 2 2 2 2 2 2 2 2 2
left_child=2 -2 3 -1 5 8 7 -4 9 -5 -8 12 13 -12 -13 16 -16 -18 -19 20 21 22 24 -24 -17 26 -26 28 -28 -29
right_child=1 -3 6 4 -6 -7 10 -9 -10 -11 11 14 -14 -15 15 19 17 18 -20 -21 -22 -23 23 -25 25 -27 27 29 -30 -31
leaf_value=-0.0029201813106392994 -0.0053074798348296268 0.0024572917213663459 -0.0075872392308982935 0.00094864632235839956 -0.001825139774674816 0.007347098448941403 0.0029189914278686048 0.0015013809665106238 -0.0016501278217349734 0.005582467385608217 -0.0031229965505190195 -0.0018883178750864972 -0.0048003972663233675 0.0036620192155241969 0.0052304410184400955 0.0047810274713601065 -0.0032375920768827199 0.0043640128909968419 -0.0015053658559918406 -0.003197655973157713 0.00011368843321032144 0.0032189725314087252 -0.0046666363849201141 0.0035166106419637802 0.003209857331059965 -0.0022204650645830837 0.0016827072349510025 0.0019711407048103864 -0.0038107185035810942 -0.0017315486182210846
leaf_weight=29 22 20 22 20 28 23 20 20 21 23 20 39 33 25 28 26 25 26 25 21 4145 57 90 20 81 156 28 125 105 62
leaf_count=29 22 20 22 20 28 23 20 20 21 23 20 39 33 25 28 26 25 26 25 21 4145 57 90 20 81 156 28 125 105 62
internal_value=3.63112e-12 -0.00160997 1.26556e-05 0.00101327 0.00200519 0.00323793 -1.50591e-05 -0.00325932 0.0017612 0.0034272 1.13631e-05 4.27238e-08 -0.00165798 0.000646457 2.56063e-05 4.04754e-05 0.00135906 -6.72318e-05 0.00148687 1.25801e-05 2.63523e-05 -0.000456325 -0.000758623 -0.00317877 -0.00030199 -0.000539259 0.000114777 -0.000668666 -0.00265421 0.000743511
internal_weight=5385 42 5343 144 115 87 5199 42 64 43 5157 5137 78 45 5059 5020 104 76 51 4916 4895 750 693 110 583 557 401 320 133 187
internal_count=5385 42 5343 144 115 87 5199 42 64 43 5157 5137 78 45 5059 5020 104 76 51 4916 4895 750 693 110 583 557 401 320 133 187
is_linear=0
shrinkage=0.05


Tree=155
num_leaves=31
num_cat=0
split_feature=13 0 13 2 13 11 3 3 7 13 12 3 2 11 11 12 0 4 9 7 9 0 8 13 12 12 1 4 13 2
split_gain=0.0416801 0.340043 0.118841 0.27623 0.180464 0.159677 0.090844 0.266764 0.28219 0.209693 0.22405 0.312801 0.251548 0.270881 0.31834 0.306181 0.235065 0.355429 0.23056 0.305555 0.227324 0.287202 0.222291 0.216415 0.216125 0.314862 0.309535 0.382543 0.370185 0.27213
threshold=-2.6141283894273584 0.0349765925904666 -1.9937766041977227 -0.1479925106805772 -1.877927177076564 0.7517047603929804 -0.10139751367596193 -0.085143445179551289 0.10680489868787042 -1.3579164188223618 0.0503597700527127 -0.16353447865459822 -0.072452744346871087 -0.17176292143402624 -0.4736919592006788 -0.24997296184792037 -0.13976991786102602 0.34693481093242379 1.1273169987593381 0.12559212540038633 1.3066656478370759 -0.0013912904858884854 -0.21126816002416784 1.9182341251696702 1.3442673781354644 0.86989656513407287 -0.21866751840826412 0.39593104025003545 -0.62497216004624445 -0.16846894618505756
decision_type=2 2 2 2 2 2 2 2 2 2 2 2 2 2 2 2 2 2 2 2 2 2 2 2 2 2 2 2 2 2
left_child=1 -1 3 -2 -4 -5 9 8 -8 -6 12 23 13 14 15 22 -15 -18 19 -14 -20 -22 -11 24 25 26 -12 28 -28 -27
right_child=2 -3 4 5 6 -7 7 -9 -10 10 11 -13 18 16 -16 -17 17 -19 20 -21 21 -23 -24 -25 -26 29 27 -29 -30 -31
leaf_value=0.0057326607892046813 0.0031688471058649681 -0.0030674820521935115 0.0045369033828716382 -0.00092555753689146404 -0.0039940339713939472 -0.0058079434449181842 0.0057138964726026501 3.9740031977508832e-05 -0.00012076880200766027 -0.0046354090825965009 0.0055362225510179998 -0.0028723815236137147 0.0034400495399227911 0.0027227960395343281 0.007017010006876219 0.0055134043718377754 -0.00095834334282890758 -0.0071726937496075132 0.008420126707009647 -0.0034831113810651002 0.0057176950836071265 -0.0021875644661486153 0.00099982945290061505 -0.004629550180397928 -0.0026145352470588741 0.00098921869046472276 0.0054992377516572127 -0.006489253686275333 -0.00092219303369073941 0.0081868804672618964
leaf_weight=23 21 21 22 33 40 34 43 4234 40 30 22 153 34 23 21 21 76 33 23 30 27 20 42 25 56 29 27 25 133 24
leaf_count=23 21 21 22 33 40 34 43 4234 40 30 22 153 34 23 21 21 76 33 23 30 27 20 42 25 56 29 27 25 133 24
internal_value=-1.86997e-12 0.00153259 -1.26257e-05 -0.00183486 1.79009e-05 -0.00340319 -1.10462e-06 9.47709e-05 0.00290201 -0.000453944 -0.000291926 -0.000994051 0.000620838 -0.000328615 0.00145675 0.000201205 -0.00187052 -0.00283975 0.00236386 0.000194818 0.00434699 0.00235375 -0.00134819 -0.000151281 0.000203012 0.000809868 -7.05638e-05 -0.000737317 0.000161423 0.00424854
internal_weight=5385 44 5341 88 5253 67 5231 4317 83 914 874 494 380 246 114 93 132 109 134 64 70 47 72 341 316 260 207 185 160 53
internal_count=5385 44 5341 88 5253 67 5231 4317 83 914 874 494 380 246 114 93 132 109 134 64 70 47 72 341 316 260 207 185 160 53
is_linear=0
shrinkage=0.05


Tree=156
num_leaves=31
num_cat=0
split_feature=6 2 4 10 13 12 6 4 6 4 4 13 2 2 14 4 5 5 4 9 8 14 13 8 10 4 8 13 1 13
split_gain=0.0440653 0.168847 0.113104 0.22415 0.215035 0.110598 0.0813318 0.402932 0.257542 0.396173 0.188841 0.387978 0.191838 0.430811 0.113819 0.10265 0.237429 0.253926 0.216345 0.299604 0.217865 0.202432 0.184312 0.197677 0.179434 0.128273 0.242166 0.393766 0.247347 0.28679
threshold=0.012486142167803716 0.041071013558687482 0.13463427761245469 0.14151092111699659 0.45331825249563457 0.42030759515123983 0.014682043306144815 0.15842548718171437 0.014210350393499256 0.14405360491715546 0.14929300640750862 0.059664507073522673 0.049267781794636097 0.12007185495348395 0.86268608472067509 0.15842548718171437 55.686702876545091 42.285367774019853 0.1636228022749267 0.9118382123926827 0.14516842878741101 1.3459314797790227 -0.0070469954528133974 0.20374452674648305 -0.096704363637967097 0.181001771428877 -0.68351019883941488 -0.32304859203502917 -0.040591994408545544 0.052497422557375335
decision_type=2 2 2 2 2 2 2 2 2 2 2 2 2 2 2 2 2 2 2 2 2 2 2 2 2 2 2 2 2 2
left_child=1 -1 3 4 5 -2 7 8 9 14 11 -8 -13 -14 -4 16 17 -12 19 24 -21 -19 -18 -24 -17 26 -20 -28 -29 -30
right_child=2 -3 6 -5 -6 -7 10 -9 -10 -11 15 12 13 -15 -16 18 22 21 25 20 -22 -23 23 -25 -26 -27 27 28 29 -31
leaf_value=-0.0021739057088068325 0.00053136246722368971 0.0031335931801951909 0.0060772884065623985 0.0018810809711843882 -0.0059022302492795628 -0.0037819601433432617 -0.0060701540193687648 -0.0052687769081482356 0.0054188519982354983 -0.0035741910653407961 -0.001366719398647547 0.0027160040516820221 -0.0073219689839918696 0.0028059122485241724 0.0014343677483724827 -0.0015973549599841458 0.0029370959848165515 0.0079162632006530963 0.0035379299467665631 -0.0021005747320417029 0.0047466819906341181 0.0015156090292813523 -0.0053980105305806957 0.00096548588379569687 -0.0066623734219724111 -3.6038571188614781e-05 -0.0031803565494304235 0.0036208304314641285 0.0034919880875298442 -0.00072349484316927538
leaf_weight=23 42 43 22 37 34 23 39 21 42 34 20 36 21 21 33 34 24 30 71 26 21 21 26 23 36 4221 65 74 53 169
leaf_count=23 42 43 22 37 34 23 39 21 42 34 20 36 21 21 33 34 24 30 71 26 21 21 26 23 36 4221 65 74 53 169
internal_value=-2.31642e-12 0.00128401 -1.59324e-05 -0.00143929 -0.00268024 -0.00099489 2.1416e-05 0.00116092 0.00219163 0.000668674 -1.30114e-05 -0.00199827 3.76789e-05 -0.00225803 0.00329154 3.42565e-05 0.00134951 0.00340819 -5.44925e-06 -0.00212898 0.000958838 0.0052807 -0.000652764 -0.00241106 -0.00420222 4.7947e-05 0.000868556 0.000343554 0.00111739 0.000282904
internal_weight=5385 66 5319 136 99 65 5183 152 131 89 5031 117 78 42 55 4914 144 71 4770 117 47 51 73 49 70 4653 432 361 296 222
internal_count=5385 66 5319 136 99 65 5183 152 131 89 5031 117 78 42 55 4914 144 71 4770 117 47 51 73 49 70 4653 432 361 296 222
is_linear=0
shrinkage=0.05


Tree=157
num_leaves=31
num_cat=0
split_feature=7 0 9 13 13 13 3 0 11 11 1 1 11 14 13 7 0 4 3 2 7 1 13 11 14 0 3 4 4 13
split_gain=0.0449112 0.185086 0.187161 0.233171 0.193742 0.407313 0.271556 0.190745 0.220723 0.367755 0.295547 0.504595 0.248915 0.309413 0.482164 0.248544 0.237619 0.393305 0.262317 0.232945 0.227649 0.219964 0.216963 0.211149 0.191978 0.190907 0.279493 0.197358 0.285166 0.323206
threshold=0.091435549506555566 0.099417504061913978 1.7408548463895765 0.39462231454351315 1.6029078352286488 1.3699389265399462 -0.048352245153554511 0.085541039218565276 0.30443999264543492 0.40331139483372996 0.26855865489964797 0.20941609038431522 0.081597704661904108 0.24393735902103603 0.39462231454351315 0.076894249297786474 0.045308135549954061 0.15298504722134063 0.073064126962409173 0.049267781794636097 0.070465161589235506 0.035186001261014017 0.059664507073522673 0.053749799248347115 1.0182742308869581 0.051105949853525685 0.15432472695637248 0.29312975475441322 0.2454081896882982 -0.78226952508215775
decision_type=2 2 2 2 2 2 2 2 2 2 2 2 2 2 2 2 2 2 2 2 2 2 2 2 2 2 2 2 2 2
left_child=1 2 4 -4 5 7 -6 8 10 19 11 12 16 20 15 22 23 -18 -19 -10 -14 -16 -15 -1 -21 27 -27 28 29 -11
right_child=-2 -3 3 -5 6 -7 -8 -9 9 25 -12 -13 13 14 21 -17 17 18 -20 24 -22 -23 -24 -25 -26 26 -28 -29 -30 -31
leaf_value=-3.4527771770382312e-05 0.00010566574078786373 0.0043618605313399299 -0.0063305875984951861 -8.2760200893972072e-05 -0.0010548825560060019 -0.0064606125287425056 0.006193095335038379 -0.0048913151946007498 0.0061264838624213429 -0.0034392775036394597 -0.0065343723410651797 0.005260250439298236 -0.0081426856870001011 0.00091483295454006458 0.007119313101029548 -0.0080299749760888526 0.0021508711668502658 -0.009215166215809794 -0.0025560308499261736 -0.0027281510643661026 -0.0015764625997028569 1.9430904649198057e-05 -0.0043938164846995514 0.0049811433281072163 0.003223706234712154 0.0053568510827608409 -0.00035788106691578162 -0.0043896290309796181 0.0027099506222609294 4.6328798010212958e-05
leaf_weight=454 3507 22 28 32 24 26 28 21 42 77 21 36 33 38 20 20 32 21 50 20 22 24 39 22 42 40 46 27 83 488
leaf_count=454 3507 22 28 32 24 26 28 21 42 77 21 36 33 38 20 20 32 21 50 20 22 24 39 22 42 40 46 27 83 488
internal_value=4.3912e-12 -0.000197321 -0.000251364 -0.00299841 -0.000159591 -0.000249263 0.00284787 -0.000155262 -9.6654e-05 0.000462597 -0.000678087 -0.000526444 -0.000795246 -0.00233537 -0.00109462 -0.00306386 -0.000273891 -0.00245138 -0.00452563 0.00325139 -0.0055162 0.00324665 -0.00177396 0.000197289 0.00130375 8.14737e-05 0.00230013 -0.0002012 -2.66821e-05 -0.000428701
internal_weight=5385 1878 1856 60 1796 1744 52 1718 1697 865 832 811 775 196 141 97 579 103 71 104 55 44 77 476 62 761 86 675 648 565
internal_count=5385 1878 1856 60 1796 1744 52 1718 1697 865 832 811 775 196 141 97 579 103 71 104 55 44 77 476 62 761 86 675 648 565
is_linear=0
shrinkage=0.05


Tree=158
num_leaves=31
num_cat=0
split_feature=13 6 9 3 12 4 3 3 13 6 4 7 3 11 7 3 11 1 1 3 5 0 5 12 0 1 5 7 12 14
split_gain=0.0425766 0.141826 0.170801 0.128385 0.192104 0.229455 0.205407 0.183741 0.169899 0.458579 0.330945 0.425355 0.331641 0.377526 0.261502 0.197192 0.190382 0.329227 0.29381 0.309785 0.372669 0.343613 0.431226 0.297308 0.285431 0.283066 0.280165 0.272082 0.266974 0.327779
threshold=0.4347872696115887 0.072886939461157416 2.5451518563102735 0.60000002152785881 0.39171653597580752 0.28016228724325992 0.69108510442318494 0.55124563478487498 0.63564806695432108 0.027475414269646073 0.21264511299644981 0.094639283849412822 0.1837273348129759 0.15605413654318076 0.05682130048857776 0.11871710360993272 -0.14745303937727608 0.12964369640237841 -0.20978731323643116 -0.015811605761959443 53.926608784981291 0.018152165119326717 70.83025103593512 -0.26933573386430221 -0.041652014455003765 0.1972454202105485 60.789976439114078 0.075526857868462624 0.52024844606076492 0.48973310636325601
decision_type=2 2 2 2 2 2 2 2 2 2 2 2 2 2 2 2 2 2 2 2 2 2 2 2 2 2 2 2 2 2
left_child=1 2 -1 7 5 6 -5 8 9 10 12 15 14 -14 -2 -12 17 -10 -18 20 -20 23 25 -21 -25 -23 -22 -26 29 -19
right_child=3 -3 -4 4 -6 -7 -8 -9 16 -11 11 -13 13 -15 -16 -17 18 28 19 21 26 22 -24 24 27 -27 -28 -29 -30 -31
leaf_value=9.3239072826273135e-05 -0.0075023197601067617 -0.0038090115979961727 0.0034639953240433612 0.0012450733709902992 0.0049352917802968519 0.0015577698100671233 -0.0052965788769402675 -0.0043460221927879112 1.7749654293048051e-05 -0.0046638032876408515 0.0088833337406749313 -0.00068121716630860016 0.0028588327032233046 -0.0038101516380265824 -0.0019315392639209794 0.0021819000664566246 0.0058120328484585993 -0.0011064480137164621 0.00018599153215388871 -0.0030840230852782983 -0.0086846572095528249 0.0033001490605280744 -0.0023017072274039191 0.0041902507094127945 0.0021032829906537454 0.0096695172511750763 -0.0010381336688347485 -0.0036325991535798097 0.00096091911053428286 -0.0065407833583386882
leaf_weight=3413 29 23 38 21 27 122 28 28 608 76 23 65 63 32 77 21 27 55 121 58 25 103 30 50 44 21 23 39 39 56
leaf_count=3413 29 23 38 21 27 122 28 28 608 76 23 65 63 32 77 21 27 55 121 58 25 103 30 50 44 21 23 39 39 56
internal_value=7.27798e-13 0.000104274 0.000130355 -0.00018956 0.00101587 0.000397019 -0.00249301 -0.000328892 -0.000262139 -0.00118318 -0.00032986 0.0018886 -0.00153291 0.000612438 -0.00345562 0.00568492 1.15487e-05 -0.00049983 0.000728046 0.000460988 -0.00129283 0.00132011 0.00307743 -9.67943e-05 0.00120591 0.00437883 -0.0050207 -0.000591891 -0.00259775 -0.00384809
internal_weight=5385 3474 3451 1911 198 171 49 1713 1685 386 310 109 201 95 106 44 1299 758 541 514 169 345 154 191 133 124 48 83 150 111
internal_count=5385 3474 3451 1911 198 171 49 1713 1685 386 310 109 201 95 106 44 1299 758 541 514 169 345 154 191 133 124 48 83 150 111
is_linear=0
shrinkage=0.05


Tree=159
num_leaves=31
num_cat=0
split_feature=2 3 4 4 5 12 8 3 8 8 2 11 12 8 12 0 11 2 9 11 5 2 8 11 0 0 3 9 0 2
split_gain=0.0416722 0.0985294 0.0570252 0.200708 0.223607 0.358035 0.289563 0.334197 0.401199 0.333934 0.322365 0.205437 0.190418 0.174024 0.158285 0.186296 0.150705 0.169726 0.14758 0.143877 0.171921 0.107566 0.135228 0.115924 0.165817 0.106101 0.095511 0.326543 0.230753 0.195706
threshold=1.7049724329315799 2.6845325874711881 0.4125272190412837 0.425641220377804 59.8275246801919 1.4506074276405139 -0.8730856406133779 -0.48186603216427376 -0.47721762191802813 0.17188112498060001 -0.012058469202615272 -0.49867138719926335 -0.66055088602344114 1.2296371093830183 -0.64636677905818907 -0.072068267664186877 0.030165395232524161 -0.17329899358387005 1.3927014776376652 -2.0161605388653525 54.41523447357725 0.688967779704729 -0.013006232852626363 -1.6262986585588721 0.027874280242036979 0.21037939747081083 -0.38079245834280068 1.243094580114845 -0.10185101489830049 -0.33057499742558577
decision_type=2 2 2 2 2 2 2 2 2 2 2 2 2 2 2 2 2 2 2 2 2 2 2 2 2 2 2 2 2 2
left_child=1 2 19 18 5 6 14 -8 -9 11 16 -10 -6 -12 -5 -16 17 -11 -4 20 -1 23 -23 24 -21 -14 27 28 -25 -28
right_child=-2 -3 3 4 12 -7 7 8 9 10 13 -13 25 -15 15 -17 -18 -19 -20 21 -22 22 -24 26 -26 -27 29 -29 -30 -31
leaf_value=0.0046624143556174306 -0.0022229778757762342 0.0030792169989301609 -0.0056194770149886608 0.00097007464565750622 -0.0056569647827806576 -0.0050468944534831856 0.0079490269401243756 0.0074809683102142546 0.00055956838927655054 0.0051340834038066012 0.0088250170985702432 -0.005949435095708059 -0.002737558964639902 0.0022291007172316312 -0.00060668496298603718 -0.0069384496454620694 -0.0025596648031337697 -0.0012228835152373427 -0.00077888256055302918 0.00018719895384632624 -0.00080085916367049015 0.0053748551312656628 0.00014345715443293253 0.0081251526717096567 -0.0057864184092198106 0.0020833405776925031 -0.0037402404578668735 -0.0032539924768650017 0.0013926553034356664 1.2778112381166898e-05
leaf_weight=36 21 26 31 36 30 27 21 23 22 21 20 27 25 20 26 21 33 21 32 26 24 21 30 20 21 21 35 23 35 4610
leaf_count=36 21 26 31 36 30 27 21 23 22 21 20 27 25 20 26 21 33 21 32 26 24 21 30 20 21 21 35 23 35 4610
internal_value=1.1247e-12 8.70293e-06 -6.25274e-06 -0.000540338 -0.000121336 0.00046098 0.000972019 0.00196835 0.00129672 0.000429417 0.00190216 -0.00302703 -0.00255787 0.00552706 -0.0015248 -0.00343577 -3.11165e-05 0.0019556 -0.00316076 4.37528e-05 0.0024771 1.34683e-05 0.00229756 -1.09528e-05 -0.00248186 -0.000536714 1.3636e-05 0.00174877 0.00384084 -1.55008e-05
internal_weight=5385 5364 5338 457 394 318 291 208 187 164 115 49 76 40 83 47 75 42 63 4881 60 4821 51 4770 47 46 4723 78 55 4645
internal_count=5385 5364 5338 457 394 318 291 208 187 164 115 49 76 40 83 47 75 42 63 4881 60 4821 51 4770 47 46 4723 78 55 4645
is_linear=0
shrinkage=0.05


Tree=160
num_leaves=31
num_cat=0
split_feature=6 2 4 8 0 5 1 6 2 5 9 11 5 0 0 12 12 9 5 8 1 8 8 4 9 9 14 11 10 14
split_gain=0.0411497 0.146703 0.102924 0.188539 0.075089 0.0468513 0.11204 0.152588 0.199976 0.0693208 0.421537 0.220468 0.235011 0.214186 0.231771 0.183454 0.214187 0.185062 0.180904 0.170224 0.114031 0.0928265 0.140652 0.104924 0.101847 0.113096 0.168665 0.281997 0.104182 0.210217
threshold=0.012486142167803716 0.041071013558687482 0.12448177219226009 -0.083478276002842328 0.032546970466175169 76.955213112595331 0.15187163211284541 0.016739049649333784 0.36482158266327408 70.83025103593512 0.50192051907965329 -0.61592547028518496 72.380860201699448 0.15119012944286839 0.095568077785360153 -0.15781571702711933 -0.52447273860117072 0.89665644161070235 70.266071338883037 0.35464005400659016 0.28202225474729564 7.3902386791968153 4.3021906808593977 0.30987683267683558 3.1107743662355696 2.3234370968981115 0.13960386709049591 -1.0103693072741555 0.96258946108037313 -0.056633361512937901
decision_type=2 2 2 2 2 2 2 2 2 2 2 2 2 2 2 2 2 2 2 2 2 2 2 2 2 2 2 2 2 2
left_child=1 -1 3 -2 -3 9 -7 -8 -9 18 -11 20 13 14 -13 16 -14 -17 21 -20 -12 22 24 -24 25 28 -27 -28 -4 -30
right_child=2 4 5 -5 -6 6 7 8 -10 10 11 12 15 -15 -16 17 -18 -19 19 -21 -22 -23 23 -25 -26 26 27 -29 29 -31
leaf_value=-0.0019824025269253582 0.00089061755221337086 0.0049132329897712112 3.9516771699370027e-05 -0.005974864717572928 0.00072420249227434397 -0.0019978047814220193 0.005309606661372211 -0.0020034861113850237 0.0032666595381063723 -0.005757118991853015 0.005737707732425241 -0.001069313862050573 -0.00043053464964032173 0.0012104309502650392 -0.0077653314269680003 0.002776522517458282 0.0067187939855185425 -0.0028843474530038382 0.0066337612623465249 0.00011025840416550637 0.00058665937256245388 -0.0028749088698532435 0.004892073218361475 0.00065096323910568453 -0.0026673372702336767 0.0053551871717597045 -0.0044755099015310407 0.0027109199506772119 0.00032967138872241853 -0.0020196639419717585
leaf_weight=23 20 23 4267 20 20 25 23 36 36 37 22 24 20 22 28 22 22 42 20 20 21 28 25 35 36 24 20 43 194 187
leaf_count=23 20 23 4267 20 20 25 23 36 36 37 22 24 20 22 28 22 22 42 20 20 21 28 25 35 36 24 20 43 194 187
internal_value=-1.53356e-14 0.00124081 -1.53963e-05 -0.00254212 0.00296485 3.74916e-06 0.000980417 0.00176416 0.000631587 -1.89685e-05 -0.000814552 5.51463e-06 -0.000762887 -0.00292518 -0.00467486 0.000746638 0.00331435 -0.000938423 2.32548e-05 0.00337201 0.00322208 -4.31262e-06 1.23251e-05 0.00241809 -1.79298e-05 2.21352e-06 0.00178832 0.000429514 -3.12183e-05 -0.000823414
internal_weight=5385 66 5319 40 43 5279 120 95 72 5159 260 223 180 74 52 106 42 64 4899 40 43 4859 4831 60 4771 4735 87 63 4648 381
internal_count=5385 66 5319 40 43 5279 120 95 72 5159 260 223 180 74 52 106 42 64 4899 40 43 4859 4831 60 4771 4735 87 63 4648 381
is_linear=0
shrinkage=0.05


Tree=161
num_leaves=31
num_cat=0
split_feature=7 0 9 13 13 13 12 0 12 14 12 4 12 0 9 8 2 2 4 0 7 10 14 14 7 7 7 13 1 0
split_gain=0.0415402 0.164064 0.16689 0.213886 0.177994 0.365494 0.271548 0.174934 0.347975 0.43438 0.391389 0.304867 0.198727 0.190747 0.248173 0.229107 0.239083 0.186183 0.161026 0.176632 0.27826 0.191349 0.344072 0.397077 0.241293 0.375878 0.295175 0.311792 0.403998 0.337965
threshold=0.091435549506555566 0.099417504061913978 1.7408548463895765 0.39462231454351315 1.6029078352286488 1.3699389265399462 -0.0067148183010640175 0.053575729265823331 -0.16292451013644252 1.717865066179004 0.20816510300342586 0.21189233712185793 -0.67660246588139128 -0.057828035777306656 1.1366524319874938 -0.4066021448338118 -0.019217846557476544 0.11553131150339958 0.23575485284363015 0.1646055565161593 0.17738712899905681 -0.48610401319386165 0.51265544011610376 0.96328788673119459 0.133235828399239 0.13811335581996353 0.12949777506779533 -0.29944045737427 -0.0013121325018852768 0.0097498812000743635
decision_type=2 2 2 2 2 2 2 2 2 2 2 2 2 2 2 2 2 2 2 2 2 2 2 2 2 2 2 2 2 2
left_child=1 2 4 -4 5 7 -6 13 12 11 -11 17 -9 14 15 -1 -17 -10 19 21 -21 22 -2 -24 26 -26 27 28 -23 -30
right_child=18 -3 3 -5 6 -7 -8 8 9 10 -12 -13 -14 -15 -16 16 -18 -19 -20 20 -22 24 23 -25 25 -27 -28 -29 29 -31
leaf_value=-0.0050970813259482387 -0.0035807977063133829 0.004102685325779021 -0.0060260769378926073 -4.2191099782940004e-05 0.0066313499507183842 -0.0061237939158812742 -0.00061651751914593796 -0.00102751191173281 -0.0023635130097239242 8.3566956723538736e-05 -0.0087709945626556884 0.0051518451674161733 -0.0071799689345061792 0.00018580057865530105 -0.0067922681485387409 -0.0023312100023031236 0.0045837452858686449 0.0028077704426583035 -0.00015020270372679523 0.0075236905285197761 0.00048314336777871683 -0.0013355550968393299 0.0055618181685736824 -0.00066150310956652764 -0.0044511582704875223 0.00036217091098503284 0.0054099917167886383 0.00050410856442047387 0.010988029081463105 0.0033830150094521141
leaf_weight=21 77 22 28 32 24 26 28 21 46 26 24 37 35 1408 22 25 25 28 2259 23 36 29 31 148 47 296 42 450 21 48
leaf_count=21 77 22 28 32 24 26 28 21 46 26 24 37 35 1408 22 25 25 28 2259 23 36 29 31 148 47 296 42 450 21 48
internal_value=4.31809e-12 -0.000189772 -0.000240652 -0.00283467 -0.000153992 -0.000239943 0.00272865 -0.000150897 -0.00147785 -0.000296999 -0.00416662 0.00144607 -0.0048728 4.09407e-05 -0.00215221 -0.000714441 0.00112627 -0.000406811 0.000101623 0.000557451 0.00322776 0.000424946 -0.000785967 0.000416279 0.000757201 -0.000297381 0.00137029 0.00106068 0.00361635 0.00569758
internal_weight=5385 1878 1856 60 1796 1744 52 1718 217 161 50 111 56 1501 93 71 50 74 3507 1248 59 1189 256 179 933 343 590 548 98 69
internal_count=5385 1878 1856 60 1796 1744 52 1718 217 161 50 111 56 1501 93 71 50 74 3507 1248 59 1189 256 179 933 343 590 548 98 69
is_linear=0
shrinkage=0.05


Tree=162
num_leaves=31
num_cat=0
split_feature=6 4 11 2 1 4 1 13 7 13 6 6 8 5 5 13 5 7 3 11 3 2 13 13 13 12 11 13 8 14
split_gain=0.0429934 0.227944 0.398901 0.228671 0.167611 0.235106 0.264779 0.381351 0.199571 0.161049 0.160713 0.319983 0.278113 0.270682 0.31118 0.259937 0.221905 0.307366 0.387644 0.360649 0.298663 0.222284 0.26624 0.200185 0.185951 0.181096 0.243595 0.198508 0.243257 0.235754
threshold=0.026210051257460405 0.26124095047603485 0.77429853325506459 0.2656809403438844 -0.12459763578516279 0.2454081896882982 -0.14446678195846926 0.65239391560351601 0.080169939411254595 0.30107324695716847 0.022110991543821502 0.022355832932172966 2.7111983139104141 40.514206125628768 42.079788928075068 -0.23416787070270903 51.338983812910691 0.11937652373405271 0.28610912598637733 -0.20312897266690985 0.2763707136976124 0.32871126068682716 0.30844312203221647 0.2406919254511147 -0.62497216004624445 0.55215393892743192 -0.9272760481440343 -0.40048433834577218 0.17897396127066181 0.58436929878039423
decision_type=2 2 2 2 2 2 2 2 2 2 2 2 2 2 2 2 2 2 2 2 2 2 2 2 2 2 2 2 2 2
left_child=1 4 3 -3 5 6 7 9 -8 -1 25 24 13 15 -15 -13 17 19 -19 -16 -21 -18 -23 -17 -12 26 -6 28 29 -27
right_child=-2 2 -4 -5 10 -7 8 -9 -10 -11 11 12 -14 14 16 23 21 18 -20 20 -22 22 -24 -25 -26 27 -28 -29 -30 -31
leaf_value=-0.001328831939661706 0.00017103867887210286 -0.0056757081471956695 0.0012329936950679935 -4.880036413669586e-05 -0.0053832508115605878 0.0064464275935842176 0.00021085570706054569 0.003665175914647989 0.0062151534603007387 -0.006740088928490877 -0.0078814336154166432 -0.0076467236592656085 -0.0051967469690335465 0.0060457479039376441 0.0041865629451529138 0.0029093640716746452 0.0012858940104541201 -0.0091851339712738997 0.00015402100048959256 -0.00033946005737801134 -0.0070758902168433589 0.00034878062280385117 -0.0067783386446535589 -0.0031455369947781401 -0.0022910641908061272 0.0053505138272885236 -8.6103572641710823e-05 0.00051000739461657047 0.0070848399204098524 -0.0017058995777163013
leaf_weight=44 2184 65 57 25 22 21 25 32 31 20 21 21 29 22 34 20 286 25 20 76 21 38 20 43 51 20 1609 447 27 29
leaf_count=44 2184 65 57 25 22 21 25 32 31 20 21 21 29 22 34 20 286 25 20 76 21 38 20 43 51 20 1609 447 27 29
internal_value=-1.33214e-12 -0.000116697 -0.00203987 -0.00411268 -2.41284e-05 0.00148746 0.000802345 -0.000791508 0.00353466 -0.00301985 -0.000114897 -0.000757704 -0.000409918 -0.000188164 0.000221147 -0.00282919 -2.52786e-05 -0.0014693 -0.0050344 -0.000244653 -0.00179786 0.000713525 -0.00210885 -0.00122335 -0.00392159 0.000102057 -0.000157555 0.00091167 0.00327408 0.00117427
internal_weight=5385 3201 147 90 3054 173 152 96 56 64 2881 727 655 626 542 84 520 176 45 131 97 344 58 63 72 2154 1631 523 76 49
internal_count=5385 3201 147 90 3054 173 152 96 56 64 2881 727 655 626 542 84 520 176 45 131 97 344 58 63 72 2154 1631 523 76 49
is_linear=0
shrinkage=0.05


Tree=163
num_leaves=31
num_cat=0
split_feature=12 13 4 3 9 12 5 12 3 4 5 2 4 12 4 9 11 2 4 9 4 10 11 3 11 9 0 1 13 1
split_gain=0.0439754 0.234062 0.305363 0.303088 0.288956 0.371516 0.241232 0.224637 0.348597 0.270837 0.318284 0.27391 0.348771 0.358877 0.355026 0.274786 0.383596 0.269318 0.244727 0.240543 0.231442 0.413727 0.489551 0.34743 0.256627 0.340606 0.244689 0.241293 0.224817 0.285853
threshold=0.38276100862905998 -1.7318995762829397 0.30433937561307939 -0.48186603216427376 1.3122077203564031 0.46948139143810191 45.959182257360666 0.18938361006400897 -0.18811388327433795 0.20455940954875232 26.078002738703734 0.080366550193512257 0.1976670631039931 -0.12865286713320964 0.19504051871135755 0.76106330235224029 -0.12155155735895661 0.099865574604712695 0.4125272190412837 0.3897324473205423 0.17372038548738455 0.045038640596937296 -0.24460350466912201 0.21599459269338431 0.63152491057060167 0.92794914265648754 -0.0047216087942541498 0.16352076843269017 0.033672030692602335 -0.046787291016576353
decision_type=2 2 2 2 2 2 2 2 2 2 2 2 2 2 2 2 2 2 2 2 2 2 2 2 2 2 2 2 2 2
left_child=7 -2 -3 -4 6 -6 -5 9 -9 11 -11 15 14 -14 17 16 -1 -13 19 -10 21 23 -23 26 27 -26 -21 -22 -18 -30
right_child=1 2 3 4 5 -7 -8 8 18 10 -12 12 13 -15 -16 -17 28 -19 -20 20 24 22 -24 -25 25 -27 -28 -29 29 -31
leaf_value=-0.0091005483857141099 0.0034341970166234777 2.0459116166239522e-05 0.0042415000777691605 -0.00067527634849728544 -0.0063476701528998097 0.00042315567225719304 -0.0051889570478938132 -0.0027799684709558887 -0.00086845845919912817 -0.0052640826217471987 0.00030102604471169808 0.0039649456933924434 -0.00052479781879810616 -0.0081613839268684391 0.0061264741771782823 -0.0008633688292933729 -0.0056316224337719829 -0.00029512493631605492 -0.003829098454332866 0.0086903175921179358 0.0050164735857328602 0.0019405962132926409 -0.0080569028779864313 -0.0019524743248309408 0.0039277249115652274 -0.0024787383926350897 0.0020551449404041652 0.00027633661009145508 0.0042013951976384431 -0.0027927671353002856
leaf_weight=26 43 1367 20 43 24 130 95 54 77 26 2173 41 40 25 26 267 34 390 21 24 144 24 25 28 42 41 33 33 21 48
leaf_count=26 43 1367 20 43 24 130 95 54 77 26 2173 41 40 25 26 267 34 390 21 24 144 24 25 28 42 41 33 33 21 48
internal_value=-1.27887e-13 -0.000208393 -0.000301682 -0.00171311 -0.00212096 -0.000632038 -0.00378252 9.79671e-05 0.00103351 -6.59105e-05 0.000235227 -0.000787262 -3.50079e-05 -0.00346195 0.000452412 -0.00177887 -0.00367374 0.000110125 0.00145206 0.00168753 0.00218705 0.000499029 -0.00316017 0.00260845 0.00305703 0.000763086 0.0048489 0.00413272 -0.00230387 -0.000664109
internal_weight=5385 1722 1679 312 292 154 138 3663 546 3117 2199 918 522 65 457 396 129 431 492 471 394 134 49 85 260 83 57 177 103 69
internal_count=5385 1722 1679 312 292 154 138 3663 546 3117 2199 918 522 65 457 396 129 431 492 471 394 134 49 85 260 83 57 177 103 69
is_linear=0
shrinkage=0.05


Tree=164
num_leaves=31
num_cat=0
split_feature=14 14 14 0 2 13 13 2 7 10 13 8 13 13 3 2 7 13 0 6 3 2 6 0 0 8 13 10 10 13
split_gain=0.0421859 0.124931 0.067161 0.256279 0.172828 0.071542 0.0839723 0.288791 0.166187 0.176455 0.164335 0.114909 0.0948585 0.365123 0.302591 0.369488 0.18973 0.167597 0.43823 0.287011 0.19262 0.152457 0.140638 0.0887606 0.554998 0.318492 0.244259 0.455454 0.42989 0.316267
threshold=-1.7763032401191265 -1.6150228679641128 -1.3297583278782075 -0.082390838074417369 -0.22552008547378063 -2.9731886339154459 -1.9937766041977227 -0.1479925106805772 0.11435168571663419 -0.75814659919576088 -1.7318995762829397 0.4772326237348799 -1.4060940019890074 -1.4645995337883191 0.18736104817182744 0.16501383015501572 0.13127766010805667 -1.1550350254782324 0.055198523957937125 0.029439708043240202 0.07626232797985201 0.20766650653712473 0.029583937285733868 -0.062671219110263118 -0.067140669772693104 -0.26216934191414032 0.8207622203609467 1.0000000180025095e-35 -0.85551833906929864 0.44109006550769891
decision_type=2 2 2 2 2 2 2 2 2 2 2 2 2 2 2 2 2 2 2 2 2 2 2 2 2 2 2 2 2 2
left_child=-1 -2 3 -3 -5 -4 7 -7 -9 -10 11 -8 13 14 16 -16 -12 18 19 -14 -21 -20 -17 24 26 -26 29 28 -28 -19
right_child=1 2 5 4 -6 6 10 8 9 -11 12 -13 17 -15 15 22 -18 23 21 20 -22 -23 -24 -25 25 -27 27 -29 -30 -31
leaf_value=-0.002185008962723342 0.0037690785036168318 0.0028146276443625209 0.0029258673522798793 -0.0070742309647834015 -0.00080044319367279185 0.0035395511061601017 0.0011267186018327872 6.7311061936761106e-05 -0.0009543776046484709 -0.0070175021203855679 -9.501292813746702e-05 0.0056816485105082399 0.0068926418466227395 -0.0073744327007305059 0.0074425353358189275 -0.0035755007793860775 -0.0068161634040907739 -0.00011835085841110567 0.00077732257544994355 0.003909837017168424 -0.0025147806433960798 -0.0043526915899877042 0.0021450161711651494 7.7932244964108499e-05 -0.0015808908622069605 -0.0090570492857036042 -0.0016167998042268057 -0.00058212561539910512 0.006247003093760993 -0.0032179726149051398
leaf_weight=22 22 22 21 21 23 23 45 31 20 30 21 20 42 21 21 21 21 426 30 28 20 28 22 4006 29 28 24 132 63 102
leaf_count=22 22 22 21 21 23 23 45 31 20 30 21 20 42 21 21 21 21 426 30 28 20 28 22 4006 29 28 24 132 63 102
internal_value=1.61071e-12 8.96331e-06 -6.52491e-06 -0.00159162 -0.00379475 1.33076e-05 1.66625e-06 -0.00140496 -0.00280896 -0.00459225 3.0072e-05 0.00252824 -1.86126e-06 -0.00135118 -0.000157893 0.00200622 -0.00345559 3.27017e-05 0.00168997 0.00387412 0.00123291 -0.00169924 -0.000648725 -1.8291e-05 -0.000497732 -0.00525339 -0.00013485 0.00126903 0.00407768 -0.000717141
internal_weight=5385 5363 5341 66 44 5275 5254 104 81 50 5150 65 5085 127 106 64 42 4958 148 90 48 58 43 4810 804 57 747 219 87 528
internal_count=5385 5363 5341 66 44 5275 5254 104 81 50 5150 65 5085 127 106 64 42 4958 148 90 48 58 43 4810 804 57 747 219 87 528
is_linear=0
shrinkage=0.05


Tree=165
num_leaves=31
num_cat=0
split_feature=12 12 13 4 5 5 4 13 12 12 5 8 12 14 7 1 14 13 9 13 8 7 1 4 5 8 4 12 6 0
split_gain=0.0412296 0.0466497 0.21088 0.3081 0.405362 0.563609 0.305 0.369723 0.312042 0.22327 0.216715 0.224086 0.201158 0.501243 0.320058 0.331895 0.274553 0.285464 0.273205 0.31075 0.463661 0.292124 0.253307 0.244828 0.284056 0.244126 0.237164 0.439112 0.234528 0.280608
threshold=2.5328300052630328 0.38276100862905998 -1.7318995762829397 0.31140319235819108 42.285367774019853 39.186461283890829 0.43299123711800841 -0.57400492299132411 0.560571198024296 0.82164274047453778 49.498603910533014 0.38429721716407311 0.18938361006400897 -1.0658476833443089 0.12182331146428259 0.12777680463942601 -0.59374415140232684 0.94319726051543973 1.1496824119491664 -0.13712423354731776 -0.0356220512414182 0.06225887756329649 0.09740312987871115 0.20455940954875232 26.078002738703734 -0.26216934191414032 0.1976670631039931 0.021739741214714312 0.029583937285733868 -0.030049896939006889
decision_type=2 2 2 2 2 2 2 2 2 2 2 2 2 2 2 2 2 2 2 2 2 2 2 2 2 2 2 2 2 2
left_child=1 12 -3 -4 5 -5 7 9 -9 -6 -10 -12 23 -14 16 28 -15 18 19 21 25 -18 -22 26 -25 -21 -1 -28 -16 -30
right_child=-2 2 3 4 6 -7 -8 8 10 -11 11 -13 13 14 15 -17 17 -19 -20 20 22 -23 -24 24 -26 -27 27 -29 29 -31
leaf_value=-0.0004389427776222009 0.0022111420963136924 0.0032319213193299813 -1.1420725916971244e-05 -0.0015408701824900859 0.0032973041106015444 0.0080338004002855588 -0.00021994464720288912 -0.010694645924700631 -0.0086006748210638775 -0.0038557468564249576 0.0014107421822180707 -0.0057330649265128633 -0.0057979258278814646 -0.0045568340099774876 0.0062999276731367394 0.00011922471961979547 0.0073194187755386041 0.0056068418614034152 0.003498018085223588 -0.0023630898555132506 0.0027004051217572544 9.6880168920116766e-05 -0.0033921758969275594 -0.0049721431228905346 0.00028522030421631347 -0.0082842096513896079 -0.0012651795352328608 -0.0087210313640534876 0.0050423739092617208 -0.0025468264418166309
leaf_weight=799 21 43 1384 51 20 22 66 27 20 24 21 23 26 26 73 67 21 28 54 49 59 42 24 26 2173 27 94 25 29 21
leaf_count=799 21 43 1384 51 20 22 66 27 20 24 21 23 26 26 73 67 21 28 54 49 59 42 24 26 2173 27 94 25 29 21
internal_value=1.61564e-12 -8.65659e-06 -0.000225036 -0.000314692 -0.00184654 0.00134465 -0.00300553 -0.00436738 -0.00618686 -0.00060436 -0.00428513 -0.00232352 9.18243e-05 0.000977129 0.00131588 0.00295068 0.000374637 0.000796408 0.000308393 -0.000467462 -0.00164499 0.00250439 0.000938695 -6.32531e-05 0.00022306 -0.00446665 -0.000749094 -0.00283153 0.00449301 0.00185491
internal_weight=5385 5364 1701 1658 274 73 201 135 91 44 64 44 3663 546 520 190 330 304 276 222 159 63 83 3117 2199 76 918 119 123 50
internal_count=5385 5364 1701 1658 274 73 201 135 91 44 64 44 3663 546 520 190 330 304 276 222 159 63 83 3117 2199 76 918 119 123 50
is_linear=0
shrinkage=0.05


Tree=166
num_leaves=31
num_cat=0
split_feature=13 7 11 10 10 7 11 7 2 6 3 2 11 6 11 10 1 14 7 7 3 11 3 0 0 2 3 12 7 10
split_gain=0.039312 0.222444 0.0528967 0.20072 0.178633 0.22698 0.150267 0.301054 0.147143 0.0794903 0.0682673 0.319639 0.393698 0.464561 0.420463 0.374878 0.327486 0.288602 0.244135 0.656606 0.375345 0.296369 0.240083 0.199908 0.198763 0.238559 0.195843 0.245138 0.315775 0.300115
threshold=2.5845703800735711 0.17910832043238961 -1.7488395090016395 0.24357046569557858 1.0421517392360302 0.15424920165804965 -1.6262986585588721 0.2226437492281074 0.0021626668439049816 0.041382482271708626 -0.16868773711096954 -0.15320798628253543 1.6644621978379033 0.02479344055553848 0.7517047603929804 0.4644878669256256 -0.22753853054826004 -1.0362419861949086 0.16728898241176723 0.13262231807180316 -0.20745854828681462 -0.12155155735895661 -0.20223798687624081 0.014077992314259881 0.0349765925904666 -0.096060528635435391 -0.10139751367596193 -0.81405541251622038 0.063349413514732125 -0.47998230281468196
decision_type=2 2 2 2 2 2 2 2 2 2 2 2 2 2 2 2 2 2 2 2 2 2 2 2 2 2 2 2 2 2
left_child=2 -2 3 -1 9 -6 7 -4 -7 -5 11 15 13 -13 22 18 -17 -18 19 20 21 -8 24 -23 25 -15 27 29 -29 -12
right_child=1 -3 6 4 5 8 10 -9 -10 -11 26 12 -14 14 -16 16 17 -19 -20 -21 -22 23 -24 -25 -26 -27 -28 28 -30 -31
leaf_value=-0.0027600774686012807 -0.0049931651415218688 0.0022926517622545366 -0.0070290154608135874 0.00194543140152326 0.0043571111536584795 -0.0051991492352681237 -0.0073469141328876665 0.0014469737914623694 0.00086596841574646541 0.0057527817336135902 -0.0020518683479167524 -0.00097962163558732427 -0.0034735576855018735 0.0037676840368658301 0.0090253251750255 -0.0015690930653363467 0.0078382873546797779 0.0012390219823557986 0.00023951077791235342 -0.0085748517634095366 0.0049753150606358593 0.0015135571279097349 0.0069788601965858387 -0.0044203384525396605 0.0041085275067459974 -0.0031934478745824892 3.205644500095587e-05 0.0029278875523877724 -0.002437058957675159 0.0065063037266511296
leaf_weight=29 22 20 22 26 20 20 22 20 20 29 20 63 30 20 34 39 30 37 117 37 22 40 26 22 42 32 4234 31 238 21
leaf_count=29 22 20 22 26 20 20 22 20 20 29 20 63 30 20 34 39 30 37 117 37 22 40 26 22 42 32 4234 31 238 21
internal_value=1.39878e-12 -0.00152373 1.19777e-05 0.000957279 0.0018947 7.97678e-06 -1.4205e-05 -0.00299283 -0.00216659 0.00395294 1.00538e-05 0.000505352 0.00189518 0.0026374 0.0041171 -0.000432594 0.00207356 0.00419392 -0.00145433 -0.00284021 -0.000838494 -0.00236116 0.00272643 -0.000592019 0.00155023 -0.000516089 -5.67635e-05 -0.00126987 -0.00181879 0.00233159
internal_weight=5385 42 5343 144 115 60 5199 42 40 55 5157 613 247 217 154 366 106 67 260 143 106 84 120 62 94 52 4544 310 269 41
internal_count=5385 42 5343 144 115 60 5199 42 40 55 5157 613 247 217 154 366 106 67 260 143 106 84 120 62 94 52 4544 310 269 41
is_linear=0
shrinkage=0.05


Tree=167
num_leaves=31
num_cat=0
split_feature=5 4 4 5 12 8 11 8 8 11 11 13 13 0 10 12 11 5 1 1 10 12 5 11 12 0 13 12 8 5
split_gain=0.0386927 0.0404857 0.190598 0.197911 0.325933 0.24101 0.205939 0.233324 0.344588 0.22212 0.206601 0.198932 0.223436 0.186339 0.176707 0.152511 0.129228 0.14841 0.125765 0.254185 0.108798 0.174753 0.31453 0.178339 0.161745 0.194495 0.212811 0.169476 0.217693 0.238031
threshold=82.425215059992112 0.4125272190412837 0.425641220377804 59.8275246801919 1.4506074276405139 0.17188112498060001 1.202385295910535 -0.47721762191802813 -0.81054092511256415 -0.49867138719926335 -0.28074651514069032 0.95869300787138201 -0.11377127054853318 -0.1242479148040863 -0.41952892411129117 -0.46326983357829693 -2.0161605388653525 54.41523447357725 0.0081258062252085334 -0.13869497587217786 -2.2409912404585275 -2.0022627460437383 53.329504984178733 0.66156292881455847 -1.3427867011817669 0.092163353506477433 -0.60062048524264922 -1.4283111747299915 0.0059496001818409314 42.568824828003436
decision_type=2 2 2 2 2 2 2 2 2 2 2 2 2 2 2 2 2 2 2 2 2 2 2 2 2 2 2 2 2 2
left_child=1 16 14 4 5 6 7 8 10 -9 -4 12 15 -7 -3 -5 17 -1 19 -15 -18 22 23 -22 25 26 -23 28 29 -28
right_child=-2 2 3 11 -6 13 -8 9 -10 -11 -12 -13 -14 18 -16 -17 20 -19 -20 -21 21 24 -24 -25 -26 -27 27 -29 -30 -31
leaf_value=0.0043721016192446571 0.0021420342892053581 0.00069816258203770438 -0.0019524683646040455 -0.0062164820544421675 -0.0047673469098905722 -0.0015767779608722777 -0.0042395470406282349 0.00079945962288943326 0.0067459964694885112 -0.0063129458970035473 0.0029973164402149824 -0.0061161946100385294 0.0027350416190789215 0.0051213323958623023 -0.00494199911211958 -0.00045581960153800468 -0.0031008389312773945 -0.00070388636862238254 0.0068452277051454236 -0.000365771507868209 0.0020109755732119084 -0.0068895398750014247 -0.0017996389158070087 0.0086881553777493539 4.7040281874491891e-05 0.0023172278156770127 -0.001983709692420369 -0.0052332651238733291 -0.003215446332681247 0.0044378187022953023
leaf_weight=36 21 21 49 20 27 22 27 23 26 21 37 23 28 46 41 27 28 24 22 39 20 21 25 20 4537 28 27 24 44 31
leaf_count=36 21 21 49 20 27 22 27 23 26 21 37 23 28 46 41 27 28 24 22 39 20 21 25 20 4537 28 27 24 44 31
internal_value=-3.49287e-12 -8.38604e-06 -0.000437297 -6.92237e-05 0.000502883 0.000958961 -0.000207795 0.000490009 0.00170201 -0.0025951 0.00017709 -0.00204825 -0.000800741 0.00261412 -0.00303162 -0.00290717 3.56071e-05 0.00234171 0.00347581 0.00260372 6.81086e-06 2.50261e-05 0.00259987 0.00534957 -1.04928e-05 -0.00150208 -0.00222957 -0.0014529 -0.000563406 0.00144849
internal_weight=5385 5364 499 437 339 312 183 156 112 44 86 98 75 129 62 47 4865 60 107 85 4805 4777 65 40 4712 175 147 126 102 58
internal_count=5385 5364 499 437 339 312 183 156 112 44 86 98 75 129 62 47 4865 60 107 85 4805 4777 65 40 4712 175 147 126 102 58
is_linear=0
shrinkage=0.05


Tree=168
num_leaves=31
num_cat=0
split_feature=6 4 11 1 10 1 10 9 1 11 6 9 1 2 10 6 6 12 6 1 9 13 13 8 8 14 2 14 12 10
split_gain=0.0382795 0.209298 0.350896 0.269761 0.205647 0.153295 0.369124 0.348334 0.238086 0.31975 0.147768 0.34001 0.305471 0.340072 0.299809 0.249501 0.236549 0.227157 0.3307 0.361608 0.264042 0.235457 0.203752 0.203181 0.175468 0.31381 0.27245 0.232449 0.207209 0.254363
threshold=0.026210051257460405 0.26124095047603485 0.8114264825415427 0.2027669568812204 -0.28762682454094685 -0.12459763578516279 0.13451895853746115 0.85320301403811638 -0.14446678195846926 0.64020873478767404 0.022110991543821502 0.93234919712960052 0.20022690858327288 0.21645742130578985 0.5158767932226368 0.022355832932172966 0.022516532683783827 0.044098704111630256 0.02496729809551251 0.0081258062252085334 0.74431464087539112 0.0085314310997856042 0.02623029591329407 0.19725545461991412 1.2975963219418611 1.5934314028641856 0.058981994542338885 2.3117531613600915 1.2124771538377452 0.4644878669256256
decision_type=2 2 2 2 2 2 2 2 2 2 2 2 2 2 2 2 2 2 2 2 2 2 2 2 2 2 2 2 2 2
left_child=1 5 3 -3 -4 6 8 -8 9 -1 24 12 13 14 17 -13 -17 20 19 21 22 -19 -12 -21 28 26 -26 -27 -7 -30
right_child=-2 2 4 -5 -6 10 7 -9 -10 -11 11 15 -14 -15 -16 16 -18 18 -20 23 -22 -23 -24 -25 25 27 -28 -29 29 -31
leaf_value=-0.0060194575722562153 0.00016139003882893459 -0.005222963625947907 0.0040415814844891431 0.0010931303999810057 -0.002322866323150017 -0.00013550697933219005 0.00035758414935018563 0.0069748388652061651 0.0026146909800659427 0.0013688419290162901 -0.0026559256144206636 -0.0051733433998500311 0.0050768566640203286 -0.0044058464724864611 -0.0033865145236057674 0.0040579810796771204 -0.0015320700172444712 -0.0088284677243791517 0.005344661528413946 -0.0020502843095787935 0.0065387966311882834 -0.0011561589653138072 0.0034847040973337638 0.0046841773956354396 8.6857780251045562e-06 -0.0046432085085793265 0.0050654071359895175 0.0021406434215706488 0.00037144349948645854 0.0061960592512683623
leaf_weight=32 2184 73 30 22 22 1908 37 43 34 27 22 45 33 38 38 20 352 20 22 21 37 20 35 24 43 28 70 23 53 29
leaf_count=32 2184 73 30 22 22 1908 37 43 34 27 22 45 33 38 38 20 352 20 22 21 37 20 35 24 43 28 70 23 53 29
internal_value=2.68163e-12 -0.000110114 -0.00195295 -0.00376029 0.00134893 -2.14122e-05 0.00142419 0.00391436 -0.000717897 -0.00263837 -0.000108218 -0.000724593 0.000529518 -1.22226e-05 0.000686345 -0.00165691 -0.00123153 0.00145634 -0.000119119 -0.00153327 0.00324968 -0.00499231 0.00111464 0.00154143 9.98152e-05 0.00167181 0.00314117 -0.00158382 -2.97362e-05 0.00243137
internal_weight=5385 3201 147 95 52 3054 173 80 93 59 2881 727 310 277 239 417 372 201 107 85 94 40 57 45 2154 164 113 51 1990 82
internal_count=5385 3201 147 95 52 3054 173 80 93 59 2881 727 310 277 239 417 372 201 107 85 94 40 57 45 2154 164 113 51 1990 82
is_linear=0
shrinkage=0.05


Tree=169
num_leaves=31
num_cat=0
split_feature=13 13 6 4 13 4 10 2 5 5 4 12 5 5 7 10 13 12 13 11 13 3 5 5 4 5 6 1 1 6
split_gain=0.0390677 0.226871 0.126392 0.143114 0.12122 0.268535 0.33523 0.267547 0.238402 0.249249 0.2355 0.294297 0.237214 0.356241 0.264549 0.251857 0.215107 0.274197 0.240678 0.208146 0.25793 0.237488 0.214528 0.321832 0.265616 0.206091 0.201094 0.353115 0.378325 0.281
threshold=0.48470093385155544 0.49555270000771673 0.072886939461157416 0.65913372468674869 -0.013989844552963258 0.20945133115633199 0.61773436064193377 0.13317166923295568 70.000524618292005 72.052294948979224 0.23575485284363015 0.57176943891412069 67.291797090367609 64.115811815972521 0.23654078988257571 0.98286212265889439 0.2234048070776079 -0.41396651961325515 0.33426149565695817 1.2828449512439251 0.079752708611193227 0.13907978707096261 60.247440942582607 58.595788758346224 0.15298504722134063 66.637273149177034 0.019946391243821238 -0.055407939605478011 -0.016916473020161079 0.020301318110200615
decision_type=2 2 2 2 2 2 2 2 2 2 2 2 2 2 2 2 2 2 2 2 2 2 2 2 2 2 2 2 2 2
left_child=2 -2 3 4 26 6 8 -8 19 -10 11 16 13 14 15 -12 17 -7 -18 20 21 -6 23 -22 -24 -26 27 -1 -29 -28
right_child=1 -3 -4 -5 5 10 7 -9 9 -11 12 -13 -14 -15 -16 -17 18 -19 -20 -21 22 -23 24 -25 25 -27 29 28 -30 -31
leaf_value=0.0048890191563801403 -0.0053562486455554052 -0.00012880260546685847 -0.0035989241269619569 0.0041398108767514881 0.0045102234126534321 -0.00053056164178997276 0.0076779335818212965 -3.4671376951419833e-05 0.0066965999170428229 0.00022430118611630273 0.00048891085716604719 0.0070207564174338726 -0.003065257132984698 0.0065190396961514602 0.0039918712481062822 -0.0043965872152355208 -0.0038319077446228931 0.0060621789673906855 0.0020263197496533394 -0.0057213449543765324 -0.0010848487351515046 -0.00053409549058674858 0.0005014604044845328 0.0055027625570073721 -0.0069711602525785567 -0.0013311575651168825 -0.0039536459610867757 -0.0037215038202703002 0.00084615376596476003 -0.00025809837502154296
leaf_weight=47 21 1785 23 22 40 24 23 22 21 51 292 33 40 27 49 29 27 46 50 22 254 56 32 20 46 25 53 51 408 1746
leaf_count=47 21 1785 23 22 40 24 23 22 21 51 292 33 40 27 49 29 27 46 50 22 254 56 32 20 46 25 53 51 408 1746
internal_value=4.22972e-12 -0.000189587 9.56675e-05 0.000119564 9.45369e-05 0.000495572 -0.000246527 0.00390733 -0.000576197 0.00211205 0.00123166 0.0027537 0.000604729 0.000974501 0.000569899 4.75419e-05 0.00179579 0.00380181 -2.78639e-05 -0.000967216 -0.000746094 0.0015677 -0.00133528 -0.000604001 -0.00328064 -0.00498524 -0.000119291 0.0007613 0.000338636 -0.000366972
internal_weight=5385 1806 3579 3556 3534 1229 612 45 567 72 617 180 437 397 370 321 147 70 77 495 473 96 377 274 103 71 2305 506 459 1799
internal_count=5385 1806 3579 3556 3534 1229 612 45 567 72 617 180 437 397 370 321 147 70 77 495 473 96 377 274 103 71 2305 506 459 1799
is_linear=0
shrinkage=0.05


Tree=170
num_leaves=31
num_cat=0
split_feature=10 10 10 3 13 9 13 3 8 12 2 8 8 0 0 6 9 14 8 11 0 14 3 9 9 8 8 8 1 11
split_gain=0.0382904 0.5818 0.376057 0.304925 0.409373 0.479286 0.241471 0.234336 0.207785 0.393194 0.299977 0.295045 0.269201 0.256729 0.365303 0.246233 0.387221 0.365887 0.290928 0.288088 0.253824 0.272503 0.242523 0.235281 0.414292 0.228469 0.224531 0.254646 0.348591 0.683559
threshold=0.039755418998630172 0.032375408449355443 0.1009626505249492 0.47007608237281612 -0.22038387325521416 0.47201891332320001 0.33426149565695817 0.21294969798726596 0.15231427508715403 0.69852915524707548 0.27326645953799716 0.13252210935239481 1.3416917904732422 0.020463308430432318 -0.077820473185061009 0.037965601230774963 1.1273169987593381 1.1912531045879613 0.92962808122171336 0.2616772403881476 -0.025589945954975987 0.64382331307387164 -0.048352245153554511 1.5073490558127369 1.5583614574588049 0.63347116530030712 0.10303582456515929 0.016494075464939615 -0.15060963124667778 -0.82483955056686797
decision_type=2 2 2 2 2 2 2 2 2 2 2 2 2 2 2 2 2 2 2 2 2 2 2 2 2 2 2 2 2 2
left_child=1 -1 3 4 7 -6 -7 -2 11 15 12 23 13 14 -11 16 -10 20 -17 -19 -18 22 -22 26 -25 -16 27 28 29 -4
right_child=2 -3 8 -5 5 6 -8 -9 9 10 -12 -13 -14 -15 25 18 17 19 -20 -21 21 -23 -24 24 -26 -27 -28 -29 -30 -31
leaf_value=5.9130573979942844e-05 -0.00086914862151302045 0.0082201799843460328 -0.0026293051680801689 -0.0068748031442444173 -0.0098276432869689803 -0.0048651074930544831 0.00071007953240321241 0.0066931945271790031 0.00074078186480714466 0.0029400226846337321 0.0040639452558631694 -0.0055442522090204342 -0.0048266028816049758 0.0014497330272570253 -0.0076315472608257558 -0.0044861938485777691 0.0010608840053184675 -0.0026583880538854636 0.00092136540236727659 0.0037273802010244447 0.0086153502325975791 0.011644973144644783 0.0023082961470104889 -0.0087188653601333512 -0.001091289365384584 -0.00081921740900725126 0.004793662965918581 -0.0022478608655949416 -0.00015925312896859106 0.0057730305800214416
leaf_weight=2974 21 22 37 31 21 31 52 20 383 20 24 27 55 70 32 38 26 33 72 38 27 21 35 20 162 20 24 122 857 70
leaf_count=2974 21 22 37 31 21 31 52 20 383 20 24 27 55 70 32 38 26 33 72 38 27 21 35 20 162 20 24 122 857 70
internal_value=-4.53153e-12 0.000119058 -0.000149309 -0.00237376 -0.00141147 -0.00307956 -0.00137222 0.0028198 2.76021e-05 0.000616094 -0.00121376 -0.000371269 -0.00185673 -0.000706423 -0.00280269 0.00121698 0.00163973 0.00355248 -0.000946701 0.000759347 0.00537186 0.00672228 0.00505492 -0.000263165 -0.00192948 -0.00501142 1.00512e-05 -9.5664e-05 0.000176709 0.00286755
internal_weight=5385 2996 2389 176 145 104 83 41 2213 894 221 1319 197 142 72 673 563 180 110 71 109 83 62 1292 182 52 1110 1086 964 107
internal_count=5385 2996 2389 176 145 104 83 41 2213 894 221 1319 197 142 72 673 563 180 110 71 109 83 62 1292 182 52 1110 1086 964 107
is_linear=0
shrinkage=0.05


Tree=171
num_leaves=31
num_cat=0
split_feature=6 4 6 7 0 0 7 6 4 9 7 9 6 4 9 9 8 9 5 0 6 6 11 9 4 6 9 6 3 3
split_gain=0.0384843 0.0743941 0.0458718 0.0539426 0.361706 0.217302 0.155782 0.0573424 0.262546 0.24559 0.265674 0.241108 0.221336 0.383217 0.171367 0.224463 0.237043 0.14464 0.0823513 0.0769661 0.0737195 0.290108 0.321401 0.26536 0.311712 0.219892 0.186421 0.146103 0.287172 0.295643
threshold=0.011511839711770869 0.11686569386666591 0.012486142167803716 0.038296003518429177 -0.0047216087942541498 0.0097498812000743635 0.039908791616114651 0.014682043306144815 0.14787482167288607 0.94626507843143071 0.074549557548327497 0.65724642303192993 0.014210350393499256 0.14787482167288607 0.91523065132462411 0.65724642303192993 -0.088410529357456955 0.63983186087420185 80.771395593677397 0.034005138772338468 0.015498966418826594 0.016235845264590282 0.531429599214161 1.0830446433029863 0.15652124072039372 0.016034087894242457 0.73461389302163582 0.017234530006298682 0.2682646752580265 0.04472684931923266
decision_type=2 2 2 2 2 2 2 2 2 2 2 2 2 2 2 2 2 2 2 2 2 2 2 2 2 2 2 2 2 2
left_child=-1 -2 -3 4 -4 -6 -5 12 9 11 -11 -9 13 14 15 16 -8 -14 20 -16 23 22 25 24 -10 26 -22 28 29 -23
right_child=1 2 3 6 5 -7 7 8 18 10 -12 -13 17 -15 19 -17 -18 -19 -20 -21 21 27 -24 -25 -26 -27 -28 -29 -30 -31
leaf_value=0.0020869472140806135 -0.0026766311950408499 0.002060137499399759 0.0027392232133185163 0.0044186544939293524 -0.007118980224745778 -0.00059022204740904278 0.0040428356024558134 -0.0010739369797246421 0.0012407650006935002 -0.0033293186864327821 0.0046240295460891158 -0.006834512836753558 0.00012386184230092027 -0.0061397240738860215 -0.004134914188180119 0.0048932433976099279 -0.0023883820743465455 0.0053192377958849483 0.0025074794309947529 0.00025160273537039757 0.0051789952076173257 -0.0031633718491611167 -0.0020287745508054894 0.0032376428888667196 -0.0064427426243624233 0.0074422822946993011 -0.00040750092157395559 2.3286165540082503e-05 -0.003912793014618293 0.0017681580030110254
leaf_weight=22 26 27 34 20 26 25 23 34 22 21 21 39 21 23 20 39 38 37 33 20 28 47 30 21 33 30 32 4436 71 86
leaf_count=22 26 27 34 20 26 25 23 34 22 21 21 39 21 23 20 39 38 37 33 20 28 47 30 21 33 30 32 4436 71 86
internal_value=2.01281e-12 -8.56103e-06 4.43687e-06 -6.01584e-06 -0.00125548 -0.00391861 1.43103e-05 -2.61321e-06 -3.75598e-05 -0.00239888 0.000647355 -0.0041515 0.000785503 -0.000158385 0.000824264 0.00193063 3.65033e-05 0.00343815 1.82117e-05 -0.00194166 1.22542e-06 2.58927e-05 0.00245314 -0.00154373 -0.00336934 0.00394711 0.00219953 -3.6881e-05 -0.00134522 2.54369e-05
internal_weight=5385 5363 5337 5310 85 51 5225 5205 4984 115 42 73 221 163 140 100 61 58 4869 40 4836 4760 120 76 55 90 60 4640 204 133
internal_count=5385 5363 5337 5310 85 51 5225 5205 4984 115 42 73 221 163 140 100 61 58 4869 40 4836 4760 120 76 55 90 60 4640 204 133
is_linear=0
shrinkage=0.05


Tree=172
num_leaves=31
num_cat=0
split_feature=12 12 13 4 5 14 9 13 12 14 7 2 6 14 13 12 7 5 14 6 4 5 2 4 4 12 13 8 12 12
split_gain=0.0380028 0.0419658 0.195528 0.267461 0.367112 0.274814 0.253966 0.211214 0.17669 0.432651 0.282775 0.308845 0.327172 0.312799 0.315478 0.240199 0.332133 0.370064 0.284692 0.297727 0.215028 0.246572 0.245881 0.287918 0.311329 0.308724 0.239032 0.670721 0.501771 0.464191
threshold=2.5328300052630328 0.38276100862905998 -1.7318995762829397 0.31140319235819108 45.053537262021244 -0.92854600443491131 1.3122077203564031 0.73088006975435349 0.18938361006400897 -1.0658476833443089 0.12182331146428259 -0.053500511634633867 0.035375297760861311 1.2270518596413598 -0.02976306232456127 0.20816510300342586 0.088822228407143669 56.810010574703895 0.7582182652522913 0.018618093218810462 0.20455940954875232 26.078002738703734 0.080366550193512257 0.1976670631039931 0.19504051871135755 -0.12865286713320964 0.094976270954280087 -0.23592828972296273 0.067410584964596412 -0.077193901359120728
decision_type=2 2 2 2 2 2 2 2 2 2 2 2 2 2 2 2 2 2 2 2 2 2 2 2 2 2 2 2 2 2
left_child=1 8 -3 -4 5 -5 -6 -8 20 -10 15 -12 13 -13 -15 -11 17 -17 -18 -20 22 -22 -1 24 26 -25 27 -24 29 -28
right_child=-2 2 3 4 6 -7 7 -9 9 10 11 12 -14 14 -16 16 18 -19 19 -21 21 -23 23 25 -26 -27 28 -29 -30 -31
leaf_value=-0.0016406003441344101 0.0021228514966510591 0.0031152017742157156 -1.7307942979604868e-05 0.0058460155235869546 -0.0049914947832364531 -0.00064454426773072684 -0.002677976581788458 0.0026966504761949187 -0.0053777352835123358 0.0042016727775464665 0.0062843290979954156 0.0059967993560955321 -0.0025108049313227339 0.0041559276791910326 -0.0031575023421439637 0.0026758824090114025 -0.0044171267450572203 -0.0021444637669603629 -0.0029635109424513456 0.0052965821613906883 -0.0046303296578116713 0.00026788956545249082 0.0057242502548521569 -0.00037782474835694306 0.0057679057479477847 -0.00746073967218399 -0.0013224568661583667 -0.00057278954698809217 -0.0062831556704524604 0.0042828713082803454
leaf_weight=396 21 43 1384 21 87 73 68 25 26 36 47 48 36 30 29 127 65 58 24 20 26 2173 62 40 26 25 150 133 37 49
leaf_count=396 21 43 1384 21 87 73 68 25 26 36 47 48 36 30 29 127 65 58 24 20 26 2173 62 40 26 25 150 133 37 49
internal_value=-4.34936e-13 -8.31094e-06 -0.00021354 -0.000299871 -0.00172712 0.000805474 -0.0030497 -0.00123318 8.69921e-05 0.000916708 0.00123143 0.00276806 0.00161236 0.00299959 0.000561191 0.000346705 -0.000125332 0.00116464 -0.00231473 0.000791077 -5.83479e-05 0.000209975 -0.000701096 1.16321e-05 0.000454493 -0.00310202 0.000133963 0.00142935 -0.000936375 5.77496e-05
internal_weight=5385 5364 1701 1658 274 94 180 93 3663 546 520 190 143 107 59 330 294 185 109 44 3117 2199 918 522 457 65 431 195 236 199
internal_count=5385 5364 1701 1658 274 94 180 93 3663 546 520 190 143 107 59 330 294 185 109 44 3117 2199 918 522 457 65 431 195 236 199
is_linear=0
shrinkage=0.05


Tree=173
num_leaves=31
num_cat=0
split_feature=13 7 6 6 8 3 3 10 7 7 3 1 1 3 1 5 0 7 3 0 7 0 11 6 8 6 8 11 12 3
split_gain=0.0363191 0.194828 0.0464876 0.392942 0.237041 0.132968 0.347807 0.299287 0.263724 0.244005 0.191408 0.234163 0.187368 0.205629 0.298121 0.253223 0.170978 0.273543 0.174641 0.152353 0.311096 0.178815 0.117987 0.117729 0.116181 0.238484 0.20025 0.373814 0.279058 0.468993
threshold=2.5845703800735711 0.17910832043238961 0.025612746179649367 0.025291100493801618 -0.26216934191414032 -0.13690646689324507 -0.16353447865459822 0.18800441942121685 0.11937652373405271 0.094123805504632022 -0.2866312127833382 -0.09951538056987401 -0.11127501826182122 -0.085143445179551289 -0.14446678195846926 37.895392998878329 -0.089064550551308005 0.15958613887606174 0.1331241773939065 -0.068783179898707122 0.11188526910010574 -0.062671219110263118 -0.14206470688457432 0.021822465885243694 2.5862465899671867 0.022516532683783827 1.0822599865804416 -0.36701077119686998 0.14283856597592612 0.073064126962409173
decision_type=2 2 2 2 2 2 2 2 2 2 2 2 2 2 2 2 2 2 2 2 2 2 2 2 2 2 2 2 2 2
left_child=2 -2 3 5 -5 6 7 10 22 -8 -1 -12 13 -7 15 -15 17 18 -14 20 -18 -21 -9 -16 26 -26 -23 -28 29 -29
right_child=1 -3 -4 4 -6 12 9 8 -10 -11 11 -13 16 14 23 -17 19 -19 -20 21 -22 24 -24 -25 25 -27 27 28 -30 -31
leaf_value=0.0015366790408734233 -0.0047115197595716876 0.0021070565562695265 0.00018311160558849801 -0.00064859667992485425 -0.0068609938771902208 0.0057517069495386548 -0.0015343936016926399 0.0023397088188816004 0.0065223803889239212 -0.0085257557375977445 -0.007974364573047274 -0.0012958542368141934 -0.0082503964525780498 0.0012836992824450137 0.0049237902792220985 -0.0060714086729355835 0.0055836723759592347 0.0015700135547667743 -0.0017219347599893809 -0.0040788822220983335 -0.0021564809871571409 -7.5949824991269378e-05 -0.0025930737206098543 0.00074659371448139997 -2.0786980894627052e-05 -0.0063074031421406704 0.0063149361426065517 -0.0080998496466781946 0.0024960861769457807 0.00050547231359431824
leaf_weight=24 22 20 2270 28 34 27 26 27 24 24 21 35 21 25 37 22 34 25 20 27 21 2219 22 31 48 22 34 20 99 76
leaf_count=24 22 20 2270 28 34 27 26 27 24 24 21 35 21 25 37 22 34 25 20 27 21 2219 22 31 48 22 34 20 99 76
internal_value=-1.60382e-13 -0.00146458 1.15127e-05 -0.000115246 -0.0040554 -3.41138e-05 -0.00126989 -8.67622e-05 0.00222824 -0.00489025 -0.0021992 -0.0038003 5.52245e-05 0.00182495 0.00090301 -0.00215912 -3.90367e-05 -0.00255222 -0.00506578 2.47596e-05 0.00262834 -3.15064e-05 0.00012499 0.00301948 1.18928e-05 -0.00199658 6.93246e-05 0.00147703 0.000633495 -0.0012873
internal_weight=5385 42 5343 3073 62 3011 203 153 73 50 80 56 2808 142 115 47 2666 66 41 2600 55 2545 49 68 2518 70 2448 229 195 96
internal_count=5385 42 5343 3073 62 3011 203 153 73 50 80 56 2808 142 115 47 2666 66 41 2600 55 2545 49 68 2518 70 2448 229 195 96
is_linear=0
shrinkage=0.05


Tree=174
num_leaves=31
num_cat=0
split_feature=14 14 14 0 2 13 13 2 7 10 13 5 13 13 3 2 7 13 0 6 9 1 6 13 10 4 3 0 0 0
split_gain=0.0376284 0.109906 0.0528214 0.212906 0.151301 0.0614 0.0825967 0.254058 0.150434 0.153902 0.137783 0.102024 0.077899 0.329409 0.266109 0.325271 0.171707 0.149418 0.392563 0.259297 0.170496 0.153643 0.122556 0.0898244 0.270227 0.146858 0.125105 0.254502 0.327442 0.224903
threshold=-1.7763032401191265 -1.6150228679641128 -1.3297583278782075 -0.098994081944654019 -0.22552008547378063 -2.9731886339154459 -1.9937766041977227 -0.1479925106805772 0.11435168571663419 -0.75814659919576088 -1.7318995762829397 53.096550358441398 -1.4060940019890074 -1.4645995337883191 0.18736104817182744 0.16501383015501572 0.13127766010805667 -1.1550350254782324 0.055198523957937125 0.028571507485783368 1.1898235264248898 0.057383876290316833 0.029583937285733868 -1.0551728940719125 0.29811482376491477 0.25997148149165145 0.76070361482531845 -0.013251848803655817 -0.10633658178190879 0.01137227781888517
decision_type=2 2 2 2 2 2 2 2 2 2 2 2 2 2 2 2 2 2 2 2 2 2 2 2 2 2 2 2 2 2
left_child=-1 -2 3 -3 -5 -4 7 -7 -9 -10 11 -8 13 14 16 -16 -12 18 19 -14 -21 -20 -17 24 25 -19 -25 28 -28 -29
right_child=1 2 5 4 -6 6 10 8 9 -11 12 -13 17 -15 15 22 -18 23 21 20 -22 -23 -24 26 -26 -27 27 29 -30 -31
leaf_value=-0.0020636102269318969 0.0035352263006974355 0.0028950146361603406 0.0027097537936199281 -0.0062793885400010789 -0.00053884203213480457 0.0032433338382321856 0.00048240588179656441 2.5375102244828259e-05 -0.0010104061383754016 -0.0066728123587866638 1.4792322846395629e-05 0.0044560064119286832 0.0069499682247017823 -0.0069441856749887986 0.0070404694726069767 -0.0032833727353829001 -0.0063791502499952919 -0.00041377863464211784 -0.0051591794099658736 -0.0017900015875373201 0.0038917069203190263 0.00025500581893873843 0.002056737794588447 -5.7822197984561088e-05 0.0034729053662158546 -0.0051859989664272263 -0.00088022013494212705 -0.0045363470588041391 0.005873151695355773 0.00065665711993179306
leaf_weight=22 22 20 21 22 24 23 35 31 20 30 21 30 36 21 21 21 21 28 20 23 31 38 22 4400 20 38 28 23 50 223
leaf_count=22 22 20 21 22 24 23 35 31 20 30 21 30 36 21 21 21 21 28 20 23 31 38 22 4400 20 38 28 23 50 223
internal_value=-9.42801e-13 8.4653e-06 -6.0617e-06 -0.00141179 -0.00328432 1.15266e-05 7.41925e-07 -0.00139432 -0.00271118 -0.00440785 2.8914e-05 0.00231638 -3.25887e-07 -0.00122309 -8.96628e-05 0.0019398 -0.00318218 3.09954e-05 0.0015958 0.00366302 0.00147172 -0.00161195 -0.000551223 -1.71525e-05 -0.00161855 -0.00316142 1.20009e-05 0.000960216 0.00344886 0.000171132
internal_weight=5385 5363 5341 66 46 5275 5254 104 81 50 5150 65 5085 127 106 64 42 4958 148 90 54 58 43 4810 86 66 4724 324 78 246
internal_count=5385 5363 5341 66 46 5275 5254 104 81 50 5150 65 5085 127 106 64 42 4958 148 90 54 58 43 4810 86 66 4724 324 78 246
is_linear=0
shrinkage=0.05


Tree=175
num_leaves=31
num_cat=0
split_feature=10 7 4 3 6 6 0 6 2 4 8 3 3 2 4 4 10 6 7 8 7 7 5 2 13 3 7 7 2 6
split_gain=0.0366587 0.13221 0.150886 0.36498 0.216348 0.331337 0.312951 0.216582 0.194709 0.460876 0.361089 0.218282 0.21495 0.193986 0.191683 0.111601 0.0955903 0.0868232 0.176161 0.199131 0.119862 0.196162 0.208276 0.0970542 0.100006 0.294406 0.177783 0.147676 0.134258 0.266187
threshold=0.96258946108037313 0.40332191805999829 0.22029874887785864 0.073064126962409173 0.030069645274725984 0.027892480833040221 0.16994595050539532 0.025612746179649367 0.028812935070594684 0.4125272190412837 -0.093572452185947022 -0.23579057928422273 0.4755595142512597 -0.11635815448546326 0.40835270268331336 0.7014999583533521 1.1789446446658658 0.047805337595346532 0.29032700402627903 0.71600790493616706 0.16059607886096439 0.24682035507094693 42.568824828003436 0.87324980264687679 -1.9937766041977227 -0.13690646689324507 0.12420089359179777 0.18480412532625526 -0.33057499742558577 0.036883185198409767
decision_type=2 2 2 2 2 2 2 2 2 2 2 2 2 2 2 2 2 2 2 2 2 2 2 2 2 2 2 2 2 2
left_child=15 2 3 -2 5 7 8 16 9 10 -6 -11 14 -12 -10 17 -4 23 19 20 -19 22 -22 24 25 -1 -27 -28 29 -26
right_child=1 -3 4 -5 6 -7 -8 -9 12 11 13 -13 -14 -15 -16 -17 -18 18 -20 -21 21 -23 -24 -25 28 26 27 -29 -30 -31
leaf_value=0.0024253560625242467 0.005933089083474544 0.0035187366773607211 -0.0008685131863414965 -0.0022144278278574347 -0.0030433374738063797 -0.006975178521208685 -0.0061741979024372996 0.0028920890260148253 0.0016005341663757073 -0.001346813659900083 0.0061853878145270496 -0.0078902696482837202 -0.0016956853447481991 7.3330379312946698e-05 0.007476481110991343 -0.0027358420115585133 -0.0052549938063906586 0.004141613836400211 -0.00080760019618866363 0.0056352838408201935 -0.0051138202278790158 0.0043963702484255745 0.00089159867160820542 0.0027566427321289669 0.0010432905401103199 -0.0004199189599603415 -0.0084840972162783159 -0.0026094717216556488 5.9417809890501442e-05 -0.0058511560350390417
leaf_weight=33 27 20 27 28 29 34 20 24 35 26 34 25 24 21 23 36 23 25 83 31 22 21 42 32 28 32 20 23 4509 28
leaf_count=33 27 20 27 28 29 34 20 24 35 26 34 25 24 21 23 36 23 25 83 31 22 21 42 32 28 32 20 23 4509 28
internal_value=-2.4089e-12 -0.00044854 -0.000646904 0.00178526 -0.00103464 -0.00288945 -0.00018941 -0.00101222 0.000362183 -0.000805093 0.00147127 -0.00455439 0.00228392 0.00385169 0.00393065 3.79429e-05 -0.00288629 5.82019e-05 0.00101996 0.00209575 0.00109825 0.00020314 -0.00117276 1.24138e-05 -6.3783e-06 -0.00151019 -0.00324183 -0.00534186 2.91993e-05 -0.00240393
internal_weight=5385 420 400 55 345 108 237 74 217 135 84 51 82 55 58 4965 50 4929 224 141 110 85 64 4705 4673 108 75 43 4565 56
internal_count=5385 420 400 55 345 108 237 74 217 135 84 51 82 55 58 4965 50 4929 224 141 110 85 64 4705 4673 108 75 43 4565 56
is_linear=0
shrinkage=0.05


Tree=176
num_leaves=31
num_cat=0
split_feature=6 2 4 8 0 13 8 9 6 3 13 10 8 4 10 10 0 10 13 10 8 6 5 9 9 10 14 9 6 0
split_gain=0.0359713 0.138198 0.0910636 0.162532 0.0656882 0.0393251 0.139833 0.176829 0.221446 0.211664 0.162521 0.429811 0.406548 0.256619 0.319412 0.255578 0.393266 0.491924 0.251864 0.24496 0.682946 0.516987 0.352943 0.283268 0.400198 0.27639 0.236412 0.323852 0.289583 0.186285
threshold=0.012486142167803716 0.041071013558687482 0.12448177219226009 -0.083478276002842328 0.032546970466175169 0.4347872696115887 -1.9477090202510927 0.6998526089399455 0.02539591204068942 0.60910548944174558 0.63564806695432108 0.31270042953695942 -0.36762819640369931 0.30004767676465943 -0.54582867785703304 -0.014067203326498355 -0.067140669772693104 -0.85551833906929864 0.6723111995432659 0.11479392347693243 -0.057577437719223905 0.016636184032581523 57.964936420745836 0.62777738231570945 0.93234919712960052 0.25621848831201688 1.3059621362925053 0.83268420628533013 0.019546718258370257 0.051105949853525685
decision_type=2 2 2 2 2 2 2 2 2 2 2 2 2 2 2 2 2 2 2 2 2 2 2 2 2 2 2 2 2 2
left_child=1 -1 3 -2 -3 -4 7 -7 -9 -10 11 13 -13 14 -8 16 17 -12 -18 20 -17 22 -21 -22 -25 -24 27 -16 -29 -20
right_child=2 4 5 -5 -6 6 10 8 9 -11 15 12 -14 -15 26 19 18 -19 29 21 23 -23 25 24 -26 -27 -28 28 -30 -31
leaf_value=-0.0019682755476147259 0.000796110024675727 0.0046557734335732201 0.00010422704401197102 -0.0055782886035740378 0.00073773199226707226 -0.0016822407849960857 0.0019153727432358607 0.0057677533110660137 -0.001733492698373371 0.0037401177096674505 -0.0023578827714790473 -0.0049767724599488168 0.0025109720173125787 -0.0067263519810512665 -0.0064277922632754786 -0.007685382826126773 0.0045684245505159902 0.0062039868010610767 -0.00084017185826441333 0.007515455483261383 -0.0043430208303034306 -0.00077552535219825667 -0.0034505153296604044 0.0071067041272054546 -0.0015399869706016036 0.0046616460152325177 6.3443392348247325e-05 -0.0053763952830599418 0.0013959591031858795 0.0012483791455843983
leaf_weight=23 20 23 3420 20 20 36 46 33 38 33 23 22 103 30 64 44 31 62 296 33 25 558 21 23 32 21 53 27 38 167
leaf_count=23 20 23 3420 20 20 36 46 33 38 33 23 22 103 30 64 44 31 62 296 33 25 558 21 23 32 21 53 27 38 167
internal_value=6.55123e-13 0.00116011 -1.4395e-05 -0.00239109 0.00283343 3.61365e-06 -0.000181485 0.00133805 0.00238353 0.00081058 -0.000305239 -0.00121325 0.00119313 -0.00237913 -0.00180713 -4.49339e-05 0.000745813 0.00388725 0.000205283 -0.000649745 -0.00268192 -0.000251658 0.00364592 6.99886e-05 0.0020759 0.000605565 -0.00274798 -0.00390306 -0.00141717 -8.685e-05
internal_weight=5385 66 5319 40 43 5279 1859 140 104 71 1719 383 125 258 228 1336 579 85 494 757 124 633 75 80 55 42 182 129 65 463
internal_count=5385 66 5319 40 43 5279 1859 140 104 71 1719 383 125 258 228 1336 579 85 494 757 124 633 75 80 55 42 182 129 65 463
is_linear=0
shrinkage=0.05


Tree=177
num_leaves=31
num_cat=0
split_feature=9 6 10 11 9 8 2 11 6 10 6 9 13 13 8 11 10 10 5 12 8 8 0 11 10 6 5 6 12 0
split_gain=0.036184 0.064001 0.0561754 0.0645698 0.209737 0.165431 0.0924406 0.0690986 0.32077 0.3157 0.46005 0.25898 0.249475 0.243112 0.206781 0.199141 0.464683 0.263307 0.196216 0.170787 0.259392 0.157035 0.134982 0.130439 0.115551 0.108195 0.217947 0.149413 0.222869 0.135516
threshold=-0.16591088388161881 0.085824909515252526 2.910674863632877 -2.0161605388653525 0.94626507843143071 0.033348519798745625 0.25675145405351502 -0.9272760481440343 0.03154102073797229 0.39026039979779176 0.03908710677953886 0.99988479322546697 1.5345851626840692 0.45331825249563457 -0.083478276002842328 -0.79036600781962296 0.31270042953695942 0.17297891755393777 50.638960374134847 -0.26933573386430221 -0.33799896176885302 -0.052118745091707323 0.016206424155272296 -1.2134632027811145 0.68105769958620332 0.061033501995510366 53.434868363235061 0.051254915504846281 -1.277224582116689 -0.043445548218150602
decision_type=2 2 2 2 2 2 2 2 2 2 2 2 2 2 2 2 2 2 2 2 2 2 2 2 2 2 2 2 2 2
left_child=-1 2 3 4 6 -6 -2 8 11 18 -11 12 22 -13 -15 16 17 21 19 20 -10 -9 -5 -20 -18 27 -27 -17 -29 -30
right_child=1 -3 -4 7 5 -7 -8 15 9 10 -12 13 -14 14 -16 25 24 -19 23 -21 -22 -23 -24 -25 -26 26 -28 28 29 -31
leaf_value=0.0018258070004069143 0.0064218307286500942 -0.002832365781068802 -0.0026435454300371931 -0.0038992550456896425 0.0024864835757762195 -0.0035621352314662473 0.0016145285079255701 -0.00012882689673764011 -0.0056540864054113633 0.0063627450578761374 0.00012428410930523468 0.0042539884034167265 -0.0010162080243004091 0.0014115418359223341 -0.0043112583237847222 7.8564030727519967e-06 -0.004667717879638076 0.0094145046103568317 -0.0059928692528046675 0.0030292349208717829 0.0016598841201307044 0.005791680559161164 -0.0092068062499165541 -0.00091108702447103423 0.00052878570176013138 0.0045952777073918179 -0.0018478288093493099 0.0018340252223424615 -0.0012359833468993506 -0.0058791837231679401
leaf_weight=27 20 20 20 23 20 26 20 24 22 44 90 21 33 27 38 4544 20 21 28 33 27 21 25 23 23 35 21 26 30 33
leaf_count=27 20 20 20 23 20 26 20 24 22 44 90 21 33 27 38 4544 20 21 28 33 27 21 25 23 23 35 21 26 30 33
internal_value=-3.4297e-12 -9.2006e-06 1.37702e-06 1.13241e-05 0.00137025 -0.000932301 0.00401818 -1.1013e-05 -0.000615179 0.00045986 0.00217273 -0.00233395 -0.00436281 -0.000423052 -0.0019341 4.36364e-05 0.00215638 0.00479149 -0.00126589 0.00024868 -0.00162394 0.00263408 -0.0066636 -0.00370109 -0.00188819 -5.47624e-06 0.00217911 -3.18818e-05 -0.00206076 -0.00366814
internal_weight=5385 5358 5338 5318 86 46 40 5232 434 267 134 167 81 86 65 4798 109 66 133 82 49 45 48 51 43 4689 56 4633 89 63
internal_count=5385 5358 5338 5318 86 46 40 5232 434 267 134 167 81 86 65 4798 109 66 133 82 49 45 48 51 43 4689 56 4633 89 63
is_linear=0
shrinkage=0.05


Tree=178
num_leaves=31
num_cat=0
split_feature=1 3 3 7 5 5 9 5 14 2 3 14 7 2 4 4 4 2 1 2 14 2 13 12 8 1 10 9 10 14
split_gain=0.0344799 0.214814 0.35309 0.301002 0.259383 0.287035 0.254684 0.203704 0.15232 0.0888466 0.182546 0.263157 0.227863 0.197531 0.225775 0.299176 0.17703 0.160713 0.131809 0.142606 0.0924327 0.0701707 0.270354 0.315183 0.185284 0.262695 0.184109 0.151915 0.143179 0.11815
threshold=0.34611718571419209 0.41835018183260725 0.5187872969781282 0.13613839265144001 59.975215178913977 70.266071338883037 1.7877253048839832 62.485798787464674 3.3679617002118936 0.39169868010079351 0.43544968821390156 1.6269466385722511 0.099146422632525391 0.41169968347852032 0.33278673651292995 0.30337347219670668 0.42233021560562706 0.38423542470709166 0.16608255868138869 0.55660832318924292 1.1376819596074192 0.3047722361945559 -1.1550350254782324 0.73946868041078251 0.2130954089284918 0.19511595435795939 0.3248241967114443 1.1532118517484926 -0.412389596847832 1.9082412555994377
decision_type=2 2 2 2 2 2 2 2 2 2 2 2 2 2 2 2 2 2 2 2 2 2 2 2 2 2 2 2 2 2
left_child=9 7 -3 -4 -5 8 -7 -2 -6 17 12 -12 -11 -13 15 18 -16 21 -15 -20 -14 -1 -23 24 25 28 29 -27 -24 -26
right_child=1 2 3 4 5 6 -8 -9 -10 10 11 13 20 14 16 -17 -18 -19 19 -21 -22 22 23 -25 26 27 -28 -29 -30 -31
leaf_value=3.8246551203908186e-05 0.00019818479016136669 0.0063705937205148604 -0.0052396099365848514 0.0039054789517719585 -0.00064925852736147751 -0.0011483546106084701 0.0059831596112677032 -0.0056445147256766054 -0.0061237861471319646 -0.00091807692553158159 -0.004836193807811166 0.0050635301022102005 0.0027828549143547815 -0.0024940756885635275 0.0049949397237094885 -0.0060221897251904015 -0.00022937807164365249 -0.0044975795014761391 0.0035812699116234271 -0.0013630950655788183 0.0068559966121728606 0.0039929078927693458 0.00066020154842623966 0.0045861274562776092 -0.0089447232964448634 -0.00070686670020222672 -0.00074396934080868957 0.0053820074500392709 -0.003671570540799831 -0.0036348350092091346
leaf_weight=4556 26 21 28 39 24 31 21 35 27 27 24 23 30 31 34 25 31 20 35 25 26 26 27 20 20 20 25 21 65 22
leaf_count=4556 26 21 28 39 24 31 21 35 27 27 24 23 30 31 34 25 31 20 35 25 26 26 27 20 20 20 25 21 65 22
internal_value=-3.34417e-12 -0.000571013 0.000253979 -0.000501603 0.000432652 -0.000882302 0.00173168 -0.00315418 -0.00354754 2.80334e-05 0.000847136 0.000116253 0.00285486 0.000698894 0.000144272 -0.00117762 0.00250334 -2.47955e-05 0.000153305 0.00152112 0.00467396 -6.16669e-06 -0.000828714 -0.00139854 -0.00199701 -0.000916856 -0.0041412 0.00241182 -0.00240029 -0.00616335
internal_weight=5385 252 191 170 142 103 52 61 51 5133 311 228 83 204 181 116 65 4822 91 60 56 4802 246 220 200 133 67 41 92 42
internal_count=5385 252 191 170 142 103 52 61 51 5133 311 228 83 204 181 116 65 4822 91 60 56 4802 246 220 200 133 67 41 92 42
is_linear=0
shrinkage=0.05


Tree=179
num_leaves=31
num_cat=0
split_feature=8 12 13 4 1 12 8 4 2 10 9 9 2 4 10 3 10 9 12 7 12 10 9 0 9 4 9 9 12 8
split_gain=0.0349452 0.164411 0.261652 0.382714 0.230255 0.192122 0.226291 0.242906 0.178332 0.170706 0.169476 0.246263 0.270475 0.388508 0.293082 0.240784 0.22245 0.236576 0.267918 0.197902 0.166802 0.160256 0.206931 0.157785 0.148317 0.169368 0.144464 0.164312 0.169934 0.118261
threshold=-0.81054092511256415 -0.88733372600475569 1.0479956099236676 0.38758225101177823 -0.18896501241866323 -0.45323748680892922 -0.90380263249915938 0.19126232860959802 0.2815223639972681 -0.51396445399874502 1.1414154028278416 0.87152080535143994 0.079080987664819982 0.1907206475389957 -0.13748002832320813 0.45189445692543234 -0.30838750950029381 0.79245452720244303 0.75115025438173888 0.21142978704365564 0.12035584026678915 0.25161513286094717 1.6987181885662344 0.015685468516203453 0.76106330235224029 0.31140319235819108 1.3377119930735868 1.1180928768583289 -0.61812521959785471 -0.34846727058463162
decision_type=2 2 2 2 2 2 2 2 2 2 2 2 2 2 2 2 2 2 2 2 2 2 2 2 2 2 2 2 2 2
left_child=1 9 4 20 -3 8 10 -8 26 -1 11 15 14 -14 -13 16 -7 18 -18 21 -4 22 23 -12 -11 -26 27 28 -6 -2
right_child=29 2 3 -5 5 6 7 -9 -10 24 19 12 13 -15 -16 -17 17 -19 -20 -21 -22 -23 -24 -25 25 -27 -28 -29 -30 -31
leaf_value=0.0028255817355346629 0.00072150717143664898 0.0029016501532915314 0.0015074267528123325 -0.0038242659642887507 0.0012859458258996407 0.0014036815800685801 -0.0072591992560774093 -0.00054768751974084557 -0.0066383088915608823 -0.0035365789877967197 0.00021997137534383095 0.0002495577543353041 0.0036829573874649323 -0.0036883884419997535 0.0067201692777286689 0.0035328081143753869 -0.0028341137902790927 -0.0070882590204153374 0.0028304821164864633 -0.0048660076827414939 0.006147652480970411 -0.0029129746131792643 -0.0036930876907111578 0.0052049919581887401 0.0045389969522754347 -0.0013570635017521424 0.001767406559416226 -0.0067972436733543876 -0.0044349031373858453 -4.0962541794364057e-05
leaf_weight=81 588 39 45 23 27 51 26 28 25 26 57 30 33 39 42 28 92 23 27 37 34 58 24 22 21 29 21 20 25 3764
leaf_count=81 588 39 45 23 27 51 26 28 25 26 57 30 33 39 42 28 92 23 27 37 34 58 24 22 21 29 21 20 25 3764
internal_value=1.51883e-12 -0.000261436 -0.00052848 0.00185192 -0.000842177 -0.00104083 -0.000687309 -0.00377916 -0.00288931 0.00122857 -0.000390756 0.000248179 0.00185711 -0.000309855 0.00402408 -0.000800177 -0.0014288 -0.00244609 -0.00154887 -0.00156859 0.00350449 -0.000810798 0.000372952 0.0016082 -0.000473513 0.00111928 -0.00188152 -0.00294579 -0.00146446 6.2055e-05
internal_weight=5385 1033 876 102 774 735 617 54 118 157 563 365 144 72 72 221 193 142 119 198 79 161 103 79 76 50 93 72 52 4352
internal_count=5385 1033 876 102 774 735 617 54 118 157 563 365 144 72 72 221 193 142 119 198 79 161 103 79 76 50 93 72 52 4352
is_linear=0
shrinkage=0.05


Tree=180
num_leaves=31
num_cat=0
split_feature=12 10 7 1 1 9 12 4 7 7 12 9 7 13 1 9 4 6 5 8 3 12 10 1 1 4 3 1 4 6
split_gain=0.0347032 0.0487902 0.128578 0.143518 0.303107 0.197355 0.249844 0.202438 0.183189 0.352599 0.208971 0.162316 0.220114 0.159858 0.123455 0.0982107 0.096782 0.0818821 0.158369 0.202686 0.137013 0.174347 0.397264 0.136257 0.120937 0.110559 0.211747 0.200668 0.145469 0.135838
threshold=2.5328300052630328 0.96258946108037313 0.40332191805999829 0.09579192795084647 0.016776130247089242 0.65724642303192993 0.3448941131255478 0.44848435879739507 0.1338499576841298 0.15846987931662046 0.6172384667362637 0.65724642303192993 0.16237409335355715 0.3730986969855879 -0.10917965352809665 0.88594201208346413 0.7014999583533521 0.047805337595346532 64.706608040993927 0.17188112498060001 0.80922845215771111 -0.86751782402295952 -0.20772433274263011 0.28840687106875268 0.55980771855917244 0.3999995680523955 -0.22054795721934703 0.21949943877426006 0.39110372046160252 0.043526123621109157
decision_type=2 2 2 2 2 2 2 2 2 2 2 2 2 2 2 2 2 2 2 2 2 2 2 2 2 2 2 2 2 2
left_child=1 16 3 4 5 6 -3 8 10 -10 14 -5 -13 -11 -7 -6 17 24 19 20 21 -19 -23 -22 25 28 -27 -28 29 -1
right_child=-2 2 -4 11 15 7 -8 -9 9 13 -12 12 -14 -15 -16 -17 -18 18 -20 -21 23 22 -24 -25 -26 26 27 -29 -30 -31
leaf_value=3.8971846214681677e-05 0.0020286016077512787 -0.0013573645389092586 0.0033722191790729996 -0.0060491812876020765 0.00061588035034084766 -0.0025174181341477064 0.0060759428050369026 -0.005544546151844164 0.0057817696234332807 -0.0042513499206896605 0.0011706469976343215 -0.0035440431359327501 0.0018321828406910894 0.0010016996273770928 -0.0078887198679149142 0.0046050862654940126 -0.0025479630877574284 0.0020459925365524695 -0.0030405712292783642 0.0040487407916333287 0.004259083178476431 -0.0065322323220557187 0.0019792470637744722 -0.00066766377093027468 0.0030256806788119405 -0.0052152636751998218 0.00044449094751077456 -0.0038952807471265686 0.0038409768021665514 -0.0033369093939351539
leaf_weight=4427 21 26 20 23 27 23 20 30 23 28 20 45 33 30 20 36 36 34 22 54 36 29 26 23 33 28 123 34 25 30
leaf_count=4427 21 26 20 23 27 23 20 30 23 28 20 45 33 30 20 36 36 34 22 54 36 29 26 23 33 28 123 34 25 30
internal_value=-4.89117e-12 -7.94196e-06 -0.000536317 -0.000739886 -0.000162422 -0.00103808 0.00187451 -0.00180807 -0.00102964 0.000543134 -0.00305178 -0.00235793 -0.00126949 -0.00153426 -0.0050157 0.00289543 3.5095e-05 5.39801e-05 0.000987945 0.00142669 0.000470001 -0.000768658 -0.00250862 0.00233849 9.46775e-06 -1.18597e-05 -0.0012097 -0.000495332 3.75827e-05 1.62488e-05
internal_weight=5385 5364 404 384 283 220 46 174 144 81 63 101 78 58 43 63 4960 4924 224 202 148 89 55 59 4700 4667 185 157 4482 4457
internal_count=5385 5364 404 384 283 220 46 174 144 81 63 101 78 58 43 63 4960 4924 224 202 148 89 55 59 4700 4667 185 157 4482 4457
is_linear=0
shrinkage=0.05


Tree=181
num_leaves=31
num_cat=0
split_feature=14 14 14 7 2 13 13 2 4 13 10 3 13 3 6 6 4 1 9 2 1 5 2 4 6 6 13 13 7 13
split_gain=0.0343274 0.0995996 0.0455222 0.180965 0.0989987 0.0555847 0.0677409 0.218235 0.139171 0.127457 0.0921966 0.0565001 0.229595 0.229455 0.294262 0.209021 0.312994 0.502271 0.362241 0.266005 0.262839 0.259404 0.289967 0.266899 0.217523 0.250204 0.214664 0.371253 0.321254 0.207962
threshold=-1.7763032401191265 -1.6150228679641128 -1.3297583278782075 0.16477046088316555 -0.22552008547378063 -2.9731886339154459 -1.9937766041977227 -0.1479925106805772 0.32670775257591061 -1.877927177076564 -0.69623769035729954 -0.10139751367596193 -1.3579164188223618 -0.085143445179551289 0.023414746952577992 0.025019420356079996 0.3302324785279101 0.18666662668120218 0.3897324473205423 0.046678628545322239 -0.13317367232937929 52.309176455342104 -0.050877593759220234 0.29214234574759623 0.026487743571233301 0.033066564501564692 0.58189339119777361 -0.81576204157417098 0.2158746904848369 0.30844312203221647
decision_type=2 2 2 2 2 2 2 2 2 2 2 2 2 2 2 2 2 2 2 2 2 2 2 2 2 2 2 2 2 2
left_child=-1 -2 3 4 -3 -4 7 -7 10 -8 -9 12 -11 14 29 -14 18 20 -17 21 -18 22 24 -23 -20 -26 27 -22 -29 -13
right_child=1 2 5 -5 -6 6 9 8 -10 11 -12 13 15 -15 -16 16 17 -19 19 -21 26 23 -24 -25 25 -27 -28 28 -30 -31
leaf_value=-0.0019710171798413448 0.0033654215830293574 -0.0053566610906273134 0.0025778564225350108 0.002659885619650595 -0.00071753875286642305 0.0030352118465563527 0.0038234440271149982 0.0016221571004106886 -0.005258831895630936 -0.0045241942072607342 -0.0026686455468617142 0.0088664400714068593 -0.0014566214700717113 3.0440981502669026e-05 -0.00063450840880741955 -0.0041638376039023015 -5.9281180690673826e-05 0.005657364514011603 0.0053671941444601709 -0.0017858007797398247 9.414025116711856e-05 0.0029028087572166416 0.0069442573205932322 0.010113452357195673 -0.0013526376999917294 0.0036453440971672539 -0.00055524351915753475 -0.011216124244620679 -0.0028553494252264501 0.0021363076873967659
leaf_weight=22 22 23 21 20 23 23 22 21 29 32 31 22 233 4234 37 26 121 26 23 39 23 33 23 21 88 35 41 27 20 24
leaf_count=22 22 23 21 20 23 23 22 21 29 32 31 22 233 4234 37 26 121 26 23 39 23 33 23 21 88 35 41 27 20 24
internal_value=-5.18032e-13 8.08547e-06 -5.74366e-06 -0.00131074 -0.0030371 1.05843e-05 3.22992e-07 -0.00126307 -0.00248357 2.58361e-05 -0.000935821 9.54372e-06 -0.00037337 8.14787e-05 0.00268502 -0.000202861 0.000332168 -0.00093265 0.00146523 0.00202384 -0.00167119 0.00269011 0.00172614 0.00570695 0.000904112 6.95522e-05 -0.00342831 -0.0051111 -0.00765835 0.00535507
internal_weight=5385 5363 5341 66 46 5275 5254 104 81 5150 52 5128 811 4317 83 779 546 258 288 262 232 223 169 54 146 123 111 70 47 46
internal_count=5385 5363 5341 66 46 5275 5254 104 81 5150 52 5128 811 4317 83 779 546 258 288 262 232 223 169 54 146 123 111 70 47 46
is_linear=0
shrinkage=0.05


Tree=182
num_leaves=31
num_cat=0
split_feature=0 4 13 7 12 13 8 12 8 5 5 2 3 1 12 5 5 4 3 5 0 12 13 5 1 1 2 0 10 8
split_gain=0.0356131 0.124622 0.202878 0.120155 0.0813903 0.0756415 0.0719541 0.139505 0.0858272 0.218155 0.0672645 0.169358 0.419585 0.190624 0.319357 0.165184 0.159219 0.157844 0.160584 0.11935 0.119589 0.0864831 0.0719844 0.0696434 0.259143 0.275833 0.237472 0.277104 0.262921 0.184915
threshold=0.24323364968969122 0.46726782205286016 -0.54544795393038303 0.49506453426054936 -0.19919756961919374 2.5845703800735711 -7.7855270655065576 -0.15781571702711933 -5.3758655373211175 39.790070289043221 33.223324651559864 -0.12649403305066612 0.088703744054602032 -0.17964679530858477 -0.44158652124615444 28.353643349481001 33.659047126929671 0.27861263867662489 1.0000000180025095e-35 31.215741078243145 -0.10185101489830049 0.1953360968804761 2.3435087691180287 39.186461283890829 -0.0027525733124644232 -0.059313310329912321 0.097082279072498126 -0.08071988641570392 0.045038640596937296 -1.4414223060657714
decision_type=2 2 2 2 2 2 2 2 2 2 2 2 2 2 2 2 2 2 2 2 2 2 2 2 2 2 2 2 2 2
left_child=3 2 -2 5 -4 6 7 -1 9 -8 11 13 17 14 -10 -16 -12 18 -13 20 -14 -15 23 24 25 -18 28 -28 -26 -27
right_child=1 -3 4 -5 -6 -7 8 -9 10 -11 16 12 19 21 15 -17 22 -19 -20 -21 -22 -23 -24 -25 26 29 27 -29 -30 -31
leaf_value=-0.0009472749847918749 -0.0015551758009347727 -0.0011978807597188279 0.0066794583108276129 -0.0036241563522945285 0.0022226542677907719 -0.0022250667220520739 -0.0058407853141293998 0.0048225608802485199 -0.004301728381376181 0.0014558054198278115 -0.004370467005563634 0.00057597886081095105 -0.0044574788628289333 -0.0010050995368510484 0.0058219900900999518 0.00018583457522953933 -0.00045210845170414924 0.0083408709881561145 0.0063307160045951612 0.0021566297432097296 0.0005513738152909686 -0.0055992247403732374 0.0022519876149349979 3.4135161348813526e-05 0.0031634911997207383 -4.4258934972078907e-05 0.00043151990532697669 0.0085541541865538986 -0.0049439245718531314 -0.0053555469296202723
leaf_weight=20 22 42 20 23 21 38 21 22 21 20 21 27 26 20 26 26 248 21 22 24 22 21 35 4414 20 23 21 21 20 57
leaf_count=20 22 42 20 23 21 38 21 22 21 20 21 27 26 20 26 26 248 21 22 24 22 21 35 4414 20 23 21 21 20 57
internal_value=-1.99626e-12 0.00091181 0.00231827 -1.81326e-05 0.00439671 -2.3558e-06 1.3828e-05 0.00207502 -2.8941e-06 -0.00228147 1.52955e-05 0.00080532 0.00195761 -0.000629987 0.00090229 0.00300391 -2.61484e-05 0.00471408 0.00315974 -0.000722293 -0.00216175 -0.00335819 -7.37279e-06 -2.37653e-05 -0.000647114 -0.00127563 0.00186696 0.00449284 -0.000890217 -0.00382855
internal_weight=5385 105 63 5280 41 5257 5219 42 5177 41 5136 256 142 114 73 52 4880 70 49 72 48 41 4859 4824 410 328 82 42 40 80
internal_count=5385 105 63 5280 41 5257 5219 42 5177 41 5136 256 142 114 73 52 4880 70 49 72 48 41 4859 4824 410 328 82 42 40 80
is_linear=0
shrinkage=0.05


Tree=183
num_leaves=31
num_cat=0
split_feature=0 7 8 12 8 5 5 9 5 7 7 1 5 9 11 11 11 9 12 10 5 12 6 6 1 10 7 9 12 12
split_gain=0.0357108 0.0603701 0.0654858 0.125903 0.0768652 0.196885 0.0615036 0.269975 0.246192 0.209572 0.243476 0.188514 0.143118 0.12648 0.214767 0.130471 0.0867856 0.0701597 0.270956 0.174451 0.143843 0.163004 0.148389 0.180312 0.319029 0.187322 0.18066 0.125413 0.459286 0.234243
threshold=0.45521994403929483 0.49506453426054936 -7.7855270655065576 -0.15781571702711933 -5.3758655373211175 39.790070289043221 33.223324651559864 1.1496824119491664 26.078002738703734 0.20423722391416219 0.15251691834672326 -0.17409479933242819 33.659047126929671 0.87152080535143994 0.55520215397140626 1.0000000180025095e-35 -0.058887772777599261 0.27071004295275009 0.63377187987577865 0.61773436064193377 65.560653851553482 0.35294216730616518 0.042234898696439684 0.017895287812394998 0.077907586382007246 0.21302380395242967 0.11937652373405271 0.34587587188549918 0.35294216730616518 0.0503597700527127
decision_type=2 2 2 2 2 2 2 2 2 2 2 2 2 2 2 2 2 2 2 2 2 2 2 2 2 2 2 2 2 2
left_child=1 2 3 -1 5 -4 7 8 11 10 -9 -6 -8 14 15 -10 -15 18 20 -20 21 22 23 -14 26 -26 -25 28 29 -19
right_child=-2 -3 4 -5 6 -7 12 9 13 -11 -12 -13 17 16 -16 -17 -18 27 19 -21 -22 -23 -24 24 25 -27 -28 -29 -30 -31
leaf_value=-0.00089991137385368356 0.0020578398502298762 -0.0022081521775333154 -0.0055487461138649715 0.0045814328191971241 0.0019637871910596176 0.0013830151350703091 -0.0041519436763510819 -0.00040694511051035746 0.0019169701082392824 0.00082354470827378972 -0.008029430708847941 -0.0047357943297053375 0.0024381562801863766 0.0076724034402286638 0.0054434800440252857 -0.0030954701174050574 0.0030702485658583188 0.0018259041144598376 -0.0069760718167974399 -0.00092643633569506082 -0.0029424702673143633 0.0033051477710250767 0.0037570728641003375 -0.0071040432454797815 -0.0016014604728021053 0.0050149083859287206 -0.0017156625783536585 -7.5694117296786813e-06 0.0064000989057655848 -0.0042650673102966894
leaf_weight=20 21 31 21 22 21 20 21 22 37 47 20 21 32 20 29 20 21 38 26 22 37 40 20 28 23 20 35 4588 35 27
leaf_count=20 21 31 21 22 21 20 21 22 37 47 20 21 32 20 29 20 21 38 26 22 37 40 20 28 23 20 35 4588 35 27
internal_value=-8.62441e-13 -8.05642e-06 4.73244e-06 0.00197127 -1.08779e-05 -0.0021674 5.96346e-06 0.000758743 0.00193249 -0.00147005 -0.0040367 -0.001386 -3.29422e-05 0.00302994 0.00194046 0.000158219 0.0053152 -1.55415e-05 -0.000780068 -0.00420332 -8.08504e-05 0.000453897 -0.000267939 -0.000851274 -0.00184431 0.00147592 -0.0041105 3.06106e-05 0.00178231 -0.000704192
internal_weight=5385 5364 5333 42 5291 41 5250 258 169 89 42 42 4992 127 86 57 41 4971 283 48 235 198 158 138 106 43 63 4688 100 65
internal_count=5385 5364 5333 42 5291 41 5250 258 169 89 42 42 4992 127 86 57 41 4971 283 48 235 198 158 138 106 43 63 4688 100 65
is_linear=0
shrinkage=0.05


Tree=184
num_leaves=31
num_cat=0
split_feature=9 6 2 7 10 9 10 9 9 12 10 7 12 7 0 10 6 12 2 0 0 0 7 0 12 10 11 6 14 0
split_gain=0.0353759 0.0547338 0.050055 0.0875332 0.0523851 0.138755 0.102995 0.186747 0.21872 0.177706 0.0617591 0.192125 0.211999 0.183951 0.175548 0.241134 0.189728 0.168934 0.286845 0.172073 0.298154 0.360345 0.185073 0.178121 0.25065 0.299731 0.188608 0.184273 0.188941 0.133703
threshold=-0.16591088388161881 0.085824909515252526 -0.50378331775691321 0.49506453426054936 -2.2409912404585275 1.843340228998158 -1.387789667222046 1.3066656478370759 2.3234370968981115 -1.7031380104941691 -0.66380572763255807 0.27456052767475791 -1.8598428758109364 0.30527794867749825 0.11284350270703204 -0.82672943529116061 0.042970199745429073 -1.3427867011817669 0.019227102879773698 -0.092259954870398217 -0.036240029204949391 -0.048998052447006717 0.10875909564494933 0.01137227781888517 0.17269134705283523 -0.89299993367728669 1.202385295910535 0.017067287916438554 -0.38014907003817694 -0.00063091033236084549
decision_type=2 2 2 2 2 2 2 2 2 2 2 2 2 2 2 2 2 2 2 2 2 2 2 2 2 2 2 2 2 2
left_child=-1 2 -2 4 5 -4 7 -6 9 -9 11 12 -8 -13 16 -16 17 18 -14 -19 21 22 -21 24 26 -26 29 -25 -29 -22
right_child=1 -3 3 -5 6 -7 10 8 -10 -11 -12 13 14 -15 15 -17 -18 19 -20 20 23 -23 -24 27 25 -27 -28 28 -30 -31
leaf_value=0.0018053053222872593 0.0024973683012649416 -0.0026198800560086966 0.0011491014156490564 -0.0026578514626429926 0.0048316487336471196 -0.0047406069468706848 0.0033282469954428965 0.0011838733472607354 0.0037228771657855427 -0.0051712530278812422 6.1553498717853308e-05 0.0062452016153838486 0.0011632409039884805 0.00023410226018833261 -0.0011531388404994057 -0.007905849711969495 -0.0039620324491690369 -0.0031036621242740447 -0.0068704450353980068 0.0034023843790319838 -0.0032522352868873702 0.007168894031395515 -0.0016852795027005368 -0.0026297233538657783 -0.0025302148253346485 0.0048826577514410018 0.0007505321675645454 -0.0027022113268873817 0.0016719788998079271 -0.0079926019445771268
leaf_weight=27 20 20 20 31 31 20 32 22 27 22 4384 20 20 35 39 20 39 44 25 33 51 30 39 42 30 25 21 29 166 21
leaf_count=27 20 20 20 31 31 20 32 22 27 22 4384 20 20 35 39 20 39 44 25 33 51 30 39 42 30 25 21 29 166 21
internal_value=1.61041e-12 -9.09728e-06 6.84595e-07 -8.70496e-06 6.82814e-06 -0.00179575 2.05699e-05 0.00159389 0.000180216 -0.00199369 -1.06212e-05 -0.000426408 -0.00064815 0.00241996 -0.000836941 -0.00344219 -0.000587006 -0.000358488 -0.00329992 -0.000109215 0.000161331 0.0025649 0.000646566 -0.000475458 -0.0018364 0.000839273 -0.00341879 0.000374413 0.00102146 -0.00463484
internal_weight=5385 5358 5338 5318 5287 40 5247 102 71 44 5145 761 706 55 674 59 615 576 45 531 487 102 72 385 148 55 93 237 195 72
internal_count=5385 5358 5338 5318 5287 40 5247 102 71 44 5145 761 706 55 674 59 615 576 45 531 487 102 72 385 148 55 93 237 195 72
is_linear=0
shrinkage=0.05


Tree=185
num_leaves=31
num_cat=0
split_feature=12 12 11 9 8 8 2 6 9 8 0 8 8 4 6 4 4 10 9 6 8 9 8 11 12 11 10 10 7 12
split_gain=0.0361566 0.278474 0.322325 0.315086 0.225258 0.443512 0.211016 0.346033 0.295504 0.232052 0.289146 0.315235 0.254335 0.219883 0.335036 0.244428 0.217956 0.212141 0.372561 0.352102 0.34333 0.304316 0.287856 0.259304 0.410541 0.299999 0.210587 0.20257 0.201838 0.199073
threshold=0.29813988387558377 0.18938361006400897 -1.0289731930092993 0.39983647546874135 -0.031150591048932443 -0.38863420061550208 -0.055734375693427644 0.020660462810140261 0.97308612487675805 -2.2936986115626383 -0.011691741900414275 -0.29387272453726004 -1.3138256368886869 0.29649777543404776 0.02496729809551251 0.25907444549370812 0.22029874887785864 0.18800441942121685 1.2074076112125671 0.028926328670519908 1.2975963219418611 1.7069138077803974 1.1711133780886829 1.1544538726469658 0.71691897496929091 0.21137435577581742 0.55098031756626742 -0.64825151363831168 0.17624134816280837 1.0775180882061279
decision_type=2 2 2 2 2 2 2 2 2 2 2 2 2 2 2 2 2 2 2 2 2 2 2 2 2 2 2 2 2 2
left_child=1 -1 -3 -4 5 -5 9 16 13 -2 12 -12 -11 14 -9 -16 -8 18 19 -10 23 22 29 24 25 -20 -14 -6 -23 -19
right_child=6 2 3 4 27 -7 7 8 17 10 11 -13 26 -15 15 -17 -18 21 20 -21 -22 28 -24 -25 -26 -27 -28 -29 -30 -31
leaf_value=-4.5443153974711926e-05 0.0048822545477499564 -0.0044699575497014893 -0.0021241348463951087 0.0030293117392265912 -0.00044978545893999665 -0.0037319443946970364 0.00012665048725209478 -0.0033347684121690689 0.001178314200778668 -0.0058162869800898161 0.0060236969590187076 0.00092729255465153414 -0.00099334324167138499 -0.0054920470445520356 0.0044472533278167251 -0.0016480084398369258 0.0053037623919191812 -0.0029152565113749478 -0.0045018783380328387 0.0094126028101891284 -0.0059016294132631557 -0.0013250763807445766 -0.0070990120247006426 -0.0046872485074258988 0.0054043737542815509 0.0021517468189510207 0.0020906241416089135 0.0047797253926515453 0.0050943176849007924 0.0013798935387871769
leaf_weight=3117 30 21 41 79 22 35 637 135 37 22 35 228 229 54 29 38 21 93 32 20 26 25 30 21 40 36 73 117 24 38
leaf_count=3117 30 21 41 79 22 35 637 135 37 22 35 228 229 54 29 38 21 93 32 20 26 25 30 21 40 36 73 117 24 38
internal_value=-8.07652e-13 9.77346e-05 0.00151451 0.00194197 0.00260091 0.000953487 -0.000171749 -0.000524945 -0.00131767 0.000593033 0.000373822 0.00160552 -0.000625983 -0.00265788 -0.00190024 0.000990239 0.000291877 -0.000504653 0.000611098 0.00406754 -0.00065998 -0.00163103 -0.00268108 0.000396477 0.00138498 -0.000979371 -0.000247881 0.00395203 0.00181912 -0.00166934
internal_weight=5385 3432 315 294 253 114 1953 1336 678 617 587 263 324 256 202 67 658 422 212 57 155 210 161 129 108 68 302 139 49 131
internal_count=5385 3432 315 294 253 114 1953 1336 678 617 587 263 324 256 202 67 658 422 212 57 155 210 161 129 108 68 302 139 49 131
is_linear=0
shrinkage=0.05


Tree=186
num_leaves=31
num_cat=0
split_feature=0 0 0 9 7 13 6 12 12 9 12 0 10 0 2 2 4 10 4 3 2 2 13 7 14 2 0 1 6 7
split_gain=0.0337246 0.0528399 0.0691012 0.261832 0.0977988 0.06848 0.0503658 0.239668 0.181143 0.278243 0.139326 0.204814 0.211747 0.172262 0.174935 0.253883 0.13856 0.118877 0.106951 0.186204 0.186777 0.282536 0.282776 0.422656 0.210718 0.242524 0.201821 0.188829 0.150002 0.117903
threshold=0.45521994403929483 0.35577077136467311 0.24323364968969122 1.4708086180532101 0.49506453426054936 2.5845703800735711 0.044642129416372377 1.4506074276405139 -0.15125549486063555 2.0201836482695299 -0.88733372600475569 0.001646031729923614 -0.82672943529116061 -0.1242479148040863 0.23806697019304882 -0.04563230837150594 0.56154472935126865 -0.039692619011754741 0.3716179727605729 -0.24445423347146203 -0.14113210151309349 -0.058411223328135468 -0.656718506711924 0.2158746904848369 0.80903486087311183 0.099865574604712695 0.001646031729923614 -0.015327794014439842 0.039987222966875964 0.23418847365237577
decision_type=2 2 2 2 2 2 2 2 2 2 2 2 2 2 2 2 2 2 2 2 2 2 2 2 2 2 2 2 2 2
left_child=1 2 4 -4 5 6 18 8 10 -10 11 16 -13 -12 15 -15 17 -8 28 -20 26 -22 23 -23 25 27 -21 -24 29 -1
right_child=-2 -3 3 -5 -6 -7 7 -9 9 -11 13 12 -14 14 -16 -17 -18 -19 19 20 21 22 24 -25 -26 -27 -28 -29 -30 -31
leaf_value=4.8632136949128535e-05 0.0019997939423081422 -0.00251099445879282 -0.00096635186652603902 0.0056221931641921401 -0.0032709387414481331 -0.002118274417558783 0.0059732674053520896 -0.0041504309251904486 0.0041554577081954524 -0.0018171573004040582 -0.0049473238294012846 0.0020927378941061245 -0.0047822097588020064 -0.0011861708128091061 -0.0036373990199839081 0.0059530831128358844 -0.00040536787377537368 0.0016962159453242115 -0.0045069392375422252 -0.0011866850405931474 -0.0062352326009810595 -0.007304124721896745 0.0032390860219796503 0.0015339622996786298 -0.0017454029870956828 0.0058937651480758385 0.0056809648128641442 -0.0031739910641177139 0.0026718528140918353 -0.0012504149241327209
leaf_weight=4336 21 21 38 25 23 38 32 25 78 26 24 21 24 33 24 20 28 33 33 20 24 31 24 24 48 31 23 22 53 182
leaf_count=4336 21 21 38 25 23 38 32 25 78 26 24 21 24 33 24 20 28 33 33 20 24 31 24 24 48 31 23 22 53 182
internal_value=-8.26006e-13 -7.82917e-06 2.00921e-06 0.00164815 -1.76322e-05 -3.39864e-06 1.2e-05 0.000575944 0.000920432 0.0026623 0.000162462 0.00119525 -0.0015739 -0.00124867 -9.58383e-05 0.00150789 0.00253515 0.00380184 -3.07812e-05 -0.000979362 -0.000508066 -0.00113932 -0.000459862 -0.0034475 0.000854701 0.00247555 0.00248671 0.000171962 2.73248e-05 -3.69778e-06
internal_weight=5385 5364 5343 63 5280 5257 5219 368 343 104 239 138 45 101 77 53 93 65 4851 280 247 204 180 55 125 77 43 46 4571 4518
internal_count=5385 5364 5343 63 5280 5257 5219 368 343 104 239 138 45 101 77 53 93 65 4851 280 247 204 180 55 125 77 43 46 4571 4518
is_linear=0
shrinkage=0.05


Tree=187
num_leaves=31
num_cat=0
split_feature=11 3 5 7 4 7 14 2 11 2 4 6 2 14 14 8 2 1 14 4 14 6 3 14 4 0 7 5 2 8
split_gain=0.0355054 0.178105 0.253292 0.495964 0.238687 0.279629 0.200237 0.182248 0.368595 0.349883 0.262888 0.280331 0.306946 0.228519 0.255111 0.21709 0.222728 0.26778 0.245948 0.24323 0.214686 0.205258 0.203841 0.191934 0.18064 0.178966 0.572585 0.274907 0.211725 0.209924
threshold=0.71296403861436064 0.4755595142512597 70.000524618292005 0.16841784649409411 0.24623087202684826 0.084309997620490143 2.2598812068431671 -0.019217846557476544 0.95184236444635917 0.082203442308775534 0.22824727226106498 0.019782446134347712 0.016182546129216439 -0.73051803209859656 -0.17685884584878567 -0.68351019883941488 0.16168189314560402 0.057383876290316833 1.4772821935211784 0.21734498709516101 0.47618717539141436 0.021224535058105093 -0.040479707776134348 0.61921441688521484 0.26398016731549218 0.028858302993198363 0.10758837874594752 53.329504984178733 0.60322085205874199 -0.26216934191414032
decision_type=2 2 2 2 2 2 2 2 2 2 2 2 2 2 2 2 2 2 2 2 2 2 2 2 2 2 2 2 2 2
left_child=-1 2 4 -4 6 24 7 8 -2 10 11 12 -9 -10 21 -11 18 -18 -17 -19 -16 -15 -13 -14 -6 27 -27 29 -28 -3
right_child=1 25 3 -5 5 -7 -8 9 13 15 -12 22 23 14 20 16 17 19 -20 -21 -22 -23 -24 -25 -26 26 28 -29 -30 -31
leaf_value=-7.5584038195727424e-05 0.0039030064504257723 -0.0032023795703426008 0.0061007233951592228 -0.0016363575582063813 0.0079202981919727546 0.00064934412188523893 0.0042935511097311977 0.00081195408076217227 -0.004812386385830386 0.0034353841713164004 -0.0071783608136077722 -0.0036412139423191549 -0.002780328756092455 -0.00094991721840494365 -0.0057085694454144693 0.0032539634585932449 -0.0057015794741788091 0.0028665727542829702 -0.0029201785912332332 -0.0030498736096840158 0.0011295045133341442 0.0052841607361070568 0.0025158481524757497 -0.0090211392613127831 0.0022271907195988063 0.0074044981581644839 -0.0028579560080165597 -0.0071138472147285947 0.0014912290767663055 0.0018899457090917754
leaf_weight=3999 61 50 53 34 22 392 22 22 28 40 30 20 22 23 24 54 35 32 23 38 22 31 41 28 38 23 74 25 45 34
leaf_count=3999 61 50 53 34 22 392 22 22 28 40 30 20 22 23 24 54 35 32 23 38 22 31 41 28 38 23 74 25 45 34
internal_value=3.15504e-12 0.000218081 0.000484623 0.00307704 0.000269414 0.00113589 -0.000387714 -0.000567135 0.000704449 -0.00119137 -0.00295044 -0.00199677 -0.00410967 -0.000819863 0.000298043 0.000100203 -0.000632803 -0.00213067 0.00140974 -0.000345212 -0.00243819 0.00262891 0.000497139 -0.00627518 0.00431466 -0.000987199 0.000182535 -0.00251107 -0.00121331 -0.0011412
internal_weight=5385 1386 1135 87 1048 452 596 574 189 385 163 133 72 128 100 222 182 105 77 70 46 54 61 50 60 251 142 109 119 84
internal_count=5385 1386 1135 87 1048 452 596 574 189 385 163 133 72 128 100 222 182 105 77 70 46 54 61 50 60 251 142 109 119 84
is_linear=0
shrinkage=0.05


Tree=188
num_leaves=31
num_cat=0
split_feature=7 5 7 7 12 8 11 5 2 7 12 6 4 3 4 14 11 10 10 5 14 8 8 2 7 7 12 3 6 4
split_gain=0.0353668 0.145343 0.143754 0.364102 0.23329 0.241525 0.337131 0.442027 0.314376 0.296942 0.343472 0.431399 0.379455 0.288652 0.253176 0.232064 0.205174 0.20247 0.586536 0.247538 0.319059 0.200533 0.730818 0.19379 0.192242 0.191943 0.208494 0.263677 0.176623 0.211802
threshold=0.091435549506555566 71.694282411892985 0.10875909564494933 0.11188526910010574 -1.1490025720657071 0.56070509767730714 -0.31700987669037795 49.241607165715898 -0.0048401162557612501 0.10616835672186638 0.021739741214714312 0.02092213333215889 0.21264511299644981 -0.064963620601373381 0.24472161092744918 2.020194668626385 0.043418751647155633 -0.58838735579092682 -0.014067203326498355 52.103141751951945 1.1230071817439928 -0.72085837834310007 -0.025105384974842656 0.084539270893479804 0.10039384945148354 0.11435168571663419 0.11150145179396188 0.29523677308484447 0.021224535058105093 0.25370678732539048
decision_type=2 2 2 2 2 2 2 2 2 2 2 2 2 2 2 2 2 2 2 2 2 2 2 2 2 2 2 2 2 2
left_child=1 -1 4 21 -2 6 13 8 16 10 11 -9 -12 -6 15 -15 -8 -7 -19 -20 -21 -4 -23 -24 -13 26 27 -5 -10 -30
right_child=2 -3 3 25 5 17 7 9 28 -11 12 24 -14 14 -16 -17 -18 18 19 20 -22 22 23 -25 -26 -27 -28 -29 29 -31
leaf_value=-0.00011021381867707558 -0.0030914952928150024 -0.0031567889370489864 -0.0071929703564488929 0.0034087223249177137 -0.0010295269824564459 0.0036724050055272532 0.0003805293812712824 0.0053834876579154905 0.0031236374750733377 0.0041377534437924621 -0.0067815330297667153 0.0011001501561385457 -2.054157505174064e-05 0.0085629615932703018 0.0011633615459625919 0.0021524517331272365 0.0059257172601486462 -0.0077391668044341118 -0.0031449928966045767 0.0063009417212688953 -0.00191645607174862 0.005532440506309892 -0.0019016208833661575 -0.0076335638429736721 -0.005175260089946768 -2.289357738403224e-05 0.0055013022533702584 -0.0038962872211067453 -0.0048015905071515591 0.0017069008462131025
leaf_weight=1838 37 40 22 30 25 20 22 30 34 25 49 23 36 48 30 20 69 30 29 27 21 24 29 30 26 2667 33 21 25 25
leaf_count=1838 37 40 22 30 25 20 22 30 34 25 49 23 36 48 30 20 69 30 29 27 21 24 29 30 26 2667 33 21 25 25
internal_value=-2.09236e-12 -0.000175104 9.3768e-05 -5.9067e-05 0.00076427 0.000996621 0.00150303 0.000738305 0.00254904 -0.000938304 -0.00171209 0.000661409 -0.00391805 0.00376613 0.00498951 0.00667752 0.00458512 -0.00094529 -0.00180841 0.000502273 0.00270583 -0.00294877 -0.0018238 -0.00481617 -0.00222966 5.1227e-05 0.00240455 0.000400777 0.000343291 -0.00154734
internal_weight=5385 1878 3507 2856 651 614 487 364 175 189 164 79 85 123 98 68 91 127 107 77 48 105 83 59 49 2751 84 51 84 50
internal_count=5385 1878 3507 2856 651 614 487 364 175 189 164 79 85 123 98 68 91 127 107 77 48 105 83 59 49 2751 84 51 84 50
is_linear=0
shrinkage=0.05


Tree=189
num_leaves=31
num_cat=0
split_feature=14 14 8 14 5 14 2 0 0 1 2 5 11 8 5 13 14 11 2 0 2 0 9 1 13 9 13 5 5 2
split_gain=0.0347129 0.0928235 0.158343 0.115083 0.113048 0.0506628 0.23469 0.10491 0.189905 0.166111 0.175411 0.145279 0.130273 0.0752292 0.0614102 0.304155 0.244978 0.162709 0.330639 0.157117 0.187865 0.131685 0.100346 0.311844 0.254772 0.232309 0.25641 0.265555 0.261233 0.251203
threshold=-1.7763032401191265 -1.4920396847701178 0.066999521955047228 -1.3297583278782075 39.186461283890829 -1.2452281344740797 -0.21349088710993017 -0.16883922090759465 -0.15302548090226756 -0.21866751840826412 -0.20882394656777634 28.353643349481001 0.32542191651531138 -7.7855270655065576 32.338779633588707 -0.1994445225578487 1.1230071817439928 -0.14206470688457432 -0.11023176079017209 -0.12922439762308166 -0.055734375693427644 -0.12141096567686392 1.0524150363114964 -0.25964169309153812 1.8526290232830471 1.1855753094415742 -0.76745645812155405 66.914822566583794 63.387857870608464 -0.024601159000260438
decision_type=2 2 2 2 2 2 2 2 2 2 2 2 2 2 2 2 2 2 2 2 2 2 2 2 2 2 2 2 2 2
left_child=-1 2 -2 4 -3 6 -5 9 -9 11 -11 -7 -12 -10 15 -15 17 -17 -19 20 -16 -21 23 -23 -25 26 29 28 -28 -24
right_child=1 3 -4 5 -6 7 -8 8 13 10 12 -13 -14 14 19 16 -18 18 -20 21 -22 22 25 24 -26 -27 27 -29 -30 -31
leaf_value=-0.0019820530136877841 0.00543426401203587 9.5039645731005649e-05 -0.00057085687699525258 0.0057001957949250935 -0.0049790095426547141 -0.0067330599381503738 -0.0016335040292081732 0.0035990837558701229 0.0023834822057379468 0.004033149846363813 -0.0037416813712167953 -0.0012123599200724411 0.0015418505761772396 -0.0028213035243634995 -7.1526294211960505e-05 0.0059487925918993399 -0.0024239985772345047 -0.0024989151842892171 0.0054809717651180647 0.0036100572617724538 -0.0054790603767695097 -0.0060321976066283556 -0.00039705660659819839 -0.00026223523268641282 0.0029564571723255093 -6.3937790629010769e-05 0.00095629774078525079 -0.0018307458458854478 0.0062498591775074601 0.0064379667051181928
leaf_weight=22 21 21 23 20 23 22 24 37 33 20 28 26 20 39 36 38 22 25 27 25 29 23 20 2548 63 1658 344 82 25 41
leaf_count=22 21 21 23 20 23 22 24 37 33 20 28 26 20 39 36 38 22 25 27 25 29 23 20 2548 63 1658 344 82 25 41
internal_value=8.27652e-12 8.13075e-06 0.00229522 -1.07886e-05 -0.0025573 1.04525e-05 0.0017 -3.75895e-06 2.99614e-05 -0.00149065 9.90137e-05 -0.00374268 -0.00154021 3.95561e-06 -1.16092e-05 0.000981514 0.00230571 0.00346186 0.00164449 -4.22511e-05 -0.00248412 -9.38275e-06 -2.82183e-05 -0.000235634 -0.000184572 0.000223548 0.00115451 0.000742997 0.00131494 0.00419698
internal_weight=5385 5363 44 5319 44 5275 44 5231 5115 116 68 48 48 5078 5045 151 112 90 52 4894 65 4829 4804 2634 2611 2170 512 451 369 61
internal_count=5385 5363 44 5319 44 5275 44 5231 5115 116 68 48 48 5078 5045 151 112 90 52 4894 65 4829 4804 2634 2611 2170 512 451 369 61
is_linear=0
shrinkage=0.05


Tree=190
num_leaves=31
num_cat=0
split_feature=8 8 12 11 12 2 14 12 0 9 8 10 10 14 11 12 10 4 0 10 3 14 12 5 9 12 9 10 3 7
split_gain=0.0348391 0.133716 0.131516 0.250503 0.232591 0.288628 0.256904 0.244562 0.217507 0.208223 0.195687 0.496371 0.329771 0.237981 0.188612 0.232004 0.165891 0.140589 0.327712 0.262408 0.283158 0.396267 0.31294 0.255178 0.293937 0.182697 0.200393 0.176853 0.189339 0.154543
threshold=-0.69863741419982606 -0.68351019883941488 -0.88733372600475569 -0.44494123763303617 -0.26933573386430221 0.2815223639972681 2.084897345802144 -0.23614094807307232 0.12474479430015963 0.88594201208346413 -1.9477090202510927 -0.37383398987215949 -0.36604406964297381 0.74581046596305123 -1.0715191371163384 0.32482735923786793 0.1009626505249492 0.21453457138678098 0.031615952967665402 0.71423458458416389 0.22921763005564769 1.2893154265361644 0.80835721791344384 44.023856041068505 1.0448044297649279 0.20195374397416782 0.92013740929519672 -0.30838750950029381 0.21294969798726596 0.06439615995251223
decision_type=2 2 2 2 2 2 2 2 2 2 2 2 2 2 2 2 2 2 2 2 2 2 2 2 2 2 2 2 2 2
left_child=2 -2 3 9 5 6 10 -6 14 -1 11 -4 13 -12 15 -9 -14 18 27 20 22 -22 23 25 -25 -19 -27 28 -16 -29
right_child=1 -3 4 -5 7 -7 -8 8 -10 -11 12 -13 16 -15 17 -17 -18 19 -20 -21 21 -23 -24 24 -26 26 -28 29 -30 -31
leaf_value=-0.0052283296063542371 0.0040457652305208505 4.6055320635580612e-05 -0.0058028836967423565 0.002156793562744497 0.0051460316976193682 -0.0056218404223078063 0.0035779757819210107 0.0065821644141460245 -0.0047877040579915051 0.0015252505828227316 0.0037694328909062529 0.0039738766295281617 -0.0093478164449334149 -0.0035849210467528213 0.00017283079011932664 0.00018734301918664495 -0.0036394188646227121 -0.0043258243581143826 -0.0038557433354741845 -0.004383596088452151 -0.007941605340689422 -0.00077080823996636492 0.0047800028541435807 -0.0012880464178084841 0.00670566168492255 0.0038740138567629314 -0.0026929372885765939 0.0027217010968491775 0.0061202983926250459 -0.00036593008256901368
leaf_weight=25 21 4226 20 128 22 42 26 23 25 21 22 37 20 22 23 37 35 41 38 49 25 84 39 23 23 21 26 55 32 154
leaf_count=25 21 4226 20 128 22 42 26 23 25 21 22 37 20 22 23 37 35 41 38 49 25 84 39 23 23 21 26 55 32 154
internal_value=3.02807e-12 6.58326e-05 -0.000245686 0.00101949 -0.000474048 -0.00188567 -0.00102348 -4.67453e-05 -0.000205855 -0.00214517 -0.00179039 0.000543434 -0.00313411 9.22559e-05 -4.05651e-05 0.00263869 -0.0057152 -0.000294523 0.000485585 -0.00100628 -0.000419446 -0.00241549 0.000838176 -0.000309073 0.00270881 -0.0018866 0.000241232 0.00111047 0.00363318 0.000446604
internal_weight=5385 4247 1138 174 964 224 182 740 718 46 156 57 99 44 693 60 55 633 302 331 282 109 173 134 46 88 47 264 55 209
internal_count=5385 4247 1138 174 964 224 182 740 718 46 156 57 99 44 693 60 55 633 302 331 282 109 173 134 46 88 47 264 55 209
is_linear=0
shrinkage=0.05


Tree=191
num_leaves=31
num_cat=0
split_feature=7 4 4 11 7 5 14 12 7 8 14 1 4 2 8 7 11 1 5 7 11 11 5 12 3 5 12 12 6 7
split_gain=0.0343753 0.130922 0.361829 0.24626 0.226744 0.246024 0.239877 0.250892 0.234705 0.251778 0.342834 0.445438 0.272913 0.444353 0.211734 0.227273 0.376138 0.213655 0.202405 0.243439 0.195854 0.229286 0.192939 0.213019 0.18526 0.184571 0.176423 0.174756 0.17074 0.328008
threshold=0.091435549506555566 0.20455940954875232 0.18911627593982736 1.0314029826796285 0.06439615995251223 38.110648907164716 -0.6966392870143695 0.3041257156200376 0.067743178039989652 0.13252210935239481 1.4128328562258288 0.0095623668935094237 0.22255851607187929 0.053883884015466406 0.58492459754937742 0.080877174146508204 -0.27120045479846916 0.0095623668935094237 60.610368536502939 0.083148942569182566 0.82220455770398648 0.58855786969251966 56.300230752228295 -0.34007484342541955 0.16142157293365803 54.554443667213718 0.29813988387558377 0.23480472433944896 0.026334807375363801 0.080877174146508204
decision_type=2 2 2 2 2 2 2 2 2 2 2 2 2 2 2 2 2 2 2 2 2 2 2 2 2 2 2 2 2 2
left_child=1 2 14 18 20 -6 7 -7 -8 12 11 25 13 -10 15 -1 -17 -18 19 22 21 -3 23 -4 -16 -11 -22 -25 29 -14
right_child=-2 4 3 -5 5 6 8 -9 9 10 -12 -13 28 -15 24 16 17 -19 -20 -21 26 -23 -24 27 -26 -27 -28 -29 -30 -31
leaf_value=-2.5111231302111671e-05 9.2444383377700813e-05 0.0017048110689834824 0.00036457513713023882 0.0013284383966636502 -0.0054750501399948486 0.0076807772135362024 -0.0035056115507020378 0.00040134728629270507 -0.0012454953456120888 -0.0050964632116985032 -0.0057609477662481368 0.0029519495965736309 0.0010607521603210794 0.0066574074530407132 0.00024716660166935377 -0.0083069368815896199 0.0022660654081846586 -0.0028232398254250915 -0.0078429964277893314 0.0022526815938560861 0.0064969809885535926 -0.0039089630273255434 0.0012376760615734385 -0.0073612137750670732 0.0043546811930161525 0.0006678278158817973 0.0010595766576723411 -0.0030862682968790089 0.001614768720520217 -0.0050506404895139375
leaf_weight=720 3507 105 22 38 21 20 51 29 29 41 36 58 52 46 66 22 32 58 20 23 35 22 20 45 47 21 26 51 84 38
leaf_count=720 3507 105 22 38 21 20 51 29 29 41 36 58 52 46 66 22 32 58 20 23 35 22 20 45 47 21 26 51 84 38
internal_value=-4.01438e-12 -0.000172632 -0.000499597 -0.00233081 0.000360404 -0.000172286 4.82248e-05 0.00337254 -0.000308994 9.35434e-05 -0.00148148 -0.000197646 0.00108031 0.00360162 -7.52206e-05 -0.000351041 -0.00244631 -0.00101371 -0.00309905 -0.00250974 0.0018508 0.000732346 -0.00330348 -0.00407317 0.0019556 -0.00314404 0.0041794 -0.00509015 -6.46353e-06 -0.00151961
internal_weight=5385 1878 1164 219 714 526 505 49 456 405 156 120 249 75 945 832 112 90 181 161 188 127 138 118 113 62 61 96 174 90
internal_count=5385 1878 1164 219 714 526 505 49 456 405 156 120 249 75 945 832 112 90 181 161 188 127 138 118 113 62 61 96 174 90
is_linear=0
shrinkage=0.05


Tree=192
num_leaves=31
num_cat=0
split_feature=10 10 1 6 6 6 14 1 9 3 2 9 10 2 0 7 5 1 1 8 7 3 1 10 10 7 7 12 12 9
split_gain=0.0353319 0.195219 0.267606 0.214178 0.179342 0.207588 0.204241 0.154649 0.123047 0.293326 0.325305 0.21696 0.197655 0.158838 0.122343 0.317493 0.23662 0.219544 0.177661 0.257371 0.317926 0.312771 0.212759 0.175523 0.175197 0.319889 0.334005 0.210335 0.17628 0.313121
threshold=-0.60706591376043928 -0.5734149920168643 0.015431556381686253 0.023056086655885741 0.017067287916438554 0.015498966418826594 1.9976429444385373 0.080815788314897677 0.66454212551313974 0.053217914654758121 0.25675145405351502 0.71007059604023526 -0.80600123135823509 0.11147535168888158 0.2029621693351136 0.29847927193297769 65.395442584442236 0.27541658705362076 0.11327996271835673 -0.47721762191802813 0.10680489868787042 0.33292808582925731 0.074273539546038672 -1.0470122026273965 -0.80600123135823509 0.1263855683743785 0.10875909564494933 -0.48578104632524377 -0.063264620276110212 1.2233763721532311
decision_type=2 2 2 2 2 2 2 2 2 2 2 2 2 2 2 2 2 2 2 2 2 2 2 2 2 2 2 2 2 2
left_child=4 2 -2 -4 5 7 -7 -1 9 12 13 -10 -6 -11 16 -16 18 -18 22 -20 -21 -22 24 -24 28 26 27 -26 -13 -30
right_child=1 -3 3 -5 8 6 -8 -9 11 10 -12 14 -14 -15 15 -17 17 -19 19 20 21 -23 23 -25 25 -27 -28 -29 29 -31
leaf_value=-0.0022418032724609866 -0.0014356228579156874 1.662429638299137e-05 0.0016518556730200848 0.0079181135063990955 -0.0054847891664221177 -0.0018175826990045607 -0.0085383449099026617 0.0031856161098749863 -0.0041848884320215265 0.0019570076904658761 -0.001983141456730664 -0.00030836776439354302 0.0011574535310501233 0.0069200485531167172 0.0062367809076721856 -0.0010141660967039772 -0.0010109435485598321 -0.0074438524432480337 -0.00075196690579696778 -0.0018685643915086984 0.0098199491788234037 0.0026286462852213948 -0.0072562267282046374 -0.0011233534868162159 -0.0054309204987172659 0.0010593621543823527 -0.0089041495357047428 0.00051827247430665945 0.0053847056982869457 -0.000321500341161945
leaf_weight=35 29 4222 30 25 21 26 20 21 34 28 24 211 24 38 26 36 36 21 83 25 21 54 20 28 24 65 22 39 44 53
leaf_count=35 29 4222 30 25 21 26 20 21 34 28 24 211 24 38 26 36 36 21 83 25 21 54 20 28 24 65 22 39 44 53
internal_value=-3.37234e-12 6.41113e-05 0.0024509 0.00450015 -0.000255851 -0.00225087 -0.00473965 -0.000206521 -4.75681e-05 0.00135379 0.00300181 -0.000272251 -0.00194226 0.00481452 -0.00010761 0.00202655 -0.00028498 -0.00338096 -2.88538e-05 0.00130622 0.00301452 0.00464221 -0.000511697 -0.00367872 -0.000179782 -0.00158108 -0.00360024 -0.00174809 0.000502669 0.00226688
internal_weight=5385 4306 84 55 1079 102 46 56 977 135 90 842 45 66 808 62 746 57 689 183 100 75 506 48 458 150 85 63 308 97
internal_count=5385 4306 84 55 1079 102 46 56 977 135 90 842 45 66 808 62 746 57 689 183 100 75 506 48 458 150 85 63 308 97
is_linear=0
shrinkage=0.05


Tree=193
num_leaves=31
num_cat=0
split_feature=2 14 7 8 11 0 8 12 7 8 14 8 11 11 10 12 14 2 7 0 13 13 7 1 8 2 13 10 13 7
split_gain=0.0361232 0.0627022 0.278186 0.270232 0.184247 0.167064 0.114709 0.102112 0.0772051 0.144867 0.0763582 0.257628 0.353465 0.294902 0.223115 0.126243 0.187396 0.0844553 0.213635 0.383593 0.233843 0.431511 0.216485 0.253366 0.35129 0.210481 0.266168 0.225303 0.239484 0.161665
threshold=1.7049724329315799 3.5359077574481144 0.16728898241176723 0.15231427508715403 0.50511526789489747 0.12638671186607356 -0.1544334504542485 -0.23614094807307232 0.2226437492281074 2.2540214969166561 2.9654360182959274 0.2130954089284918 -0.058887772777599261 0.28267343953054763 0.24357046569557858 0.12035584026678915 3.1841613666093882 0.39169868010079351 0.15958613887606174 0.09688433269240361 -0.66719112158632798 0.23406082875083314 0.21758018857849318 0.19236259845485851 0.055993327195529553 0.32129235467822298 -1.1550350254782324 0.30589393608949322 -0.36756429648077898 0.2545092882167061
decision_type=2 2 2 2 2 2 2 2 2 2 2 2 2 2 2 2 2 2 2 2 2 2 2 2 2 2 2 2 2 2
left_child=1 10 3 4 6 -4 7 -3 -7 -10 17 12 -12 -14 -13 16 -15 25 19 20 -19 -22 23 -20 -25 -1 -27 28 -28 -24
right_child=-2 2 5 -5 -6 8 -8 -9 9 -11 11 14 13 15 -16 -17 -18 18 22 -21 21 -23 29 24 -26 26 27 -29 -30 -31
leaf_value=2.2624100362713554e-05 -0.0020696899920169798 0.0031180128404230349 0.0054173587799213191 -0.0044531802029814573 -0.0030784736573696136 -0.0013499052263796331 0.0050134518937695596 -0.0012261271596916261 0.0052243479995840144 -0.00065532171574886897 0.0049925535098619515 -0.0055236874189351212 -0.0063860155375940466 -0.0014632069882715034 0.00036756377294659616 -0.0027601850662557856 0.0050696433278853486 -0.0026679347298340875 -0.0065902908612042663 0.0076917752690720742 0.0068511225621808655 -0.00035679622087627651 0.0046775018951545162 0.0045859524009574677 -0.0044746680772336928 0.0036625889642164112 -0.00020148075350067196 0.00059159432949368351 -0.0052603266608784909 -0.00018977163422663335
leaf_weight=4471 21 24 38 35 25 20 21 31 22 20 31 45 21 21 25 21 23 32 25 26 33 56 24 20 23 20 34 43 75 59
leaf_count=4471 21 24 38 35 25 20 21 31 22 20 31 45 21 21 25 21 23 32 25 26 33 56 24 20 23 20 34 43 75 59
internal_value=-1.15551e-13 8.10281e-06 0.000804968 -0.000667046 0.00064498 0.00280691 0.0018698 0.000669498 0.00120695 0.00242451 -2.85704e-05 -0.00102034 0.000415157 -0.00123483 -0.00341967 0.000429393 0.00195169 8.96468e-06 0.000824922 0.00218176 0.00099779 0.0023158 -0.000495974 -0.00258758 -0.000260426 -4.34056e-05 -0.00175979 -0.00247327 -0.00368234 0.00121763
internal_weight=5385 5364 236 136 101 100 76 55 62 42 5128 187 117 86 70 65 44 4941 298 147 121 89 151 68 43 4643 172 152 109 83
internal_count=5385 5364 236 136 101 100 76 55 62 42 5128 187 117 86 70 65 44 4941 298 147 121 89 151 68 43 4643 172 152 109 83
is_linear=0
shrinkage=0.05


Tree=194
num_leaves=31
num_cat=0
split_feature=5 2 3 4 5 12 4 0 13 13 9 2 6 10 7 5 7 5 6 10 10 12 5 12 2 5 10 5 13 13
split_gain=0.0346921 0.0352773 0.094603 0.0408252 0.172919 0.242154 0.208159 0.16698 0.164232 0.242524 0.158445 0.269931 0.269062 0.348951 0.262361 0.243818 0.235543 0.15791 0.120591 0.105496 0.101137 0.112114 0.233836 0.11646 0.224961 0.36767 0.193783 0.182857 0.160916 0.0787445
threshold=82.425215059992112 1.7049724329315799 2.6845325874711881 0.4125272190412837 60.092321061564306 1.4506074276405139 0.43299123711800841 -0.22620884606256367 0.95869300787138201 -0.13712423354731776 2.0201836482695299 0.024947445998862231 0.041382482271708626 1.0780484966328261 0.20658023208015211 54.299088550056133 0.18234805354456776 48.156934184817167 0.048469864127497229 -0.41952892411129117 -2.2409912404585275 -2.0022627460437383 53.329504984178733 -1.3427867011817669 -0.082252567562290865 55.686702876545091 -0.72210998692958361 46.994968959702689 0.25922609955438047 -2.6141283894273584
decision_type=2 2 2 2 2 2 2 2 2 2 2 2 2 2 2 2 2 2 2 2 2 2 2 2 2 2 2 2 2 2
left_child=1 2 3 18 5 6 19 -8 9 -6 11 12 -9 14 -14 16 -13 -16 20 -5 -1 22 -22 24 -23 26 -26 -28 -27 -25
right_child=-2 -3 -4 4 8 -7 7 10 -10 -11 -12 15 13 -15 17 -17 -18 -19 -20 -21 21 23 -24 29 25 28 27 -29 -30 -31
leaf_value=-0.0030440573925497355 0.0020282767713069917 -0.0021039408445358279 0.0030684610011521727 0.00073501462095671084 -0.0036989593047749357 -0.0044968763532649194 -0.00295441238489002 -0.0048473267233930528 -0.0065174884884618232 0.0030284980644604991 -0.0011941633792594076 0.0066406120568336478 0.0070812996185850357 -0.0033789867949154647 -0.0018698206559444469 0.0084034306928515434 1.0683985326338459e-05 0.0039278521759273568 0.0030870778085954954 -0.0034601844847202304 0.0045908502027343367 0.0020437322330508325 -0.0016355150416493417 0.0029022485716268423 -0.0070571543338398147 0.0037334615261190468 0.0010131247159417558 -0.0051643655780935667 -0.0017254105182709517 3.0679557831855824e-05
leaf_weight=27 21 20 25 22 37 28 25 20 20 21 50 21 28 27 24 24 37 23 32 47 38 40 25 24 36 27 23 25 27 4541
leaf_count=27 21 20 25 22 37 28 25 20 20 21 50 21 28 27 24 24 37 23 32 47 38 40 25 24 36 27 23 25 27 4541
internal_value=2.28797e-12 -7.94068e-06 -9.63666e-08 -1.4519e-05 -0.000467973 -2.35286e-05 0.000336396 0.000944531 -0.00261042 -0.00126316 0.00132829 0.00194653 0.000455427 0.00149518 0.00324988 0.00416501 0.00241118 0.000967338 2.77971e-05 -0.00212258 7.54119e-06 2.4685e-05 0.00212007 -3.14744e-06 -0.00125785 -0.00221484 -0.00428411 -0.00220432 0.00100403 4.57765e-05
internal_weight=5385 5364 5344 5319 454 376 348 279 78 58 254 204 122 102 75 82 58 47 4865 69 4833 4806 63 4743 178 138 84 48 54 4565
internal_count=5385 5364 5344 5319 454 376 348 279 78 58 254 204 122 102 75 82 58 47 4865 69 4833 4806 63 4743 178 138 84 48 54 4565
is_linear=0
shrinkage=0.05


Tree=195
num_leaves=31
num_cat=0
split_feature=6 2 4 5 10 13 13 6 4 3 1 2 8 4 13 3 2 4 4 5 0 0 0 5 0 5 3 4 0 11
split_gain=0.033551 0.127269 0.087114 0.17376 0.147999 0.120821 0.111816 0.065901 0.328339 0.221417 0.219585 0.191345 0.151335 0.150478 0.330657 0.205708 0.305761 0.0880722 0.185171 0.221623 0.372137 0.217515 0.2385 0.176516 0.213791 0.205098 0.1821 0.114098 0.274922 0.227448
threshold=0.012486142167803716 0.041071013558687482 0.13463427761245469 41.497296934180063 0.15762690563733608 0.51188100235627987 -0.02976306232456127 0.014682043306144815 0.15842548718171437 0.0565048102923651 0.023518949165395767 0.16168189314560402 0.13840003228017997 0.14929300640750862 0.059664507073522673 0.24000678398994782 0.049267781794636097 0.15842548718171437 0.1636228022749267 67.530384064191281 0.031615952967665402 -0.00063091033236084549 -0.035360170726125455 55.686702876545091 0.077992788711204311 42.285367774019853 0.20360901905764908 0.181001771428877 0.1157258335271988 1.0314029826796285
decision_type=2 2 2 2 2 2 2 2 2 2 2 2 2 2 2 2 2 2 2 2 2 2 2 2 2 2 2 2 2 2
left_child=1 -1 3 -2 5 6 -5 8 9 -4 -11 12 -12 14 -9 16 -16 23 19 20 21 22 -19 25 -25 -15 -27 28 29 -20
right_child=2 -3 7 4 -6 -7 -8 13 -10 10 11 -13 -14 17 15 -17 -18 18 27 -21 -22 -23 -24 24 -26 26 -28 -29 -30 -31
leaf_value=-0.0018817314584537047 0.002327864348060555 0.0027261912519502087 0.0058301785752048786 -0.0047573723687409338 0.00083721058598409102 -0.0062480082424978415 -0.00015550122003663673 -0.005543355614496156 -0.0047595100011676552 -0.0035449393474581564 0.0073761903141400719 -0.00060785811058142126 0.001505446342913353 -0.0012679041386581959 0.001637529184603516 0.0044679367449134587 -0.0057335302752714295 7.6265385723672813e-05 0.0015140441967362321 0.0028211446967907252 -0.0085144556694380629 0.0026798682541993913 -0.0068524673338169646 -0.0021975951175241229 0.0037798374946716993 0.0071060936101862496 0.00098662344906188084 -3.6508452067218488e-05 -0.0042726768627762797 -0.0025015685435694954
leaf_weight=23 27 43 29 22 30 24 33 39 21 22 21 36 23 20 34 20 24 27 368 20 23 24 23 52 21 31 20 4221 25 39
leaf_count=23 27 43 29 22 30 24 33 39 21 22 21 36 23 20 34 20 24 27 368 20 23 24 23 52 21 31 20 4221 25 39
internal_value=3.97827e-12 0.0011204 -1.39023e-05 -0.00126307 -0.00215257 -0.00328792 -0.00199625 1.88753e-05 0.0010446 0.00197503 0.000878958 0.00209553 0.00430739 -1.21145e-05 -0.00178428 9.52564e-05 -0.00141256 3.00799e-05 -6.6986e-06 -0.00197128 -0.00295941 -0.00123285 -0.00311095 0.00124837 -0.00047806 0.00302343 0.0047063 4.27011e-05 0.000816644 0.00112926
internal_weight=5385 66 5319 136 109 79 55 5183 152 131 102 80 44 5031 117 78 58 4914 4770 117 97 74 50 144 73 71 51 4653 432 407
internal_count=5385 66 5319 136 109 79 55 5183 152 131 102 80 44 5031 117 78 58 4914 4770 117 97 74 50 144 73 71 51 4653 432 407
is_linear=0
shrinkage=0.05


Tree=196
num_leaves=31
num_cat=0
split_feature=13 13 3 12 10 10 10 13 3 3 14 9 5 0 4 13 14 0 1 6 4 9 6 13 6 9 4 2 9 2
split_gain=0.0353657 0.183499 0.107364 0.236043 0.178556 0.216441 0.203166 0.250287 0.183359 0.173129 0.236364 0.21539 0.207712 0.18974 0.170813 0.161007 0.160091 0.173927 0.148079 0.270281 0.262382 0.314855 0.156315 0.337496 0.228659 0.26687 0.134599 0.211226 0.198233 0.124572
threshold=0.48470093385155544 0.49555270000771673 -0.015811605761959443 0.021739741214714312 1.2171925879236603 -0.029576449722254969 -0.15360913909773247 0.75797218861670246 -0.22681631012795658 0.012423548769085803 0.13960386709049591 1.0302904768163548 54.299088550056133 -0.043445548218150602 0.27202892371884541 1.3451406913215915 -0.56351590869096568 -0.040985263681629296 -0.043202136612791701 0.018391709180267956 0.23224349842443809 0.70398318149146955 0.020814905000984731 0.88042287342544867 0.030242595769088412 0.66976643824843263 0.24472161092744918 -0.15320798628253543 1.1649391885869098 -0.16846894618505756
decision_type=2 2 2 2 2 2 2 2 2 2 2 2 2 2 2 2 2 2 2 2 2 2 2 2 2 2 2 2 2 2
left_child=-1 -2 3 4 5 6 7 -3 15 12 11 -11 13 -4 -10 -7 -9 -18 19 -5 21 -21 23 -20 25 -24 -22 28 -28 -12
right_child=1 2 9 18 -6 8 -8 16 14 10 29 -13 -14 -15 -16 -17 17 -19 22 20 26 -23 24 -25 -26 -27 27 -29 -30 -31
leaf_value=9.1022026183565851e-05 -0.0048270016770055966 -0.0037891671711113304 0.0041161284947260615 -0.0047242077963539596 0.0049238883535422037 -0.0023638044297695161 0.005960494339732187 0.0053576077839049205 -0.00093233086939515741 -0.00038945224322378636 0.0039479938424414112 -0.0072582646893958255 0.0057708033452870261 -0.0020806276984512806 -0.006513511114490729 0.0039046355323599916 0.0035059000700712207 -0.0021850076094590896 -0.0040154411607692319 -0.001516125577230317 -0.0047608013264834881 0.0059194013281791873 -0.00096556368749588738 0.0038822339149191978 -0.00061700118924765037 -0.0079829592146866395 -0.0047425969744161259 0.0032492651759336391 0.0015491238684349118 5.8803241418016558e-05
leaf_weight=3579 21 25 21 33 21 20 21 24 29 25 21 21 29 30 26 21 25 29 31 24 22 35 20 24 34 42 31 27 21 1053
leaf_count=3579 21 25 21 33 21 20 21 24 29 25 21 21 29 30 26 21 25 29 31 24 22 35 20 24 34 42 31 27 21 1053
internal_value=3.07901e-12 -0.000180381 -0.000125715 -0.000681097 0.000518839 9.83566e-05 0.00147827 0.000564424 -0.00168404 0.000145034 -1.54752e-05 -0.00352521 0.00239216 0.000470978 -0.00357071 0.00084686 0.00195981 0.000449672 -0.00152175 -0.000604162 0.000245598 0.00289478 -0.00269456 -0.000569183 -0.00391223 -0.00571928 -0.00130194 -0.000338718 -0.00220171 0.000134849
internal_weight=5385 1806 1785 585 241 220 124 103 96 1200 1120 46 80 51 55 41 78 54 344 193 160 59 151 55 96 62 101 79 52 1074
internal_count=5385 1806 1785 585 241 220 124 103 96 1200 1120 46 80 51 55 41 78 54 344 193 160 59 151 55 96 62 101 79 52 1074
is_linear=0
shrinkage=0.05


Tree=197
num_leaves=31
num_cat=0
split_feature=8 8 13 13 13 8 5 5 7 4 1 9 7 9 14 13 1 13 3 9 9 7 4 6 0 1 4 9 6 7
split_gain=0.0330608 0.119737 0.278629 0.786458 0.336246 0.234377 0.252767 0.283082 0.24962 0.226944 0.222747 0.205338 0.37275 0.318489 0.194809 0.150169 0.142406 0.130691 0.226271 0.326042 0.268893 0.214521 0.148705 0.324988 0.386305 0.357728 0.214691 0.271217 0.181251 0.169955
threshold=-0.69863741419982606 -0.34846727058463162 0.42514815531857436 0.95869300787138201 0.32672487308161208 -0.66378669622189357 59.975215178913977 44.568675346167382 0.091918010045991663 0.24472161092744918 -0.036645587470084555 1.2233763721532311 0.12764494636230067 0.93234919712960052 0.58436929878039423 -0.15311282126588358 -0.0039787261583610891 1.0479956099236676 -0.23579057928422273 0.37868823544473212 0.44388566824867032 0.12350177597863791 0.4125272190412837 0.030672624180220022 -0.065206709893883316 0.038607951669866976 0.21801333984884022 0.82498489719524437 0.022796785573898654 0.052293588525240665
decision_type=2 2 2 2 2 2 2 2 2 2 2 2 2 2 2 2 2 2 2 2 2 2 2 2 2 2 2 2 2 2
left_child=-1 2 4 14 5 -2 7 8 -7 -5 -10 13 -13 15 -4 -9 -11 -3 21 -20 -21 -19 23 26 -25 -26 28 -28 29 -22
right_child=1 17 3 9 -6 6 -8 11 10 16 -12 12 -14 -15 -16 -17 -18 18 19 20 22 -23 -24 24 25 -27 27 -29 -30 -31
leaf_value=-0.00023933374391746362 0.0058381825411925091 8.8560663506809356e-05 -0.006029561959563735 -2.062494417519442e-05 0.0071675060921384459 -0.001654982802990292 0.0058826189191842626 -0.0045347269008597056 0.0020634280058099345 0.0022582669835537676 0.0082374829444147295 -0.0090604395809350535 9.7543206997215752e-05 0.0037947251370901037 -0.0016271684236859006 0.00094137647677035557 0.0079709385521709916 -0.00088389981286348524 0.0035394042449565059 -0.007065359503030777 0.0026506674699097251 0.0045002683839836235 -0.0037852705588710366 0.0079229643486905844 -0.0055609308835119012 0.0026289462111890316 0.0013305132413127772 -0.0046586624206713494 0.0039143403433263306 -0.001975167400871768
leaf_weight=1138 25 3232 47 35 26 28 22 31 48 20 21 20 25 36 54 21 24 37 34 21 24 37 51 20 20 40 24 89 20 115
leaf_count=1138 25 3232 47 35 26 28 22 31 48 20 21 20 25 36 54 21 24 37 34 21 24 37 51 20 20 40 24 89 20 115
internal_value=1.60959e-12 6.41304e-05 0.000805261 -0.000752836 0.00173086 0.00122057 0.000762468 0.000272715 0.00232672 0.00298413 0.00394249 -0.00122532 -0.00397267 0.000179574 -0.00367581 -0.00232322 0.00537427 -3.09722e-05 -0.000757157 -0.00117164 -0.00154942 0.00180818 -0.00126199 -0.000896396 0.00190498 -0.000101013 -0.00172033 -0.00338663 -0.00053611 -0.00117646
internal_weight=5385 4247 483 180 303 277 252 230 97 79 69 133 45 88 101 52 44 3764 532 458 424 74 403 352 80 60 272 113 159 139
internal_count=5385 4247 483 180 303 277 252 230 97 79 69 133 45 88 101 52 44 3764 532 458 424 74 403 352 80 60 272 113 159 139
is_linear=0
shrinkage=0.05


Tree=198
num_leaves=31
num_cat=0
split_feature=10 10 1 9 9 0 0 7 5 13 5 10 11 11 11 10 8 8 1 8 7 3 13 4 13 12 9 1 12 4
split_gain=0.0320064 0.171894 0.233148 0.142454 0.133024 0.157353 0.143186 0.23926 0.179773 0.295896 0.206407 0.167028 0.194359 0.4112 0.342472 0.291325 0.284643 0.236687 0.216535 0.243157 0.216524 0.212227 0.198225 0.165243 0.163835 0.230736 0.213453 0.24235 0.146778 0.185952
threshold=-0.60706591376043928 -0.5734149920168643 0.015431556381686253 1.0991974305315149 0.5201669344991523 -0.012512830562128872 0.2029621693351136 0.29847927193297769 65.395442584442236 -0.1994445225578487 64.504249394947294 -0.62338826215876819 0.14994920109079293 0.31892210474188071 0.38626956139198582 -0.86658799776968309 -0.73837819779107905 -0.38863420061550208 0.13393989551655963 0.29782090346873474 0.21758018857849318 0.20971380772467754 1.2683262878292376 0.4125272190412837 -0.19274363298831734 -1.6259136542742001 1.2982542001154183 -0.043202136612791701 -0.51193331754791671 0.2905371689934832
decision_type=2 2 2 2 2 2 2 2 2 2 2 2 2 2 2 2 2 2 2 2 2 2 2 2 2 2 2 2 2 2
left_child=4 2 -2 -4 5 -1 8 -8 10 -10 11 12 16 15 -15 -14 -6 -18 19 -19 22 -21 24 -22 25 -16 -26 -28 -27 -30
right_child=1 -3 3 -5 6 -7 7 -9 9 -11 -12 -13 13 14 20 -17 17 18 -20 21 23 -23 -24 -25 26 28 27 -29 29 -31
leaf_value=0.0048284911041803387 -0.0013269932079530353 1.645973367990438e-05 0.0018040259597533995 0.0069008971640589431 -0.0014766243833897485 0.00012372789026882786 0.0051489617683303859 -0.00089699304597969695 -0.0054717442418104447 0.00040828684752341359 0.0046815068926662207 -0.0040007807801885065 -0.001549900900995867 0.0060841424812679186 0.0047111147194213816 -0.0085530874388361419 0.0074076077528297899 -0.0023316448787227273 0.005310495819919327 0.0066967440675944102 0.0057241221916311509 -0.0005872700456529856 0.0039192853635177018 0.00016284404349896839 -0.00086763020719998806 -0.0030375421400768341 -0.0013375568407354877 -0.0068484272514026433 0.00090833455785759736 -0.0030462838739204485
leaf_weight=27 29 4222 29 26 74 52 30 36 46 40 20 32 33 20 21 27 20 44 28 20 22 20 20 34 115 54 38 42 125 39
leaf_count=27 29 4222 29 26 74 52 30 36 46 40 20 32 33 20 21 27 20 44 28 20 22 20 20 34 115 54 38 42 125 39
internal_value=-5.17799e-12 6.10196e-05 0.00230068 0.00421346 -0.000243513 0.00173168 -0.000399553 0.00185117 -0.000558598 -0.00273685 -0.000337691 -0.000458927 -0.000316541 -0.000778203 -0.000334075 -0.00470133 0.00100569 0.0023973 0.0015026 0.000233299 -0.00058577 0.00305474 -0.000947599 0.00234763 -0.00117188 -0.000294381 -0.00224738 -0.00423076 -0.000776562 -3.2093e-05
internal_weight=5385 4306 84 55 1079 79 1000 66 934 86 848 828 796 590 530 60 206 132 112 84 510 40 454 56 434 239 195 80 218 164
internal_count=5385 4306 84 55 1079 79 1000 66 934 86 848 828 796 590 530 60 206 132 112 84 510 40 454 56 434 239 195 80 218 164
is_linear=0
shrinkage=0.05


Tree=199
num_leaves=31
num_cat=0
split_feature=12 6 2 8 2 7 7 5 0 5 5 2 13 5 12 6 12 9 7 8 11 8 1 9 0 8 7 9 1 5
split_gain=0.0316476 0.1662 0.278016 0.265258 0.237238 0.266171 0.388281 0.2196 0.218196 0.404044 0.417256 0.3971 0.265691 0.264844 0.225321 0.225036 0.199623 0.359883 0.396741 0.437736 0.394984 0.309021 0.380403 0.243439 0.219273 0.456835 0.217037 0.204508 0.195362 0.194035
threshold=0.38276100862905998 0.018565504819178246 -0.062220701044717712 1.2975963219418611 0.20766650653712473 0.11755659562162765 0.1414672723403417 66.914822566583794 -0.031744478824000492 48.885207975006118 51.663728210914819 -0.19072806357696995 -0.60062048524264922 43.323909022202763 0.86989656513407287 0.027721900056465517 0.55215393892743192 1.6549164614578384 0.16728898241176723 0.31474049885561822 0.20200981152747391 0.037303828528368187 0.087238373052935261 0.85673699645293844 0.025224257021112754 -0.53888712660017046 0.077958038473101607 0.88197486355250965 0.075940075347957561 69.046337770619715
decision_type=2 2 2 2 2 2 2 2 2 2 2 2 2 2 2 2 2 2 2 2 2 2 2 2 2 2 2 2 2 2
left_child=-1 4 8 16 5 -2 -7 28 13 11 -11 -10 -12 -3 -14 -13 -4 18 19 21 -21 24 -23 -22 26 -26 -18 -28 -5 -6
right_child=1 2 3 7 29 6 -8 -9 9 10 12 15 14 -15 -16 -17 17 -19 -20 20 23 22 -24 -25 25 -27 27 -29 -30 -31
leaf_value=8.3108586041662346e-05 -0.0003689849596174893 0.00034036168362945319 -0.0021040487064211697 -0.0027865096391178671 0.005117454716431288 0.008307211316676567 -0.00061126373072441383 -0.00039551438065245749 -0.00067406228968295559 -0.0048444441351706965 -0.002330144438892603 0.0036806702524807087 0.0051222386478912089 -0.0035894241290199652 5.6877206915464163e-06 0.0097337032668292529 -0.0043813068802289008 0.0031040804344229403 -0.0036438664597981093 -0.00038748007657862197 0.0029780832163634756 -0.0012454033801623157 -0.0096908490173518661 0.010685914466157556 -0.0030581003631761469 0.0060872688123102614 -0.0030325649546064214 0.0018132194702047855 -0.0081764701364465588 -0.00011996052760098662
leaf_weight=3663 337 173 181 40 48 23 26 40 29 35 35 34 48 57 39 28 36 72 91 37 21 40 20 20 22 36 33 64 29 28
leaf_count=3663 337 173 181 40 48 23 26 40 29 35 35 34 48 57 39 28 36 72 91 37 21 40 20 20 22 36 33 64 29 28
internal_value=2.84587e-12 -0.000176787 -0.000474231 -0.0010549 0.000634424 0.000131671 0.00357496 -0.00334311 0.000475738 0.00150451 -3.1983e-05 0.00415537 0.00134864 -0.000633542 0.00282861 0.0064143 -0.000684301 -0.000161996 -0.000721895 8.631e-05 0.00335797 -0.00093038 -0.00406055 0.006738 5.29205e-05 0.00261834 -0.00106583 0.000164654 -0.00505186 0.00318788
internal_weight=5385 1722 1260 782 462 386 49 109 478 248 157 91 122 230 87 62 673 492 420 329 78 251 60 41 191 58 133 97 69 76
internal_count=5385 1722 1260 782 462 386 49 109 478 248 157 91 122 230 87 62 673 492 420 329 78 251 60 41 191 58 133 97 69 76
is_linear=0
shrinkage=0.05


end of trees

feature_importances:
beta_cma=475
beta_rmw=471
macd_hist=428
gk_vol=427
atr_norm=411
beta_mkt=410
bb_width=405
return_6m=403
return_1m=397
return_3m=382
rsi=382
beta_hml=374
beta_smb=359
return_12m=351
mom_vol_scaled=325

parameters:
[boosting: gbdt]
[objective: regression]
[metric: l2]
[tree_learner: serial]
[device_type: cpu]
[data_sample_strategy: bagging]
[data: ]
[valid: ]
[num_iterations: 200]
[learning_rate: 0.05]
[num_leaves: 31]
[num_threads: 2]
[seed: 0]
[deterministic: 0]
[force_col_wise: 0]
[force_row_wise: 0]
[histogram_pool_size: -1]
[max_depth: -1]
[min_data_in_leaf: 20]
[min_sum_hessian_in_leaf: 0.001]
[bagging_fraction: 0.8]
[pos_bagging_fraction: 1]
[neg_bagging_fraction: 1]
[bagging_freq: 0]
[bagging_seed: 7719]
[bagging_by_query: 0]
[feature_fraction: 0.8]
[feature_fraction_bynode: 1]
[feature_fraction_seed: 2437]
[extra_trees: 0]
[extra_seed: 11797]
[early_stopping_round: 0]
[early_stopping_min_delta: 0]
[first_metric_only: 0]
[max_delta_step: 0]
[lambda_l1: 0]
[lambda_l2: 0]
[linear_lambda: 0]
[min_gain_to_split: 0]
[drop_rate: 0.1]
[max_drop: 50]
[skip_drop: 0.5]
[xgboost_dart_mode: 0]
[uniform_drop: 0]
[drop_seed: 21238]
[top_rate: 0.2]
[other_rate: 0.1]
[min_data_per_group: 100]
[max_cat_threshold: 32]
[cat_l2: 10]
[cat_smooth: 10]
[max_cat_to_onehot: 4]
[top_k: 20]
[monotone_constraints: ]
[monotone_constraints_method: basic]
[monotone_penalty: 0]
[feature_contri: ]
[forcedsplits_filename: ]
[refit_decay_rate: 0.9]
[cegb_tradeoff: 1]
[cegb_penalty_split: 0]
[cegb_penalty_feature_lazy: ]
[cegb_penalty_feature_coupled: ]
[path_smooth: 0]
[interaction_constraints: ]
[verbosity: -1]
[saved_feature_importance_type: 0]
[use_quantized_grad: 0]
[num_grad_quant_bins: 4]
[quant_train_renew_leaf: 0]
[stochastic_rounding: 1]
[linear_tree: 0]
[max_bin: 255]
[max_bin_by_feature: ]
[min_data_in_bin: 3]
[bin_construct_sample_cnt: 200000]
[data_random_seed: 38]
[is_enable_sparse: 1]
[enable_bundle: 1]
[use_missing: 1]
[zero_as_missing: 0]
[feature_pre_filter: 1]
[pre_partition: 0]
[two_round: 0]
[header: 0]
[label_column: ]
[weight_column: ]
[group_column: ]
[ignore_column: ]
[categorical_feature: ]
[forcedbins_filename: ]
[precise_float_parser: 0]
[parser_config_file: ]
[objective_seed: 8855]
[num_class: 1]
[is_unbalance: 0]
[scale_pos_weight: 1]
[sigmoid: 1]
[boost_from_average: 1]
[reg_sqrt: 0]
[alpha: 0.9]
[fair_c: 1]
[poisson_max_delta_step: 0.7]
[tweedie_variance_power: 1.5]
[lambdarank_truncation_level: 30]
[lambdarank_norm: 1]
[label_gain: ]
[lambdarank_position_bias_regularization: 0]
[eval_at: ]
[multi_error_top_k: 1]
[auc_mu_weights: ]
[num_machines: 1]
[local_listen_port: 12400]
[time_out: 120]
[machine_list_filename: ]
[machines: ]
[gpu_platform_id: -1]
[gpu_device_id: -1]
[gpu_device_id_list: ]
[gpu_use_dp: 0]
[num_gpu: 1]

end of parameters

pandas_categorical:[]
