{
  "cagr_p05": 0.07523009042739237,
  "cagr_p50": 0.11425786861746656,
  "cagr_p95": 0.15318934378062138,
  "champion_cagr_percentile": 0.072
}