{
  "cagr_p05": 0.05482272028525305,
  "cagr_p50": 0.09792313602739255,
  "cagr_p95": 0.14249790297912868,
  "champion_cagr_percentile": 1.0
}