{
  "cagr_p05": 0.05571220727157322,
  "cagr_p50": 0.0974588217994441,
  "cagr_p95": 0.14074120935566192,
  "champion_cagr_percentile": 1.0
}